{"kind": "reference", "at": 1791441675.2316477}
{"kind": "test", "reg": "0x00", "original": "0x1207", "value": "0x1206", "mask": "0x0001", "relatch": true, "readback": "0x1206", "result": "ok", "changes": {}, "at": 1791441677.9494574}
{"kind": "test", "reg": "0x00", "original": "0x1207", "value": "0x1205", "mask": "0x0002", "relatch": true, "readback": "0x1205", "result": "ok", "changes": {}, "at": 1791441680.1950793}
{"kind": "test", "reg": "0x00", "original": "0x1207", "value": "0x1203", "mask": "0x0004", "relatch": true, "readback": "0x1203", "result": "ok", "changes": {}, "at": 1791441682.5233402}
{"kind": "test", "reg": "0x00", "original": "0x1207", "value": "0x120F", "mask": "0x0008", "relatch": true, "readback": "0x120F", "result": "ok", "changes": {}, "at": 1791441684.8609056}
{"kind": "test", "reg": "0x00", "original": "0x1207", "value": "0x1217", "mask": "0x0010", "relatch": true, "readback": "0x1217", "result": "ok", "changes": {}, "at": 1791441687.3573184}
{"kind": "test", "reg": "0x00", "original": "0x1207", "value": "0x1227", "mask": "0x0020", "relatch": true, "readback": "0x1227", "result": "ok", "changes": {}, "at": 1791441689.6508145}
{"kind": "test", "reg": "0x00", "original": "0x1207", "value": "0x1247", "mask": "0x0040", "relatch": true, "readback": "0x1247", "result": "ok", "changes": {}, "at": 1791441691.8453577}
{"kind": "test", "reg": "0x00", "original": "0x1207", "value": "0x1287", "mask": "0x0080", "relatch": true, "readback": "0x1287", "result": "ok", "changes": {}, "at": 1791441694.2928524}
{"kind": "test", "reg": "0x00", "original": "0x1207", "value": "0x1307", "mask": "0x0100", "relatch": true, "readback": "0x1307", "result": "ok", "changes": {}, "at": 1791441696.6255941}
{"kind": "test", "reg": "0x00", "original": "0x1207", "value": "0x1007", "mask": "0x0200", "relatch": true, "readback": "0x1007", "result": "ok", "changes": {}, "at": 1791441698.7026072}
{"kind": "test", "reg": "0x00", "original": "0x1207", "value": "0x1607", "mask": "0x0400", "relatch": true, "readback": "0x1607", "result": "ok", "changes": {}, "at": 1791441701.017898}
{"kind": "test", "reg": "0x00", "original": "0x1207", "value": "0x1A07", "mask": "0x0800", "relatch": true, "readback": "0x1A07", "result": "ok", "changes": {}, "at": 1791441703.2120078}
{"kind": "test", "reg": "0x00", "original": "0x1207", "value": "0x0207", "mask": "0x1000", "relatch": true, "readback": "0x0207", "result": "ok", "changes": {}, "at": 1791441705.5237064}
{"kind": "test", "reg": "0x00", "original": "0x1207", "value": "0x3207", "mask": "0x2000", "relatch": true, "readback": "0x3207", "result": "ok", "changes": {}, "at": 1791441707.8968256}
{"kind": "test", "reg": "0x00", "original": "0x1207", "value": "0x5207", "mask": "0x4000", "relatch": true, "readback": "0x5207", "result": "ok", "changes": {}, "at": 1791441710.3401687}
{"kind": "test", "reg": "0x00", "original": "0x1207", "value": "0x9207", "mask": "0x8000", "relatch": true, "result": "write failed", "detail": null, "recovered_by_reinit": true, "after_recovery": "stream ok", "at": 1791441714.5417356}
{"kind": "test", "reg": "0x01", "original": "0x8222", "value": "0x8223", "mask": "0x0001", "relatch": true, "readback": "0x8223", "result": "stream stopped", "recovered_by_reinit": true, "after_recovery": "stream ok", "at": 1791441725.5003164}
{"kind": "test", "reg": "0x01", "original": "0x8222", "value": "0x8220", "mask": "0x0002", "relatch": true, "readback": "0x8220", "result": "stream stopped", "recovered_by_reinit": true, "after_recovery": "stream ok", "at": 1791441736.6873062}
{"kind": "test", "reg": "0x01", "original": "0x8222", "value": "0x8226", "mask": "0x0004", "relatch": true, "readback": "0x8226", "result": "stream stopped", "recovered_by_reinit": true, "after_recovery": "stream ok", "at": 1791441747.6766226}
{"kind": "test", "reg": "0x01", "original": "0x8222", "value": "0x822A", "mask": "0x0008", "relatch": true, "readback": "0x822A", "result": "stream stopped", "recovered_by_reinit": true, "after_recovery": "stream ok", "at": 1791441758.7004135}
{"kind": "test", "reg": "0x01", "original": "0x8222", "value": "0x8232", "mask": "0x0010", "relatch": true, "readback": "0x8232", "result": "stream stopped", "recovered_by_reinit": true, "after_recovery": "stream ok", "at": 1791441769.8032236}
{"kind": "test", "reg": "0x01", "original": "0x8222", "value": "0x8202", "mask": "0x0020", "relatch": true, "readback": "0x8202", "result": "ok", "changes": {}, "at": 1791441772.2186666}
{"kind": "test", "reg": "0x01", "original": "0x8222", "value": "0x8262", "mask": "0x0040", "relatch": true, "readback": "0x8262", "result": "ok", "changes": {}, "at": 1791441774.6377385}
{"kind": "test", "reg": "0x01", "original": "0x8222", "value": "0x82A2", "mask": "0x0080", "relatch": true, "readback": "0x82A2", "result": "ok", "changes": {}, "at": 1791441776.9726954}
{"kind": "test", "reg": "0x01", "original": "0x8222", "value": "0x8322", "mask": "0x0100", "relatch": true, "readback": "0x8322", "result": "ok", "changes": {}, "at": 1791441779.157247}
{"kind": "test", "reg": "0x01", "original": "0x8222", "value": "0x8022", "mask": "0x0200", "relatch": true, "readback": "0x8022", "result": "ok", "changes": {}, "at": 1791441781.5971913}
{"kind": "test", "reg": "0x01", "original": "0x8222", "value": "0x8622", "mask": "0x0400", "relatch": true, "readback": "0x8622", "result": "ok", "changes": {}, "at": 1791441783.9198096}
{"kind": "test", "reg": "0x01", "original": "0x8222", "value": "0x8A22", "mask": "0x0800", "relatch": true, "readback": "0x8A22", "result": "ok", "changes": {}, "at": 1791441786.196692}
{"kind": "test", "reg": "0x01", "original": "0x8222", "value": "0x9222", "mask": "0x1000", "relatch": true, "readback": "0x9222", "result": "ok", "changes": {}, "at": 1791441788.5232284}
{"kind": "test", "reg": "0x01", "original": "0x8222", "value": "0xA222", "mask": "0x2000", "relatch": true, "result": "write failed", "detail": null, "recovered_by_reinit": true, "after_recovery": "stream ok", "at": 1791441792.6626234}
{"kind": "test", "reg": "0x01", "original": "0x8222", "value": "0xC222", "mask": "0x4000", "relatch": true, "readback": "0xC222", "result": "ok", "changes": {}, "at": 1791441794.7862673}
{"kind": "test", "reg": "0x01", "original": "0x8222", "value": "0x0222", "mask": "0x8000", "relatch": true, "readback": "0x0222", "result": "stream stopped", "recovered_by_reinit": true, "after_recovery": "stream ok", "at": 1791441805.9977481}
{"kind": "test", "reg": "0x02", "original": "0x103C", "value": "0x103D", "mask": "0x0001", "relatch": true, "readback": "0x103D", "result": "ok", "changes": {}, "at": 1791441808.6610017}
{"kind": "test", "reg": "0x02", "original": "0x103C", "value": "0x103E", "mask": "0x0002", "relatch": true, "readback": "0x103E", "result": "ok", "changes": {}, "at": 1791441811.259107}
{"kind": "test", "reg": "0x02", "original": "0x103C", "value": "0x1038", "mask": "0x0004", "relatch": true, "readback": "0x1038", "result": "ok", "changes": {}, "at": 1791441813.5285997}
{"kind": "test", "reg": "0x02", "original": "0x103C", "value": "0x1034", "mask": "0x0008", "relatch": true, "readback": "0x1034", "result": "ok", "changes": {}, "at": 1791441816.0389602}
{"kind": "test", "reg": "0x02", "original": "0x103C", "value": "0x102C", "mask": "0x0010", "relatch": true, "readback": "0x102C", "result": "ok", "changes": {}, "at": 1791441818.3607357}
{"kind": "test", "reg": "0x02", "original": "0x103C", "value": "0x101C", "mask": "0x0020", "relatch": true, "readback": "0x101C", "result": "ok", "changes": {}, "at": 1791441820.6164253}
{"kind": "test", "reg": "0x02", "original": "0x103C", "value": "0x107C", "mask": "0x0040", "relatch": true, "readback": "0x107C", "result": "ok", "changes": {"rx1.refl_db": -0.71, "rx2.ac_q_db": 0.52, "rx2.image_db": 0.99}, "at": 1791441822.7971458}
{"kind": "test", "reg": "0x02", "original": "0x103C", "value": "0x10BC", "mask": "0x0080", "relatch": true, "readback": "0x10BC", "result": "ok", "changes": {"rx2.ac_q_db": 0.64, "rx2.image_db": 1.45, "rx2.image_deg": 11.9}, "at": 1791441825.1378388}
{"kind": "test", "reg": "0x02", "original": "0x103C", "value": "0x113C", "mask": "0x0100", "relatch": true, "readback": "0x113C", "result": "ok", "changes": {"rx1.dc_q": 209.7, "rx1.ac_i_db": 1.66, "rx1.ac_q_db": -0.81, "rx1.image_deg": -4.3, "rx1.refl_db": 3.66, "rx2.dc_i": -176.3, "rx2.ac_i_db": -0.93, "rx2.ac_q_db": 0.52, "rx2.image_deg": 24.8, "rx2.refl_db": -0.74}, "at": 1791441827.604917}
{"kind": "test", "reg": "0x02", "original": "0x103C", "value": "0x123C", "mask": "0x0200", "relatch": true, "result": "write failed", "detail": null, "recovered_by_reinit": true, "after_recovery": "stream ok", "at": 1791441831.6347296}
{"kind": "test", "reg": "0x02", "original": "0x103C", "value": "0x143C", "mask": "0x0400", "relatch": true, "readback": "0x143C", "result": "ok", "changes": {}, "at": 1791441833.7286527}
{"kind": "test", "reg": "0x02", "original": "0x103C", "value": "0x183C", "mask": "0x0800", "relatch": true, "readback": "0x183C", "result": "ok", "changes": {}, "at": 1791441836.0125117}
{"kind": "test", "reg": "0x02", "original": "0x103C", "value": "0x003C", "mask": "0x1000", "relatch": true, "readback": "0x003C", "result": "ok", "changes": {"rx1.dc_q": -225.8, "rx1.ac_i_db": -2.16, "rx1.ac_q_db": -2.4, "rx1.image_db": 1.94, "rx1.refl_db": -7.26, "rx1.noise_db": 6.68, "rx2.dc_i": 446.9, "rx2.ac_i_db": -6.62, "rx2.ac_q_db": 0.54, "rx2.image_db": 7.66, "rx2.image_deg": -10.5, "rx2.refl_db": -12.78, "rx2.noise_db": -1.7}, "at": 1791441838.4682178}
{"kind": "test", "reg": "0x02", "original": "0x103C", "value": "0x303C", "mask": "0x2000", "relatch": true, "readback": "0x303C", "result": "stream stopped", "recovered_by_reinit": true, "after_recovery": "stream ok", "at": 1791441849.5419412}
{"kind": "test", "reg": "0x02", "original": "0x103C", "value": "0x503C", "mask": "0x4000", "relatch": true, "readback": "0x503C", "result": "ok", "changes": {}, "at": 1791441851.685664}
{"kind": "test", "reg": "0x02", "original": "0x103C", "value": "0x903C", "mask": "0x8000", "relatch": true, "readback": "0x903C", "result": "ok", "changes": {}, "at": 1791441854.1760743}
{"kind": "reference", "at": 1791441856.8941972}
{"kind": "test", "reg": "0x03", "original": "0x101F", "value": "0x101E", "mask": "0x0001", "relatch": true, "readback": "0x101E", "result": "ok", "changes": {}, "at": 1791441859.310846}
{"kind": "test", "reg": "0x03", "original": "0x101F", "value": "0x101D", "mask": "0x0002", "relatch": true, "readback": "0x101D", "result": "ok", "changes": {}, "at": 1791441861.7245274}
{"kind": "test", "reg": "0x03", "original": "0x101F", "value": "0x101B", "mask": "0x0004", "relatch": true, "readback": "0x101B", "result": "ok", "changes": {}, "at": 1791441864.0874617}
{"kind": "test", "reg": "0x03", "original": "0x101F", "value": "0x1017", "mask": "0x0008", "relatch": true, "readback": "0x1017", "result": "ok", "changes": {}, "at": 1791441866.2180886}
{"kind": "test", "reg": "0x03", "original": "0x101F", "value": "0x100F", "mask": "0x0010", "relatch": true, "readback": "0x100F", "result": "ok", "changes": {}, "at": 1791441868.7661679}
{"kind": "test", "reg": "0x03", "original": "0x101F", "value": "0x103F", "mask": "0x0020", "relatch": true, "readback": "0x103F", "result": "ok", "changes": {}, "at": 1791441871.277217}
{"kind": "test", "reg": "0x03", "original": "0x101F", "value": "0x105F", "mask": "0x0040", "relatch": true, "readback": "0x105F", "result": "ok", "changes": {"rx2.dc_i": 2441.9, "rx2.dc_q": -2446.9, "rx2.ac_i_db": -3.95, "rx2.ac_q_db": 3.91, "rx2.image_db": 38.0, "rx2.image_deg": -35.8, "rx2.refl_db": -18.89}, "at": 1791441873.5590875}
{"kind": "test", "reg": "0x03", "original": "0x101F", "value": "0x109F", "mask": "0x0080", "relatch": true, "readback": "0x109F", "result": "ok", "changes": {"rx1.dc_i": -5530.6, "rx1.dc_q": 5525.9, "rx1.ac_i_db": 2.91, "rx1.ac_q_db": -2.94, "rx1.image_db": 35.47, "rx1.image_deg": -80.8, "rx1.refl_db": -17.3}, "at": 1791441875.9022896}
{"kind": "test", "reg": "0x03", "original": "0x101F", "value": "0x111F", "mask": "0x0100", "relatch": true, "readback": "0x111F", "result": "ok", "changes": {"rx2.dc_q": -2177.2, "rx2.image_db": 37.98, "rx2.image_deg": 144.3, "rx2.refl_db": -18.85}, "at": 1791441878.6783862}
{"kind": "test", "reg": "0x03", "original": "0x101F", "value": "0x121F", "mask": "0x0200", "relatch": true, "readback": "0x121F", "result": "ok", "changes": {"rx2.dc_i": 2717.8, "rx2.image_db": 37.98, "rx2.image_deg": 144.2, "rx2.refl_db": -18.86}, "at": 1791441881.1324813}
{"kind": "test", "reg": "0x03", "original": "0x101F", "value": "0x141F", "mask": "0x0400", "relatch": true, "readback": "0x141F", "result": "ok", "changes": {"rx1.dc_q": 4964.7, "rx1.image_db": 35.49, "rx1.image_deg": 99.4, "rx1.refl_db": -17.31}, "at": 1791441883.4926953}
{"kind": "test", "reg": "0x03", "original": "0x101F", "value": "0x181F", "mask": "0x0800", "relatch": true, "readback": "0x181F", "result": "ok", "changes": {"rx1.dc_i": -6091.5, "rx1.image_db": 35.5, "rx1.image_deg": 99.0, "rx1.refl_db": -17.31}, "at": 1791441885.744559}
{"kind": "test", "reg": "0x03", "original": "0x101F", "value": "0x001F", "mask": "0x1000", "relatch": true, "readback": "0x001F", "result": "ok", "changes": {}, "at": 1791441888.1855404}
{"kind": "test", "reg": "0x03", "original": "0x101F", "value": "0x301F", "mask": "0x2000", "relatch": true, "readback": "0x301F", "result": "ok", "changes": {}, "at": 1791441890.3422592}
{"kind": "test", "reg": "0x03", "original": "0x101F", "value": "0x501F", "mask": "0x4000", "relatch": true, "readback": "0x501F", "result": "ok", "changes": {}, "at": 1791441892.6051211}
{"kind": "test", "reg": "0x03", "original": "0x101F", "value": "0x901F", "mask": "0x8000", "relatch": true, "readback": "0x901F", "result": "ok", "changes": {}, "at": 1791441894.7941093}
{"kind": "test", "reg": "0x04", "original": "0x030C", "value": "0x030D", "mask": "0x0001", "relatch": true, "readback": "0x030D", "result": "ok", "changes": {}, "at": 1791441897.1373782}
{"kind": "test", "reg": "0x04", "original": "0x030C", "value": "0x030E", "mask": "0x0002", "relatch": true, "readback": "0x030E", "result": "ok", "changes": {}, "at": 1791441899.4767067}
{"kind": "test", "reg": "0x04", "original": "0x030C", "value": "0x0308", "mask": "0x0004", "relatch": true, "readback": "0x0308", "result": "ok", "changes": {}, "at": 1791441902.008723}
{"kind": "test", "reg": "0x04", "original": "0x030C", "value": "0x0304", "mask": "0x0008", "relatch": true, "readback": "0x0304", "result": "ok", "changes": {}, "at": 1791441904.5382771}
{"kind": "test", "reg": "0x04", "original": "0x030C", "value": "0x031C", "mask": "0x0010", "relatch": true, "readback": "0x031C", "result": "ok", "changes": {}, "at": 1791441906.6981592}
{"kind": "test", "reg": "0x04", "original": "0x030C", "value": "0x032C", "mask": "0x0020", "relatch": true, "readback": "0x032C", "result": "ok", "changes": {}, "at": 1791441909.1078122}
{"kind": "test", "reg": "0x04", "original": "0x030C", "value": "0x034C", "mask": "0x0040", "relatch": true, "readback": "0x034C", "result": "ok", "changes": {}, "at": 1791441911.4317393}
{"kind": "test", "reg": "0x04", "original": "0x030C", "value": "0x038C", "mask": "0x0080", "relatch": true, "readback": "0x038C", "result": "ok", "changes": {}, "at": 1791441913.6942186}
{"kind": "test", "reg": "0x04", "original": "0x030C", "value": "0x020C", "mask": "0x0100", "relatch": true, "result": "write failed", "detail": null, "recovered_by_reinit": true, "after_recovery": "stream ok", "at": 1791441917.901951}
{"kind": "test", "reg": "0x04", "original": "0x030C", "value": "0x010C", "mask": "0x0200", "relatch": true, "readback": "0x010C", "result": "stream stopped", "recovered_by_reinit": true, "after_recovery": "stream ok", "at": 1791441928.991713}
{"kind": "test", "reg": "0x04", "original": "0x030C", "value": "0x070C", "mask": "0x0400", "relatch": true, "readback": "0x070C", "result": "stream stopped", "recovered_by_reinit": true, "after_recovery": "stream ok", "at": 1791441940.1740854}
{"kind": "test", "reg": "0x04", "original": "0x030C", "value": "0x0B0C", "mask": "0x0800", "relatch": true, "readback": "0x0B0C", "result": "ok", "changes": {}, "at": 1791441942.5604596}
{"kind": "test", "reg": "0x04", "original": "0x030C", "value": "0x130C", "mask": "0x1000", "relatch": true, "readback": "0x130C", "result": "ok", "changes": {}, "at": 1791441945.0750086}
{"kind": "test", "reg": "0x04", "original": "0x030C", "value": "0x230C", "mask": "0x2000", "relatch": true, "readback": "0x230C", "result": "ok", "changes": {}, "at": 1791441947.3913958}
{"kind": "test", "reg": "0x04", "original": "0x030C", "value": "0x430C", "mask": "0x4000", "relatch": true, "readback": "0x430C", "result": "ok", "changes": {}, "at": 1791441949.7494516}
{"kind": "test", "reg": "0x04", "original": "0x030C", "value": "0x830C", "mask": "0x8000", "relatch": true, "readback": "0x830C", "result": "ok", "changes": {}, "at": 1791441952.0821705}
{"kind": "test", "reg": "0x05", "original": "0x0010", "value": "0x0011", "mask": "0x0001", "relatch": true, "readback": "0x0011", "result": "ok", "changes": {}, "at": 1791441954.528731}
{"kind": "test", "reg": "0x05", "original": "0x0010", "value": "0x0012", "mask": "0x0002", "relatch": true, "readback": "0x0012", "result": "ok", "changes": {}, "at": 1791441956.737852}
{"kind": "test", "reg": "0x05", "original": "0x0010", "value": "0x0014", "mask": "0x0004", "relatch": true, "readback": "0x0014", "result": "ok", "changes": {}, "at": 1791441959.0499082}
{"kind": "test", "reg": "0x05", "original": "0x0010", "value": "0x0018", "mask": "0x0008", "relatch": true, "readback": "0x0018", "result": "ok", "changes": {}, "at": 1791441961.4448895}
{"kind": "test", "reg": "0x05", "original": "0x0010", "value": "0x0000", "mask": "0x0010", "relatch": true, "readback": "0x0000", "result": "ok", "changes": {}, "at": 1791441963.7413254}
{"kind": "test", "reg": "0x05", "original": "0x0010", "value": "0x0030", "mask": "0x0020", "relatch": true, "readback": "0x0030", "result": "ok", "changes": {}, "at": 1791441965.9123275}
{"kind": "test", "reg": "0x05", "original": "0x0010", "value": "0x0050", "mask": "0x0040", "relatch": true, "readback": "0x0050", "result": "ok", "changes": {}, "at": 1791441968.2603574}
{"kind": "test", "reg": "0x05", "original": "0x0010", "value": "0x0090", "mask": "0x0080", "relatch": true, "readback": "0x0090", "result": "ok", "changes": {}, "at": 1791441970.8821015}
{"kind": "test", "reg": "0x05", "original": "0x0010", "value": "0x0110", "mask": "0x0100", "relatch": true, "readback": "0x0110", "result": "ok", "changes": {}, "at": 1791441973.3247318}
{"kind": "test", "reg": "0x05", "original": "0x0010", "value": "0x0210", "mask": "0x0200", "relatch": true, "readback": "0x0210", "result": "ok", "changes": {}, "at": 1791441975.8099456}
{"kind": "test", "reg": "0x05", "original": "0x0010", "value": "0x0410", "mask": "0x0400", "relatch": true, "readback": "0x0410", "result": "ok", "changes": {}, "at": 1791441977.850846}
{"kind": "reference", "at": 1791442015.6049259}
{"kind": "test", "reg": "0x05", "original": "0x0010", "value": "0x0011", "mask": "0x0001", "relatch": true, "readback": "0x0011", "result": "ok", "changes": {}, "at": 1791442018.0315037}
{"kind": "test", "reg": "0x05", "original": "0x0010", "value": "0x0012", "mask": "0x0002", "relatch": true, "readback": "0x0012", "result": "ok", "changes": {}, "at": 1791442020.521403}
{"kind": "test", "reg": "0x05", "original": "0x0010", "value": "0x0014", "mask": "0x0004", "relatch": true, "readback": "0x0014", "result": "ok", "changes": {}, "at": 1791442023.023228}
{"kind": "test", "reg": "0x05", "original": "0x0010", "value": "0x0018", "mask": "0x0008", "relatch": true, "readback": "0x0018", "result": "ok", "changes": {}, "at": 1791442025.4602048}
{"kind": "test", "reg": "0x05", "original": "0x0010", "value": "0x0000", "mask": "0x0010", "relatch": true, "readback": "0x0000", "result": "ok", "changes": {}, "at": 1791442027.5259283}
{"kind": "test", "reg": "0x05", "original": "0x0010", "value": "0x0030", "mask": "0x0020", "relatch": true, "readback": "0x0030", "result": "ok", "changes": {}, "at": 1791442029.862612}
{"kind": "test", "reg": "0x05", "original": "0x0010", "value": "0x0050", "mask": "0x0040", "relatch": true, "readback": "0x0050", "result": "ok", "changes": {}, "at": 1791442032.1055}
{"kind": "test", "reg": "0x05", "original": "0x0010", "value": "0x0090", "mask": "0x0080", "relatch": true, "readback": "0x0090", "result": "ok", "changes": {}, "at": 1791442034.5553446}
{"kind": "test", "reg": "0x05", "original": "0x0010", "value": "0x0110", "mask": "0x0100", "relatch": true, "readback": "0x0110", "result": "ok", "changes": {}, "at": 1791442036.8817692}
{"kind": "test", "reg": "0x05", "original": "0x0010", "value": "0x0210", "mask": "0x0200", "relatch": true, "readback": "0x0210", "result": "ok", "changes": {}, "at": 1791442039.111756}
{"kind": "test", "reg": "0x05", "original": "0x0010", "value": "0x0410", "mask": "0x0400", "relatch": true, "readback": "0x0410", "result": "ok", "changes": {}, "at": 1791442041.2180705}
{"kind": "test", "reg": "0x05", "original": "0x0010", "value": "0x0810", "mask": "0x0800", "relatch": true, "readback": "0x0810", "result": "ok", "changes": {}, "at": 1791442043.6177812}
{"kind": "test", "reg": "0x05", "original": "0x0010", "value": "0x1010", "mask": "0x1000", "relatch": true, "readback": "0x1010", "result": "ok", "changes": {}, "at": 1791442045.8465645}
{"kind": "test", "reg": "0x05", "original": "0x0010", "value": "0x2010", "mask": "0x2000", "relatch": true, "readback": "0x2010", "result": "ok", "changes": {}, "at": 1791442048.158796}
{"kind": "test", "reg": "0x05", "original": "0x0010", "value": "0x4010", "mask": "0x4000", "relatch": true, "readback": "0x4010", "result": "ok", "changes": {}, "at": 1791442050.3472576}
{"kind": "test", "reg": "0x05", "original": "0x0010", "value": "0x8010", "mask": "0x8000", "relatch": true, "readback": "0x8010", "result": "ok", "changes": {}, "at": 1791442052.4906526}
{"kind": "test", "reg": "0x06", "original": "0x0122", "value": "0x0123", "mask": "0x0001", "relatch": true, "readback": "0x0123", "result": "stream stopped", "recovered_by_reinit": true, "after_recovery": "stream ok", "at": 1791442063.389884}
{"kind": "test", "reg": "0x06", "original": "0x0122", "value": "0x0120", "mask": "0x0002", "relatch": true, "readback": "0x0120", "result": "stream stopped", "recovered_by_reinit": true, "after_recovery": "stream ok", "at": 1791442074.6088762}
{"kind": "test", "reg": "0x06", "original": "0x0122", "value": "0x0126", "mask": "0x0004", "relatch": true, "readback": "0x0126", "result": "stream stopped", "recovered_by_reinit": true, "after_recovery": "stream ok", "at": 1791442085.2500749}
{"kind": "test", "reg": "0x06", "original": "0x0122", "value": "0x012A", "mask": "0x0008", "relatch": true, "readback": "0x012A", "result": "stream stopped", "recovered_by_reinit": true, "after_recovery": "stream ok", "at": 1791442096.2412598}
{"kind": "test", "reg": "0x06", "original": "0x0122", "value": "0x0132", "mask": "0x0010", "relatch": true, "readback": "0x0132", "result": "stream stopped", "recovered_by_reinit": true, "after_recovery": "stream ok", "at": 1791442107.0490522}
{"kind": "test", "reg": "0x06", "original": "0x0122", "value": "0x0102", "mask": "0x0020", "relatch": true, "readback": "0x0102", "result": "ok", "changes": {}, "recovered_by_reinit": true, "after_recovery": "stream ok", "at": 1791442112.8223839}
{"kind": "test", "reg": "0x06", "original": "0x0122", "value": "0x0162", "mask": "0x0040", "relatch": true, "readback": "0x0162", "result": "stream stopped", "recovered_by_reinit": true, "after_recovery": "stream ok", "at": 1791442123.62319}
{"kind": "test", "reg": "0x06", "original": "0x0122", "value": "0x01A2", "mask": "0x0080", "relatch": true, "readback": "0x01A2", "result": "stream stopped", "recovered_by_reinit": true, "after_recovery": "stream ok", "at": 1791442134.5982122}
{"kind": "test", "reg": "0x06", "original": "0x0122", "value": "0x0022", "mask": "0x0100", "relatch": true, "result": "write failed", "detail": null, "recovered_by_reinit": true, "after_recovery": "stream ok", "at": 1791442138.8210752}
{"kind": "test", "reg": "0x06", "original": "0x0122", "value": "0x0322", "mask": "0x0200", "relatch": true, "readback": "0x0322", "result": "stream stopped", "recovered_by_reinit": true, "after_recovery": "stream ok", "at": 1791442149.7289212}
{"kind": "test", "reg": "0x06", "original": "0x0122", "value": "0x0522", "mask": "0x0400", "relatch": true, "readback": "0x0522", "result": "stream stopped", "recovered_by_reinit": true, "after_recovery": "stream ok", "at": 1791442160.6266994}
{"kind": "test", "reg": "0x06", "original": "0x0122", "value": "0x0922", "mask": "0x0800", "relatch": true, "readback": "0x0922", "result": "stream stopped", "recovered_by_reinit": true, "after_recovery": "stream ok", "at": 1791442171.8571591}
{"kind": "test", "reg": "0x06", "original": "0x0122", "value": "0x1122", "mask": "0x1000", "relatch": true, "readback": "0x1122", "result": "stream stopped", "recovered_by_reinit": true, "after_recovery": "stream ok", "at": 1791442182.4702883}
{"kind": "test", "reg": "0x06", "original": "0x0122", "value": "0x2122", "mask": "0x2000", "relatch": true, "result": "write failed", "detail": null, "recovered_by_reinit": true, "after_recovery": "stream ok", "at": 1791442186.5363736}
{"kind": "test", "reg": "0x06", "original": "0x0122", "value": "0x4122", "mask": "0x4000", "relatch": true, "readback": "0x4122", "result": "stream stopped", "recovered_by_reinit": true, "after_recovery": "stream ok", "at": 1791442197.150765}
{"kind": "test", "reg": "0x06", "original": "0x0122", "value": "0x8122", "mask": "0x8000", "relatch": true, "readback": "0x8122", "result": "ok", "changes": {}, "at": 1791442199.4372044}
{"kind": "test", "reg": "0x07", "original": "0x01B2", "value": "0x01B3", "mask": "0x0001", "relatch": true, "readback": "0x01B3", "result": "ok", "changes": {}, "at": 1791442202.106705}
{"kind": "test", "reg": "0x07", "original": "0x01B2", "value": "0x01B0", "mask": "0x0002", "relatch": true, "readback": "0x01B0", "result": "ok", "changes": {}, "at": 1791442204.4561267}
{"kind": "test", "reg": "0x07", "original": "0x01B2", "value": "0x01B6", "mask": "0x0004", "relatch": true, "readback": "0x01B6", "result": "ok", "changes": {}, "at": 1791442206.7613807}
{"kind": "test", "reg": "0x07", "original": "0x01B2", "value": "0x01BA", "mask": "0x0008", "relatch": true, "readback": "0x01BA", "result": "ok", "changes": {}, "at": 1791442209.1583796}
{"kind": "test", "reg": "0x07", "original": "0x01B2", "value": "0x01A2", "mask": "0x0010", "relatch": true, "readback": "0x01A2", "result": "ok", "changes": {}, "at": 1791442211.4348595}
{"kind": "test", "reg": "0x07", "original": "0x01B2", "value": "0x0192", "mask": "0x0020", "relatch": true, "readback": "0x0192", "result": "ok", "changes": {}, "at": 1791442213.9389133}
{"kind": "test", "reg": "0x07", "original": "0x01B2", "value": "0x01F2", "mask": "0x0040", "relatch": true, "readback": "0x01F2", "result": "ok", "changes": {}, "at": 1791442216.3542728}
{"kind": "test", "reg": "0x07", "original": "0x01B2", "value": "0x0132", "mask": "0x0080", "relatch": true, "readback": "0x0132", "result": "ok", "changes": {}, "at": 1791442218.5777066}
{"kind": "test", "reg": "0x07", "original": "0x01B2", "value": "0x00B2", "mask": "0x0100", "relatch": true, "readback": "0x00B2", "result": "ok", "changes": {}, "at": 1791442220.9690685}
{"kind": "test", "reg": "0x07", "original": "0x01B2", "value": "0x03B2", "mask": "0x0200", "relatch": true, "readback": "0x03B2", "result": "ok", "changes": {}, "at": 1791442223.5142505}
{"kind": "test", "reg": "0x07", "original": "0x01B2", "value": "0x05B2", "mask": "0x0400", "relatch": true, "readback": "0x05B2", "result": "ok", "changes": {}, "at": 1791442225.8022919}
{"kind": "test", "reg": "0x07", "original": "0x01B2", "value": "0x09B2", "mask": "0x0800", "relatch": true, "readback": "0x09B2", "result": "ok", "changes": {}, "at": 1791442228.2445238}
{"kind": "test", "reg": "0x07", "original": "0x01B2", "value": "0x11B2", "mask": "0x1000", "relatch": true, "readback": "0x11B2", "result": "ok", "changes": {}, "at": 1791442230.554512}
{"kind": "test", "reg": "0x07", "original": "0x01B2", "value": "0x21B2", "mask": "0x2000", "relatch": true, "readback": "0x21B2", "result": "ok", "changes": {}, "at": 1791442232.9659529}
{"kind": "test", "reg": "0x07", "original": "0x01B2", "value": "0x41B2", "mask": "0x4000", "relatch": true, "readback": "0x41B2", "result": "ok", "changes": {}, "at": 1791442235.2253945}
{"kind": "test", "reg": "0x07", "original": "0x01B2", "value": "0x81B2", "mask": "0x8000", "relatch": true, "readback": "0x81B2", "result": "ok", "changes": {}, "at": 1791442237.6392653}
{"kind": "reference", "at": 1791442240.343317}
{"kind": "test", "reg": "0x08", "original": "0x001C", "value": "0x001D", "mask": "0x0001", "relatch": true, "readback": "0x001D", "result": "ok", "changes": {}, "at": 1791442242.579125}
{"kind": "test", "reg": "0x08", "original": "0x001C", "value": "0x001E", "mask": "0x0002", "relatch": true, "readback": "0x001E", "result": "ok", "changes": {}, "at": 1791442245.1264765}
{"kind": "test", "reg": "0x08", "original": "0x001C", "value": "0x0018", "mask": "0x0004", "relatch": true, "readback": "0x0018", "result": "ok", "changes": {}, "at": 1791442247.490947}
{"kind": "test", "reg": "0x08", "original": "0x001C", "value": "0x0014", "mask": "0x0008", "relatch": true, "readback": "0x0014", "result": "ok", "changes": {}, "at": 1791442249.777916}
{"kind": "test", "reg": "0x08", "original": "0x001C", "value": "0x000C", "mask": "0x0010", "relatch": true, "readback": "0x000C", "result": "ok", "changes": {}, "at": 1791442252.0457108}
{"kind": "test", "reg": "0x08", "original": "0x001C", "value": "0x003C", "mask": "0x0020", "relatch": true, "readback": "0x003C", "result": "ok", "changes": {}, "at": 1791442254.5420709}
{"kind": "test", "reg": "0x08", "original": "0x001C", "value": "0x005C", "mask": "0x0040", "relatch": true, "readback": "0x005C", "result": "ok", "changes": {}, "at": 1791442257.075402}
{"kind": "test", "reg": "0x08", "original": "0x001C", "value": "0x009C", "mask": "0x0080", "relatch": true, "readback": "0x009C", "result": "ok", "changes": {}, "at": 1791442259.3265433}
{"kind": "test", "reg": "0x08", "original": "0x001C", "value": "0x011C", "mask": "0x0100", "relatch": true, "readback": "0x011C", "result": "ok", "changes": {}, "at": 1791442261.671113}
{"kind": "test", "reg": "0x08", "original": "0x001C", "value": "0x021C", "mask": "0x0200", "relatch": true, "readback": "0x021C", "result": "ok", "changes": {}, "at": 1791442264.2209496}
{"kind": "test", "reg": "0x08", "original": "0x001C", "value": "0x041C", "mask": "0x0400", "relatch": true, "readback": "0x041C", "result": "ok", "changes": {}, "at": 1791442266.5795305}
{"kind": "test", "reg": "0x08", "original": "0x001C", "value": "0x081C", "mask": "0x0800", "relatch": true, "readback": "0x081C", "result": "ok", "changes": {}, "at": 1791442268.95736}
{"kind": "test", "reg": "0x08", "original": "0x001C", "value": "0x101C", "mask": "0x1000", "relatch": true, "readback": "0x101C", "result": "ok", "changes": {}, "at": 1791442271.5510387}
{"kind": "test", "reg": "0x08", "original": "0x001C", "value": "0x201C", "mask": "0x2000", "relatch": true, "readback": "0x201C", "result": "ok", "changes": {}, "at": 1791442273.9748693}
{"kind": "test", "reg": "0x08", "original": "0x001C", "value": "0x401C", "mask": "0x4000", "relatch": true, "readback": "0x401C", "result": "ok", "changes": {}, "at": 1791442276.5985842}
{"kind": "test", "reg": "0x08", "original": "0x001C", "value": "0x801C", "mask": "0x8000", "relatch": true, "readback": "0x801C", "result": "ok", "changes": {}, "at": 1791442279.1542487}
{"kind": "test", "reg": "0x09", "original": "0x6901", "value": "0x6900", "mask": "0x0001", "relatch": true, "readback": "0x6900", "result": "ok", "changes": {}, "at": 1791442282.0588682}
{"kind": "test", "reg": "0x09", "original": "0x6901", "value": "0x6903", "mask": "0x0002", "relatch": true, "readback": "0x6903", "result": "ok", "changes": {}, "at": 1791442284.43735}
{"kind": "test", "reg": "0x09", "original": "0x6901", "value": "0x6905", "mask": "0x0004", "relatch": true, "readback": "0x6905", "result": "ok", "changes": {}, "at": 1791442286.604521}
{"kind": "test", "reg": "0x09", "original": "0x6901", "value": "0x6909", "mask": "0x0008", "relatch": true, "readback": "0x6909", "result": "ok", "changes": {}, "at": 1791442289.0516365}
{"kind": "test", "reg": "0x09", "original": "0x6901", "value": "0x6911", "mask": "0x0010", "relatch": true, "readback": "0x6911", "result": "ok", "changes": {}, "at": 1791442291.7740784}
{"kind": "test", "reg": "0x09", "original": "0x6901", "value": "0x6921", "mask": "0x0020", "relatch": true, "readback": "0x6921", "result": "ok", "changes": {}, "at": 1791442294.1611822}
{"kind": "test", "reg": "0x09", "original": "0x6901", "value": "0x6941", "mask": "0x0040", "relatch": true, "readback": "0x6941", "result": "ok", "changes": {}, "at": 1791442296.6370971}
{"kind": "test", "reg": "0x09", "original": "0x6901", "value": "0x6981", "mask": "0x0080", "relatch": true, "readback": "0x6981", "result": "ok", "changes": {}, "at": 1791442299.0414715}
{"kind": "test", "reg": "0x09", "original": "0x6901", "value": "0x6801", "mask": "0x0100", "relatch": true, "readback": "0x6801", "result": "ok", "changes": {}, "at": 1791442301.566017}
{"kind": "test", "reg": "0x09", "original": "0x6901", "value": "0x6B01", "mask": "0x0200", "relatch": true, "readback": "0x6B01", "result": "ok", "changes": {}, "at": 1791442304.0696507}
{"kind": "test", "reg": "0x09", "original": "0x6901", "value": "0x6D01", "mask": "0x0400", "relatch": true, "readback": "0x6D01", "result": "ok", "changes": {}, "at": 1791442306.4974682}
{"kind": "test", "reg": "0x09", "original": "0x6901", "value": "0x6101", "mask": "0x0800", "relatch": true, "readback": "0x6101", "result": "ok", "changes": {}, "at": 1791442308.821294}
{"kind": "test", "reg": "0x09", "original": "0x6901", "value": "0x7901", "mask": "0x1000", "relatch": true, "readback": "0x7901", "result": "ok", "changes": {}, "at": 1791442311.1394758}
{"kind": "test", "reg": "0x09", "original": "0x6901", "value": "0x4901", "mask": "0x2000", "relatch": true, "readback": "0x4901", "result": "ok", "changes": {}, "at": 1791442313.3105435}
{"kind": "test", "reg": "0x09", "original": "0x6901", "value": "0x2901", "mask": "0x4000", "relatch": true, "readback": "0x2901", "result": "ok", "changes": {}, "at": 1791442315.608102}
{"kind": "test", "reg": "0x09", "original": "0x6901", "value": "0xE901", "mask": "0x8000", "relatch": true, "readback": "0xE901", "result": "ok", "changes": {}, "at": 1791442318.062086}
{"kind": "test", "reg": "0x0A", "original": "0x4200", "value": "0x4201", "mask": "0x0001", "relatch": true, "readback": "0x4201", "result": "ok", "changes": {}, "at": 1791442320.6481867}
{"kind": "test", "reg": "0x0A", "original": "0x4200", "value": "0x4202", "mask": "0x0002", "relatch": true, "readback": "0x4202", "result": "ok", "changes": {}, "at": 1791442323.251317}
{"kind": "test", "reg": "0x0A", "original": "0x4200", "value": "0x4204", "mask": "0x0004", "relatch": true, "readback": "0x4204", "result": "ok", "changes": {}, "at": 1791442325.7286386}
{"kind": "test", "reg": "0x0A", "original": "0x4200", "value": "0x4208", "mask": "0x0008", "relatch": true, "readback": "0x4208", "result": "ok", "changes": {}, "at": 1791442328.2040927}
{"kind": "test", "reg": "0x0A", "original": "0x4200", "value": "0x4210", "mask": "0x0010", "relatch": true, "readback": "0x4210", "result": "ok", "changes": {}, "at": 1791442330.486269}
{"kind": "test", "reg": "0x0A", "original": "0x4200", "value": "0x4220", "mask": "0x0020", "relatch": true, "readback": "0x4220", "result": "ok", "changes": {}, "at": 1791442332.8581445}
{"kind": "test", "reg": "0x0A", "original": "0x4200", "value": "0x4240", "mask": "0x0040", "relatch": true, "readback": "0x4240", "result": "ok", "changes": {}, "at": 1791442335.2871397}
{"kind": "test", "reg": "0x0A", "original": "0x4200", "value": "0x4280", "mask": "0x0080", "relatch": true, "readback": "0x4280", "result": "ok", "changes": {}, "at": 1791442337.6407547}
{"kind": "test", "reg": "0x0A", "original": "0x4200", "value": "0x4300", "mask": "0x0100", "relatch": true, "readback": "0x4300", "result": "ok", "changes": {}, "at": 1791442340.1677504}
{"kind": "test", "reg": "0x0A", "original": "0x4200", "value": "0x4000", "mask": "0x0200", "relatch": true, "readback": "0x4000", "result": "ok", "changes": {}, "at": 1791442342.4328952}
{"kind": "test", "reg": "0x0A", "original": "0x4200", "value": "0x4600", "mask": "0x0400", "relatch": true, "readback": "0x4600", "result": "ok", "changes": {}, "at": 1791442344.8821337}
{"kind": "test", "reg": "0x0A", "original": "0x4200", "value": "0x4A00", "mask": "0x0800", "relatch": true, "readback": "0x4A00", "result": "ok", "changes": {}, "at": 1791442347.208083}
{"kind": "test", "reg": "0x0A", "original": "0x4200", "value": "0x5200", "mask": "0x1000", "relatch": true, "readback": "0x5200", "result": "ok", "changes": {}, "at": 1791442349.7499506}
{"kind": "test", "reg": "0x0A", "original": "0x4200", "value": "0x6200", "mask": "0x2000", "relatch": true, "readback": "0x6200", "result": "ok", "changes": {}, "at": 1791442352.086515}
{"kind": "test", "reg": "0x0A", "original": "0x4200", "value": "0x0200", "mask": "0x4000", "relatch": true, "readback": "0x0200", "result": "ok", "changes": {}, "at": 1791442354.1842668}
{"kind": "test", "reg": "0x0A", "original": "0x4200", "value": "0xC200", "mask": "0x8000", "relatch": true, "readback": "0xC200", "result": "ok", "changes": {}, "at": 1791442356.7142675}
{"kind": "reference", "at": 1791442359.3878894}
{"kind": "test", "reg": "0x0B", "original": "0xC03C", "value": "0xC03D", "mask": "0x0001", "relatch": true, "readback": "0xC03D", "result": "ok", "changes": {}, "at": 1791442361.5467947}
{"kind": "test", "reg": "0x0B", "original": "0xC03C", "value": "0xC03E", "mask": "0x0002", "relatch": true, "readback": "0xC03E", "result": "ok", "changes": {}, "at": 1791442364.0595818}
{"kind": "test", "reg": "0x0B", "original": "0xC03C", "value": "0xC038", "mask": "0x0004", "relatch": true, "readback": "0xC038", "result": "ok", "changes": {}, "at": 1791442366.5976076}
{"kind": "test", "reg": "0x0B", "original": "0xC03C", "value": "0xC034", "mask": "0x0008", "relatch": true, "readback": "0xC034", "result": "ok", "changes": {}, "at": 1791442368.8784664}
{"kind": "test", "reg": "0x0B", "original": "0xC03C", "value": "0xC02C", "mask": "0x0010", "relatch": true, "readback": "0xC02C", "result": "ok", "changes": {}, "at": 1791442371.3207412}
{"kind": "test", "reg": "0x0B", "original": "0xC03C", "value": "0xC01C", "mask": "0x0020", "relatch": true, "readback": "0xC01C", "result": "ok", "changes": {}, "at": 1791442373.6264482}
{"kind": "test", "reg": "0x0B", "original": "0xC03C", "value": "0xC07C", "mask": "0x0040", "relatch": true, "readback": "0xC07C", "result": "ok", "changes": {}, "at": 1791442375.9280696}
{"kind": "test", "reg": "0x0B", "original": "0xC03C", "value": "0xC0BC", "mask": "0x0080", "relatch": true, "readback": "0xC0BC", "result": "ok", "changes": {}, "at": 1791442378.3551714}
{"kind": "test", "reg": "0x0B", "original": "0xC03C", "value": "0xC13C", "mask": "0x0100", "relatch": true, "readback": "0xC13C", "result": "ok", "changes": {}, "at": 1791442380.8809083}
{"kind": "test", "reg": "0x0B", "original": "0xC03C", "value": "0xC23C", "mask": "0x0200", "relatch": true, "readback": "0xC23C", "result": "ok", "changes": {}, "at": 1791442383.1462395}
{"kind": "test", "reg": "0x0B", "original": "0xC03C", "value": "0xC43C", "mask": "0x0400", "relatch": true, "readback": "0xC43C", "result": "ok", "changes": {}, "at": 1791442385.5841196}
{"kind": "test", "reg": "0x0B", "original": "0xC03C", "value": "0xC83C", "mask": "0x0800", "relatch": true, "readback": "0xC83C", "result": "ok", "changes": {}, "at": 1791442388.290672}
{"kind": "test", "reg": "0x0B", "original": "0xC03C", "value": "0xD03C", "mask": "0x1000", "relatch": true, "readback": "0xD03C", "result": "ok", "changes": {}, "at": 1791442390.6953447}
{"kind": "test", "reg": "0x0B", "original": "0xC03C", "value": "0xE03C", "mask": "0x2000", "relatch": true, "readback": "0xE03C", "result": "ok", "changes": {}, "at": 1791442392.921202}
{"kind": "test", "reg": "0x0B", "original": "0xC03C", "value": "0x803C", "mask": "0x4000", "relatch": true, "readback": "0x803C", "result": "ok", "changes": {}, "at": 1791442395.341504}
{"kind": "test", "reg": "0x0B", "original": "0xC03C", "value": "0x403C", "mask": "0x8000", "relatch": true, "readback": "0x403C", "result": "ok", "changes": {}, "at": 1791442397.824478}
{"kind": "test", "reg": "0x0C", "original": "0xEA5F", "value": "0xEA5E", "mask": "0x0001", "relatch": true, "readback": "0xEA5F", "result": "ok", "changes": {}, "at": 1791442400.4094505}
{"kind": "test", "reg": "0x0C", "original": "0xEA5F", "value": "0xEA5D", "mask": "0x0002", "relatch": true, "readback": "0xEA5F", "result": "ok", "changes": {}, "at": 1791442402.78062}
{"kind": "test", "reg": "0x0C", "original": "0xEA5F", "value": "0xEA5B", "mask": "0x0004", "relatch": true, "readback": "0xEA5F", "result": "ok", "changes": {}, "at": 1791442405.3393435}
{"kind": "test", "reg": "0x0C", "original": "0xEA5F", "value": "0xEA57", "mask": "0x0008", "relatch": true, "readback": "0xEA5F", "result": "ok", "changes": {}, "at": 1791442407.8356707}
{"kind": "test", "reg": "0x0C", "original": "0xEA5F", "value": "0xEA4F", "mask": "0x0010", "relatch": true, "readback": "0xEA5F", "result": "ok", "changes": {}, "at": 1791442410.1950126}
{"kind": "test", "reg": "0x0C", "original": "0xEA5F", "value": "0xEA7F", "mask": "0x0020", "relatch": true, "readback": "0xEA5F", "result": "ok", "changes": {}, "at": 1791442412.6328332}
{"kind": "test", "reg": "0x0C", "original": "0xEA5F", "value": "0xEA1F", "mask": "0x0040", "relatch": true, "readback": "0xEA5F", "result": "ok", "changes": {}, "at": 1791442414.9595017}
{"kind": "test", "reg": "0x0C", "original": "0xEA5F", "value": "0xEADF", "mask": "0x0080", "relatch": true, "readback": "0xEA5F", "result": "ok", "changes": {}, "at": 1791442417.4180398}
{"kind": "test", "reg": "0x0C", "original": "0xEA5F", "value": "0xEB5F", "mask": "0x0100", "relatch": true, "readback": "0xEA5F", "result": "ok", "changes": {}, "at": 1791442419.7664366}
{"kind": "test", "reg": "0x0C", "original": "0xEA5F", "value": "0xE85F", "mask": "0x0200", "relatch": true, "readback": "0xEA5F", "result": "ok", "changes": {}, "at": 1791442422.3116417}
{"kind": "test", "reg": "0x0C", "original": "0xEA5F", "value": "0xEE5F", "mask": "0x0400", "relatch": true, "readback": "0xEA5F", "result": "ok", "changes": {}, "at": 1791442424.8626232}
{"kind": "test", "reg": "0x0C", "original": "0xEA5F", "value": "0xE25F", "mask": "0x0800", "relatch": true, "readback": "0xEA5F", "result": "ok", "changes": {}, "at": 1791442427.1845057}
{"kind": "test", "reg": "0x0C", "original": "0xEA5F", "value": "0xFA5F", "mask": "0x1000", "relatch": true, "readback": "0xEA5F", "result": "ok", "changes": {}, "at": 1791442429.7117789}
{"kind": "test", "reg": "0x0C", "original": "0xEA5F", "value": "0xCA5F", "mask": "0x2000", "relatch": true, "readback": "0xEA5F", "result": "ok", "changes": {}, "at": 1791442432.033216}
{"kind": "test", "reg": "0x0C", "original": "0xEA5F", "value": "0xAA5F", "mask": "0x4000", "relatch": true, "readback": "0xEA5F", "result": "ok", "changes": {}, "at": 1791442434.589771}
{"kind": "test", "reg": "0x0C", "original": "0xEA5F", "value": "0x6A5F", "mask": "0x8000", "relatch": true, "readback": "0xEA5F", "result": "ok", "changes": {}, "at": 1791442436.955104}
{"kind": "test", "reg": "0x0D", "original": "0x1000", "value": "0x1001", "mask": "0x0001", "relatch": true, "readback": "0x1001", "result": "ok", "changes": {}, "at": 1791442439.6202707}
{"kind": "test", "reg": "0x0D", "original": "0x1000", "value": "0x1002", "mask": "0x0002", "relatch": true, "readback": "0x1002", "result": "ok", "changes": {}, "at": 1791442442.0691547}
{"kind": "test", "reg": "0x0D", "original": "0x1000", "value": "0x1004", "mask": "0x0004", "relatch": true, "readback": "0x1004", "result": "ok", "changes": {}, "at": 1791442444.5812047}
{"kind": "test", "reg": "0x0D", "original": "0x1000", "value": "0x1008", "mask": "0x0008", "relatch": true, "readback": "0x1008", "result": "ok", "changes": {}, "at": 1791442447.0232098}
{"kind": "test", "reg": "0x0D", "original": "0x1000", "value": "0x1010", "mask": "0x0010", "relatch": true, "readback": "0x1010", "result": "ok", "changes": {}, "at": 1791442449.5576751}
{"kind": "test", "reg": "0x0D", "original": "0x1000", "value": "0x1020", "mask": "0x0020", "relatch": true, "readback": "0x1020", "result": "ok", "changes": {}, "at": 1791442452.000726}
{"kind": "test", "reg": "0x0D", "original": "0x1000", "value": "0x1040", "mask": "0x0040", "relatch": true, "readback": "0x1040", "result": "ok", "changes": {}, "at": 1791442454.842078}
{"kind": "test", "reg": "0x0D", "original": "0x1000", "value": "0x1080", "mask": "0x0080", "relatch": true, "readback": "0x1080", "result": "ok", "changes": {}, "at": 1791442457.2110772}
{"kind": "test", "reg": "0x0D", "original": "0x1000", "value": "0x1100", "mask": "0x0100", "relatch": true, "readback": "0x1100", "result": "ok", "changes": {}, "at": 1791442459.6252882}
{"kind": "test", "reg": "0x0D", "original": "0x1000", "value": "0x1200", "mask": "0x0200", "relatch": true, "readback": "0x1200", "result": "ok", "changes": {}, "at": 1791442461.9547026}
{"kind": "test", "reg": "0x0D", "original": "0x1000", "value": "0x1400", "mask": "0x0400", "relatch": true, "readback": "0x1400", "result": "ok", "changes": {}, "at": 1791442464.37169}
{"kind": "test", "reg": "0x0D", "original": "0x1000", "value": "0x1800", "mask": "0x0800", "relatch": true, "readback": "0x1800", "result": "ok", "changes": {}, "at": 1791442466.886381}
{"kind": "test", "reg": "0x0D", "original": "0x1000", "value": "0x0000", "mask": "0x1000", "relatch": true, "readback": "0x0000", "result": "ok", "changes": {}, "at": 1791442469.2444358}
{"kind": "test", "reg": "0x0D", "original": "0x1000", "value": "0x3000", "mask": "0x2000", "relatch": true, "readback": "0x3000", "result": "ok", "changes": {}, "at": 1791442471.7969592}
{"kind": "test", "reg": "0x0D", "original": "0x1000", "value": "0x5000", "mask": "0x4000", "relatch": true, "readback": "0x5000", "result": "ok", "changes": {}, "at": 1791442474.3593829}
{"kind": "test", "reg": "0x0D", "original": "0x1000", "value": "0x9000", "mask": "0x8000", "relatch": true, "readback": "0x9000", "result": "ok", "changes": {}, "at": 1791442477.0382907}
{"kind": "reference", "at": 1791442479.720512}
{"kind": "test", "reg": "0x0E", "original": "0x4000", "value": "0x4001", "mask": "0x0001", "relatch": true, "readback": "0x4001", "result": "ok", "changes": {}, "at": 1791442481.9353952}
{"kind": "test", "reg": "0x0E", "original": "0x4000", "value": "0x4002", "mask": "0x0002", "relatch": true, "readback": "0x4002", "result": "ok", "changes": {}, "at": 1791442484.2280955}
{"kind": "test", "reg": "0x0E", "original": "0x4000", "value": "0x4004", "mask": "0x0004", "relatch": true, "readback": "0x4004", "result": "ok", "changes": {}, "at": 1791442486.484611}
{"kind": "test", "reg": "0x0E", "original": "0x4000", "value": "0x4008", "mask": "0x0008", "relatch": true, "readback": "0x4008", "result": "ok", "changes": {}, "at": 1791442488.9029043}
{"kind": "test", "reg": "0x0E", "original": "0x4000", "value": "0x4010", "mask": "0x0010", "relatch": true, "readback": "0x4010", "result": "ok", "changes": {}, "at": 1791442491.3747046}
{"kind": "test", "reg": "0x0E", "original": "0x4000", "value": "0x4020", "mask": "0x0020", "relatch": true, "readback": "0x4020", "result": "ok", "changes": {}, "at": 1791442494.1627452}
{"kind": "test", "reg": "0x0E", "original": "0x4000", "value": "0x4040", "mask": "0x0040", "relatch": true, "readback": "0x4040", "result": "ok", "changes": {}, "at": 1791442496.7788296}
{"kind": "test", "reg": "0x0E", "original": "0x4000", "value": "0x4080", "mask": "0x0080", "relatch": true, "readback": "0x4080", "result": "ok", "changes": {}, "at": 1791442499.3666098}
{"kind": "test", "reg": "0x0E", "original": "0x4000", "value": "0x4100", "mask": "0x0100", "relatch": true, "result": "write failed", "detail": null, "recovered_by_reinit": true, "after_recovery": "stream ok", "at": 1791442503.302168}
{"kind": "test", "reg": "0x0E", "original": "0x4000", "value": "0x4200", "mask": "0x0200", "relatch": true, "result": "write failed", "detail": null, "recovered_by_reinit": true, "after_recovery": "stream ok", "at": 1791442507.5298138}
{"kind": "test", "reg": "0x0E", "original": "0x4000", "value": "0x4400", "mask": "0x0400", "relatch": true, "result": "write failed", "detail": null, "recovered_by_reinit": true, "after_recovery": "stream ok", "at": 1791442511.715697}
{"kind": "test", "reg": "0x0E", "original": "0x4000", "value": "0x4800", "mask": "0x0800", "relatch": true, "result": "write failed", "detail": null, "recovered_by_reinit": true, "after_recovery": "stream ok", "at": 1791442515.840083}
{"kind": "test", "reg": "0x0E", "original": "0x4000", "value": "0x5000", "mask": "0x1000", "relatch": true, "result": "write failed", "detail": null, "recovered_by_reinit": true, "after_recovery": "stream ok", "at": 1791442519.9600253}
{"kind": "test", "reg": "0x0E", "original": "0x4000", "value": "0x6000", "mask": "0x2000", "relatch": true, "result": "write failed", "detail": null, "recovered_by_reinit": true, "after_recovery": "stream ok", "at": 1791442524.2071548}
{"kind": "test", "reg": "0x0E", "original": "0x4000", "value": "0x0000", "mask": "0x4000", "relatch": true, "result": "write failed", "detail": null, "recovered_by_reinit": true, "after_recovery": "stream ok", "at": 1791442528.432595}
{"kind": "test", "reg": "0x0E", "original": "0x4000", "value": "0xC000", "mask": "0x8000", "relatch": true, "result": "write failed", "detail": null, "recovered_by_reinit": true, "after_recovery": "stream ok", "at": 1791442532.5848489}
{"kind": "test", "reg": "0x0F", "original": "0x0000", "value": "0x0001", "mask": "0x0001", "relatch": true, "readback": "0x0000", "result": "ok", "changes": {}, "at": 1791442535.194635}
{"kind": "test", "reg": "0x0F", "original": "0x0000", "value": "0x0002", "mask": "0x0002", "relatch": true, "readback": "0x0000", "result": "ok", "changes": {}, "at": 1791442537.6330035}
{"kind": "test", "reg": "0x0F", "original": "0x0000", "value": "0x0004", "mask": "0x0004", "relatch": true, "readback": "0x0000", "result": "ok", "changes": {}, "at": 1791442539.8801057}
{"kind": "test", "reg": "0x0F", "original": "0x0000", "value": "0x0008", "mask": "0x0008", "relatch": true, "readback": "0x0000", "result": "ok", "changes": {}, "at": 1791442542.3332946}
{"kind": "test", "reg": "0x0F", "original": "0x0000", "value": "0x0010", "mask": "0x0010", "relatch": true, "readback": "0x0000", "result": "ok", "changes": {}, "at": 1791442544.8793533}
{"kind": "test", "reg": "0x0F", "original": "0x0000", "value": "0x0020", "mask": "0x0020", "relatch": true, "readback": "0x0000", "result": "ok", "changes": {}, "at": 1791442547.3244526}
{"kind": "test", "reg": "0x0F", "original": "0x0000", "value": "0x0040", "mask": "0x0040", "relatch": true, "readback": "0x0000", "result": "ok", "changes": {}, "at": 1791442549.6593404}
{"kind": "test", "reg": "0x0F", "original": "0x0000", "value": "0x0080", "mask": "0x0080", "relatch": true, "readback": "0x0000", "result": "ok", "changes": {}, "at": 1791442552.2480547}
{"kind": "test", "reg": "0x0F", "original": "0x0000", "value": "0x0100", "mask": "0x0100", "relatch": true, "readback": "0x0000", "result": "ok", "changes": {}, "at": 1791442554.512247}
{"kind": "test", "reg": "0x0F", "original": "0x0000", "value": "0x0200", "mask": "0x0200", "relatch": true, "readback": "0x0000", "result": "ok", "changes": {}, "at": 1791442556.7501447}
{"kind": "test", "reg": "0x0F", "original": "0x0000", "value": "0x0400", "mask": "0x0400", "relatch": true, "readback": "0x0000", "result": "ok", "changes": {}, "at": 1791442559.234127}
{"kind": "test", "reg": "0x0F", "original": "0x0000", "value": "0x0800", "mask": "0x0800", "relatch": true, "readback": "0x0000", "result": "ok", "changes": {}, "at": 1791442561.5490859}
{"kind": "test", "reg": "0x0F", "original": "0x0000", "value": "0x1000", "mask": "0x1000", "relatch": true, "readback": "0x0000", "result": "ok", "changes": {}, "at": 1791442563.8726258}
{"kind": "test", "reg": "0x0F", "original": "0x0000", "value": "0x2000", "mask": "0x2000", "relatch": true, "readback": "0x0000", "result": "ok", "changes": {}, "at": 1791442566.374488}
{"kind": "test", "reg": "0x0F", "original": "0x0000", "value": "0x4000", "mask": "0x4000", "relatch": true, "readback": "0x0000", "result": "ok", "changes": {}, "at": 1791442568.694733}
{"kind": "test", "reg": "0x0F", "original": "0x0000", "value": "0x8000", "mask": "0x8000", "relatch": true, "readback": "0x0000", "result": "ok", "changes": {}, "at": 1791442571.2830312}
{"kind": "test", "reg": "0x10", "original": "0x1001", "value": "0x1000", "mask": "0x0001", "relatch": true, "readback": "0x1001", "result": "ok", "changes": {}, "at": 1791442573.926613}
{"kind": "test", "reg": "0x10", "original": "0x1001", "value": "0x1003", "mask": "0x0002", "relatch": true, "readback": "0x1001", "result": "ok", "changes": {}, "at": 1791442576.3663912}
{"kind": "test", "reg": "0x10", "original": "0x1001", "value": "0x1005", "mask": "0x0004", "relatch": true, "readback": "0x1001", "result": "ok", "changes": {}, "at": 1791442578.8854535}
{"kind": "test", "reg": "0x10", "original": "0x1001", "value": "0x1009", "mask": "0x0008", "relatch": true, "readback": "0x1001", "result": "ok", "changes": {}, "at": 1791442581.109938}
{"kind": "test", "reg": "0x10", "original": "0x1001", "value": "0x1011", "mask": "0x0010", "relatch": true, "readback": "0x1001", "result": "ok", "changes": {}, "at": 1791442583.356902}
{"kind": "test", "reg": "0x10", "original": "0x1001", "value": "0x1021", "mask": "0x0020", "relatch": true, "readback": "0x1001", "result": "ok", "changes": {}, "at": 1791442585.9376028}
{"kind": "test", "reg": "0x10", "original": "0x1001", "value": "0x1041", "mask": "0x0040", "relatch": true, "readback": "0x1001", "result": "ok", "changes": {}, "at": 1791442588.2867856}
{"kind": "test", "reg": "0x10", "original": "0x1001", "value": "0x1081", "mask": "0x0080", "relatch": true, "readback": "0x1001", "result": "ok", "changes": {}, "at": 1791442590.6136792}
{"kind": "test", "reg": "0x10", "original": "0x1001", "value": "0x1101", "mask": "0x0100", "relatch": true, "readback": "0x1001", "result": "ok", "changes": {}, "at": 1791442592.8368554}
{"kind": "test", "reg": "0x10", "original": "0x1001", "value": "0x1201", "mask": "0x0200", "relatch": true, "readback": "0x1001", "result": "ok", "changes": {}, "at": 1791442595.217923}
{"kind": "test", "reg": "0x10", "original": "0x1001", "value": "0x1401", "mask": "0x0400", "relatch": true, "readback": "0x1001", "result": "ok", "changes": {}, "at": 1791442597.5636811}
{"kind": "test", "reg": "0x10", "original": "0x1001", "value": "0x1801", "mask": "0x0800", "relatch": true, "readback": "0x1001", "result": "ok", "changes": {}, "at": 1791442600.09391}
{"kind": "test", "reg": "0x10", "original": "0x1001", "value": "0x0001", "mask": "0x1000", "relatch": true, "readback": "0x1001", "result": "ok", "changes": {}, "at": 1791442602.348945}
{"kind": "test", "reg": "0x10", "original": "0x1001", "value": "0x3001", "mask": "0x2000", "relatch": true, "readback": "0x1001", "result": "ok", "changes": {}, "at": 1791442604.7885525}
{"kind": "test", "reg": "0x10", "original": "0x1001", "value": "0x5001", "mask": "0x4000", "relatch": true, "readback": "0x1001", "result": "ok", "changes": {}, "at": 1791442607.2687676}
{"kind": "test", "reg": "0x10", "original": "0x1001", "value": "0x9001", "mask": "0x8000", "relatch": true, "readback": "0x1001", "result": "ok", "changes": {}, "at": 1791442609.7031777}
{"kind": "reference", "at": 1791442612.5142162}
{"kind": "test", "reg": "0x11", "original": "0x0003", "value": "0x0002", "mask": "0x0001", "relatch": true, "readback": "0x0003", "result": "ok", "changes": {}, "at": 1791442614.8411708}
{"kind": "test", "reg": "0x11", "original": "0x0003", "value": "0x0001", "mask": "0x0002", "relatch": true, "readback": "0x0003", "result": "ok", "changes": {}, "at": 1791442617.3593102}
{"kind": "test", "reg": "0x11", "original": "0x0003", "value": "0x0007", "mask": "0x0004", "relatch": true, "readback": "0x0003", "result": "ok", "changes": {}, "at": 1791442619.7507827}
{"kind": "test", "reg": "0x11", "original": "0x0003", "value": "0x000B", "mask": "0x0008", "relatch": true, "readback": "0x0003", "result": "ok", "changes": {}, "at": 1791442622.0946374}
{"kind": "test", "reg": "0x11", "original": "0x0003", "value": "0x0013", "mask": "0x0010", "relatch": true, "readback": "0x0003", "result": "ok", "changes": {}, "at": 1791442624.3741448}
{"kind": "test", "reg": "0x11", "original": "0x0003", "value": "0x0023", "mask": "0x0020", "relatch": true, "readback": "0x0003", "result": "ok", "changes": {}, "at": 1791442626.7445421}
{"kind": "test", "reg": "0x11", "original": "0x0003", "value": "0x0043", "mask": "0x0040", "relatch": true, "readback": "0x0003", "result": "ok", "changes": {}, "at": 1791442629.0300727}
{"kind": "test", "reg": "0x11", "original": "0x0003", "value": "0x0083", "mask": "0x0080", "relatch": true, "readback": "0x0003", "result": "ok", "changes": {}, "at": 1791442631.2604651}
{"kind": "test", "reg": "0x11", "original": "0x0003", "value": "0x0103", "mask": "0x0100", "relatch": true, "readback": "0x0003", "result": "ok", "changes": {}, "at": 1791442633.7109349}
{"kind": "test", "reg": "0x11", "original": "0x0003", "value": "0x0203", "mask": "0x0200", "relatch": true, "readback": "0x0003", "result": "ok", "changes": {}, "at": 1791442636.0520465}
{"kind": "test", "reg": "0x11", "original": "0x0003", "value": "0x0403", "mask": "0x0400", "relatch": true, "readback": "0x0003", "result": "ok", "changes": {}, "at": 1791442638.5342054}
{"kind": "test", "reg": "0x11", "original": "0x0003", "value": "0x0803", "mask": "0x0800", "relatch": true, "readback": "0x0003", "result": "ok", "changes": {}, "at": 1791442641.1325376}
{"kind": "test", "reg": "0x11", "original": "0x0003", "value": "0x1003", "mask": "0x1000", "relatch": true, "readback": "0x0003", "result": "ok", "changes": {}, "at": 1791442643.3685997}
{"kind": "test", "reg": "0x11", "original": "0x0003", "value": "0x2003", "mask": "0x2000", "relatch": true, "readback": "0x0003", "result": "ok", "changes": {}, "at": 1791442646.0187318}
{"kind": "test", "reg": "0x11", "original": "0x0003", "value": "0x4003", "mask": "0x4000", "relatch": true, "readback": "0x0003", "result": "ok", "changes": {}, "at": 1791442648.5952346}
{"kind": "test", "reg": "0x11", "original": "0x0003", "value": "0x8003", "mask": "0x8000", "relatch": true, "readback": "0x0003", "result": "ok", "changes": {}, "at": 1791442651.1553454}
{"kind": "test", "reg": "0x12", "original": "0x0000", "value": "0x0001", "mask": "0x0001", "relatch": true, "readback": "0x0000", "result": "ok", "changes": {}, "at": 1791442653.65451}
{"kind": "test", "reg": "0x12", "original": "0x0000", "value": "0x0002", "mask": "0x0002", "relatch": true, "readback": "0x0000", "result": "ok", "changes": {}, "at": 1791442656.3595908}
{"kind": "test", "reg": "0x12", "original": "0x0000", "value": "0x0004", "mask": "0x0004", "relatch": true, "readback": "0x0000", "result": "ok", "changes": {}, "at": 1791442658.6430848}
{"kind": "test", "reg": "0x12", "original": "0x0000", "value": "0x0008", "mask": "0x0008", "relatch": true, "readback": "0x0000", "result": "ok", "changes": {}, "at": 1791442660.900638}
{"kind": "test", "reg": "0x12", "original": "0x0000", "value": "0x0010", "mask": "0x0010", "relatch": true, "readback": "0x0000", "result": "ok", "changes": {}, "at": 1791442663.3179727}
{"kind": "test", "reg": "0x12", "original": "0x0000", "value": "0x0020", "mask": "0x0020", "relatch": true, "readback": "0x0000", "result": "ok", "changes": {}, "at": 1791442665.52807}
{"kind": "test", "reg": "0x12", "original": "0x0000", "value": "0x0040", "mask": "0x0040", "relatch": true, "readback": "0x0000", "result": "ok", "changes": {}, "at": 1791442667.929307}
{"kind": "test", "reg": "0x12", "original": "0x0000", "value": "0x0080", "mask": "0x0080", "relatch": true, "readback": "0x0000", "result": "ok", "changes": {}, "at": 1791442670.4118056}
{"kind": "test", "reg": "0x12", "original": "0x0000", "value": "0x0100", "mask": "0x0100", "relatch": true, "readback": "0x0000", "result": "ok", "changes": {}, "at": 1791442672.5926735}
{"kind": "test", "reg": "0x12", "original": "0x0000", "value": "0x0200", "mask": "0x0200", "relatch": true, "readback": "0x0000", "result": "ok", "changes": {}, "at": 1791442674.943108}
{"kind": "test", "reg": "0x12", "original": "0x0000", "value": "0x0400", "mask": "0x0400", "relatch": true, "readback": "0x0000", "result": "ok", "changes": {}, "at": 1791442677.42681}
{"kind": "test", "reg": "0x12", "original": "0x0000", "value": "0x0800", "mask": "0x0800", "relatch": true, "readback": "0x0000", "result": "ok", "changes": {}, "at": 1791442679.7243967}
{"kind": "test", "reg": "0x12", "original": "0x0000", "value": "0x1000", "mask": "0x1000", "relatch": true, "readback": "0x0000", "result": "ok", "changes": {}, "at": 1791442682.2361677}
{"kind": "test", "reg": "0x12", "original": "0x0000", "value": "0x2000", "mask": "0x2000", "relatch": true, "readback": "0x0000", "result": "ok", "changes": {}, "at": 1791442684.5125816}
{"kind": "test", "reg": "0x12", "original": "0x0000", "value": "0x4000", "mask": "0x4000", "relatch": true, "readback": "0x0000", "result": "ok", "changes": {}, "at": 1791442687.0383756}
{"kind": "test", "reg": "0x12", "original": "0x0000", "value": "0x8000", "mask": "0x8000", "relatch": true, "readback": "0x0000", "result": "ok", "changes": {}, "at": 1791442689.292707}
{"kind": "test", "reg": "0x13", "original": "0x0000", "value": "0x0001", "mask": "0x0001", "relatch": true, "readback": "0x0000", "result": "ok", "changes": {}, "at": 1791442691.8654268}
{"kind": "test", "reg": "0x13", "original": "0x0000", "value": "0x0002", "mask": "0x0002", "relatch": true, "readback": "0x0000", "result": "ok", "changes": {}, "at": 1791442694.2961228}
{"kind": "test", "reg": "0x13", "original": "0x0000", "value": "0x0004", "mask": "0x0004", "relatch": true, "readback": "0x0000", "result": "ok", "changes": {}, "at": 1791442696.7451124}
{"kind": "test", "reg": "0x13", "original": "0x0000", "value": "0x0008", "mask": "0x0008", "relatch": true, "readback": "0x0000", "result": "ok", "changes": {}, "at": 1791442699.0567672}
{"kind": "test", "reg": "0x13", "original": "0x0000", "value": "0x0010", "mask": "0x0010", "relatch": true, "readback": "0x0000", "result": "ok", "changes": {}, "at": 1791442701.5381598}
{"kind": "test", "reg": "0x13", "original": "0x0000", "value": "0x0020", "mask": "0x0020", "relatch": true, "readback": "0x0000", "result": "ok", "changes": {}, "at": 1791442704.057838}
{"kind": "test", "reg": "0x13", "original": "0x0000", "value": "0x0040", "mask": "0x0040", "relatch": true, "readback": "0x0000", "result": "ok", "changes": {}, "at": 1791442706.465837}
{"kind": "test", "reg": "0x13", "original": "0x0000", "value": "0x0080", "mask": "0x0080", "relatch": true, "readback": "0x0000", "result": "ok", "changes": {}, "at": 1791442708.8569655}
{"kind": "test", "reg": "0x13", "original": "0x0000", "value": "0x0100", "mask": "0x0100", "relatch": true, "readback": "0x0000", "result": "ok", "changes": {}, "at": 1791442711.5094023}
{"kind": "test", "reg": "0x13", "original": "0x0000", "value": "0x0200", "mask": "0x0200", "relatch": true, "readback": "0x0000", "result": "ok", "changes": {}, "at": 1791442713.8454564}
{"kind": "test", "reg": "0x13", "original": "0x0000", "value": "0x0400", "mask": "0x0400", "relatch": true, "readback": "0x0000", "result": "ok", "changes": {}, "at": 1791442716.242235}
{"kind": "test", "reg": "0x13", "original": "0x0000", "value": "0x0800", "mask": "0x0800", "relatch": true, "readback": "0x0000", "result": "ok", "changes": {}, "at": 1791442718.4901521}
{"kind": "test", "reg": "0x13", "original": "0x0000", "value": "0x1000", "mask": "0x1000", "relatch": true, "readback": "0x0000", "result": "ok", "changes": {}, "at": 1791442720.8799467}
{"kind": "test", "reg": "0x13", "original": "0x0000", "value": "0x2000", "mask": "0x2000", "relatch": true, "readback": "0x0000", "result": "ok", "changes": {}, "at": 1791442723.0815823}
{"kind": "test", "reg": "0x13", "original": "0x0000", "value": "0x4000", "mask": "0x4000", "relatch": true, "readback": "0x0000", "result": "ok", "changes": {}, "at": 1791442725.3765798}
{"kind": "test", "reg": "0x13", "original": "0x0000", "value": "0x8000", "mask": "0x8000", "relatch": true, "readback": "0x0000", "result": "ok", "changes": {}, "at": 1791442727.7968764}
{"kind": "reference", "at": 1791442730.7313097}
{"kind": "test", "reg": "0x14", "original": "0x5A03", "value": "0x5A02", "mask": "0x0001", "relatch": true, "readback": "0x5A02", "result": "ok", "changes": {}, "at": 1791442733.056791}
{"kind": "test", "reg": "0x14", "original": "0x5A03", "value": "0x5A01", "mask": "0x0002", "relatch": true, "readback": "0x5A01", "result": "ok", "changes": {}, "at": 1791442735.4244382}
{"kind": "test", "reg": "0x14", "original": "0x5A03", "value": "0x5A07", "mask": "0x0004", "relatch": true, "readback": "0x5A07", "result": "ok", "changes": {}, "at": 1791442737.7922106}
{"kind": "test", "reg": "0x14", "original": "0x5A03", "value": "0x5A0B", "mask": "0x0008", "relatch": true, "readback": "0x5A0B", "result": "ok", "changes": {}, "at": 1791442740.1035953}
{"kind": "test", "reg": "0x14", "original": "0x5A03", "value": "0x5A13", "mask": "0x0010", "relatch": true, "readback": "0x5A13", "result": "ok", "changes": {}, "at": 1791442742.5313203}
{"kind": "test", "reg": "0x14", "original": "0x5A03", "value": "0x5A23", "mask": "0x0020", "relatch": true, "readback": "0x5A23", "result": "ok", "changes": {}, "at": 1791442744.687479}
{"kind": "test", "reg": "0x14", "original": "0x5A03", "value": "0x5A43", "mask": "0x0040", "relatch": true, "readback": "0x5A43", "result": "ok", "changes": {}, "at": 1791442747.232651}
{"kind": "test", "reg": "0x14", "original": "0x5A03", "value": "0x5A83", "mask": "0x0080", "relatch": true, "readback": "0x5A83", "result": "ok", "changes": {}, "at": 1791442749.540308}
{"kind": "test", "reg": "0x14", "original": "0x5A03", "value": "0x5B03", "mask": "0x0100", "relatch": true, "readback": "0x5B03", "result": "ok", "changes": {}, "at": 1791442751.9370062}
{"kind": "test", "reg": "0x14", "original": "0x5A03", "value": "0x5803", "mask": "0x0200", "relatch": true, "readback": "0x5803", "result": "ok", "changes": {}, "at": 1791442754.280134}
{"kind": "test", "reg": "0x14", "original": "0x5A03", "value": "0x5E03", "mask": "0x0400", "relatch": true, "readback": "0x5E03", "result": "ok", "changes": {}, "at": 1791442756.676943}
{"kind": "test", "reg": "0x14", "original": "0x5A03", "value": "0x5203", "mask": "0x0800", "relatch": true, "readback": "0x5203", "result": "ok", "changes": {}, "at": 1791442759.016212}
{"kind": "test", "reg": "0x14", "original": "0x5A03", "value": "0x4A03", "mask": "0x1000", "relatch": true, "readback": "0x4A03", "result": "ok", "changes": {}, "at": 1791442761.5605068}
{"kind": "test", "reg": "0x14", "original": "0x5A03", "value": "0x7A03", "mask": "0x2000", "relatch": true, "readback": "0x7A03", "result": "ok", "changes": {}, "at": 1791442763.854673}
{"kind": "test", "reg": "0x14", "original": "0x5A03", "value": "0x1A03", "mask": "0x4000", "relatch": true, "readback": "0x1A03", "result": "ok", "changes": {}, "at": 1791442766.6193106}
{"kind": "test", "reg": "0x14", "original": "0x5A03", "value": "0xDA03", "mask": "0x8000", "relatch": true, "readback": "0xDA03", "result": "ok", "changes": {}, "at": 1791442768.827418}
{"kind": "test", "reg": "0x15", "original": "0x1708", "value": "0x1709", "mask": "0x0001", "relatch": true, "readback": "0x1709", "result": "ok", "changes": {}, "at": 1791442771.9016688}
{"kind": "test", "reg": "0x15", "original": "0x1708", "value": "0x170A", "mask": "0x0002", "relatch": true, "readback": "0x170A", "result": "ok", "changes": {}, "at": 1791442774.2019424}
{"kind": "test", "reg": "0x15", "original": "0x1708", "value": "0x170C", "mask": "0x0004", "relatch": true, "readback": "0x170C", "result": "ok", "changes": {}, "at": 1791442776.6546555}
{"kind": "test", "reg": "0x15", "original": "0x1708", "value": "0x1700", "mask": "0x0008", "relatch": true, "readback": "0x1700", "result": "ok", "changes": {}, "at": 1791442778.9968705}
{"kind": "test", "reg": "0x15", "original": "0x1708", "value": "0x1718", "mask": "0x0010", "relatch": true, "readback": "0x1718", "result": "ok", "changes": {}, "at": 1791442781.3803968}
{"kind": "test", "reg": "0x15", "original": "0x1708", "value": "0x1728", "mask": "0x0020", "relatch": true, "readback": "0x1728", "result": "ok", "changes": {}, "at": 1791442783.6753933}
{"kind": "test", "reg": "0x15", "original": "0x1708", "value": "0x1748", "mask": "0x0040", "relatch": true, "readback": "0x1748", "result": "ok", "changes": {}, "at": 1791442786.0691345}
{"kind": "test", "reg": "0x15", "original": "0x1708", "value": "0x1788", "mask": "0x0080", "relatch": true, "readback": "0x1788", "result": "ok", "changes": {}, "at": 1791442788.3351247}
{"kind": "test", "reg": "0x15", "original": "0x1708", "value": "0x1608", "mask": "0x0100", "relatch": true, "readback": "0x1608", "result": "ok", "changes": {}, "at": 1791442790.6149325}
{"kind": "test", "reg": "0x15", "original": "0x1708", "value": "0x1508", "mask": "0x0200", "relatch": true, "readback": "0x1508", "result": "ok", "changes": {}, "at": 1791442793.0867515}
{"kind": "test", "reg": "0x15", "original": "0x1708", "value": "0x1308", "mask": "0x0400", "relatch": true, "readback": "0x1308", "result": "ok", "changes": {}, "at": 1791442795.3745766}
{"kind": "test", "reg": "0x15", "original": "0x1708", "value": "0x1F08", "mask": "0x0800", "relatch": true, "readback": "0x1F08", "result": "ok", "changes": {}, "at": 1791442797.8212633}
{"kind": "test", "reg": "0x15", "original": "0x1708", "value": "0x0708", "mask": "0x1000", "relatch": true, "readback": "0x0708", "result": "ok", "changes": {}, "at": 1791442800.0525694}
{"kind": "test", "reg": "0x15", "original": "0x1708", "value": "0x3708", "mask": "0x2000", "relatch": true, "readback": "0x3708", "result": "ok", "changes": {}, "at": 1791442802.6727302}
{"kind": "test", "reg": "0x15", "original": "0x1708", "value": "0x5708", "mask": "0x4000", "relatch": true, "readback": "0x5708", "result": "ok", "changes": {}, "at": 1791442804.9776597}
{"kind": "test", "reg": "0x15", "original": "0x1708", "value": "0x9708", "mask": "0x8000", "relatch": true, "readback": "0x9708", "result": "ok", "changes": {}, "at": 1791442807.1967328}
{"kind": "test", "reg": "0x16", "original": "0x0300", "value": "0x0301", "mask": "0x0001", "relatch": true, "readback": "0x0301", "result": "ok", "changes": {}, "at": 1791442809.585856}
{"kind": "test", "reg": "0x16", "original": "0x0300", "value": "0x0302", "mask": "0x0002", "relatch": true, "readback": "0x0302", "result": "ok", "changes": {}, "at": 1791442812.0362294}
{"kind": "test", "reg": "0x16", "original": "0x0300", "value": "0x0304", "mask": "0x0004", "relatch": true, "readback": "0x0304", "result": "ok", "changes": {}, "at": 1791442814.5180175}
{"kind": "test", "reg": "0x16", "original": "0x0300", "value": "0x0308", "mask": "0x0008", "relatch": true, "readback": "0x0308", "result": "ok", "changes": {}, "at": 1791442817.2307253}
{"kind": "test", "reg": "0x16", "original": "0x0300", "value": "0x0310", "mask": "0x0010", "relatch": true, "readback": "0x0310", "result": "ok", "changes": {}, "at": 1791442819.6867092}
{"kind": "test", "reg": "0x16", "original": "0x0300", "value": "0x0320", "mask": "0x0020", "relatch": true, "readback": "0x0320", "result": "ok", "changes": {}, "at": 1791442822.0178041}
{"kind": "test", "reg": "0x16", "original": "0x0300", "value": "0x0340", "mask": "0x0040", "relatch": true, "readback": "0x0340", "result": "ok", "changes": {}, "at": 1791442824.339547}
{"kind": "test", "reg": "0x16", "original": "0x0300", "value": "0x0380", "mask": "0x0080", "relatch": true, "readback": "0x0380", "result": "ok", "changes": {}, "at": 1791442826.8417408}
{"kind": "test", "reg": "0x16", "original": "0x0300", "value": "0x0200", "mask": "0x0100", "relatch": true, "readback": "0x0200", "result": "ok", "changes": {}, "at": 1791442829.1228018}
{"kind": "test", "reg": "0x16", "original": "0x0300", "value": "0x0100", "mask": "0x0200", "relatch": true, "readback": "0x0100", "result": "ok", "changes": {}, "at": 1791442831.3719718}
{"kind": "test", "reg": "0x16", "original": "0x0300", "value": "0x0700", "mask": "0x0400", "relatch": true, "readback": "0x0700", "result": "ok", "changes": {}, "at": 1791442833.7892246}
{"kind": "test", "reg": "0x16", "original": "0x0300", "value": "0x0B00", "mask": "0x0800", "relatch": true, "readback": "0x0B00", "result": "ok", "changes": {}, "at": 1791442835.9830253}
{"kind": "test", "reg": "0x16", "original": "0x0300", "value": "0x1300", "mask": "0x1000", "relatch": true, "readback": "0x1300", "result": "ok", "changes": {}, "at": 1791442838.3666184}
{"kind": "test", "reg": "0x16", "original": "0x0300", "value": "0x2300", "mask": "0x2000", "relatch": true, "readback": "0x2300", "result": "ok", "changes": {}, "at": 1791442840.657817}
{"kind": "test", "reg": "0x16", "original": "0x0300", "value": "0x4300", "mask": "0x4000", "relatch": true, "readback": "0x4300", "result": "ok", "changes": {}, "at": 1791442843.16039}
{"kind": "test", "reg": "0x16", "original": "0x0300", "value": "0x8300", "mask": "0x8000", "relatch": true, "readback": "0x8300", "result": "ok", "changes": {}, "at": 1791442845.645802}
{"kind": "reference", "at": 1791442848.4757295}
{"kind": "test", "reg": "0x17", "original": "0x0210", "value": "0x0211", "mask": "0x0001", "relatch": true, "readback": "0x0211", "result": "ok", "changes": {}, "at": 1791442850.703418}
{"kind": "test", "reg": "0x17", "original": "0x0210", "value": "0x0212", "mask": "0x0002", "relatch": true, "readback": "0x0212", "result": "ok", "changes": {}, "at": 1791442853.0876575}
{"kind": "test", "reg": "0x17", "original": "0x0210", "value": "0x0214", "mask": "0x0004", "relatch": true, "readback": "0x0214", "result": "ok", "changes": {}, "at": 1791442855.262069}
{"kind": "test", "reg": "0x17", "original": "0x0210", "value": "0x0218", "mask": "0x0008", "relatch": true, "readback": "0x0218", "result": "ok", "changes": {}, "at": 1791442857.6650898}
{"kind": "test", "reg": "0x17", "original": "0x0210", "value": "0x0200", "mask": "0x0010", "relatch": true, "readback": "0x0200", "result": "ok", "changes": {}, "at": 1791442859.8733609}
{"kind": "test", "reg": "0x17", "original": "0x0210", "value": "0x0230", "mask": "0x0020", "relatch": true, "readback": "0x0230", "result": "ok", "changes": {}, "at": 1791442862.248497}
{"kind": "test", "reg": "0x17", "original": "0x0210", "value": "0x0250", "mask": "0x0040", "relatch": true, "readback": "0x0250", "result": "ok", "changes": {}, "at": 1791442864.70006}
{"kind": "test", "reg": "0x17", "original": "0x0210", "value": "0x0290", "mask": "0x0080", "relatch": true, "readback": "0x0290", "result": "ok", "changes": {}, "at": 1791442867.0156922}
{"kind": "test", "reg": "0x17", "original": "0x0210", "value": "0x0310", "mask": "0x0100", "relatch": true, "readback": "0x0310", "result": "ok", "changes": {}, "at": 1791442869.408598}
{"kind": "test", "reg": "0x17", "original": "0x0210", "value": "0x0010", "mask": "0x0200", "relatch": true, "readback": "0x0010", "result": "ok", "changes": {}, "at": 1791442871.8975186}
{"kind": "test", "reg": "0x17", "original": "0x0210", "value": "0x0610", "mask": "0x0400", "relatch": true, "readback": "0x0610", "result": "ok", "changes": {}, "at": 1791442874.0808299}
{"kind": "test", "reg": "0x17", "original": "0x0210", "value": "0x0A10", "mask": "0x0800", "relatch": true, "readback": "0x0A10", "result": "ok", "changes": {}, "at": 1791442876.399441}
{"kind": "test", "reg": "0x17", "original": "0x0210", "value": "0x1210", "mask": "0x1000", "relatch": true, "readback": "0x1210", "result": "ok", "changes": {}, "at": 1791442878.825682}
{"kind": "test", "reg": "0x17", "original": "0x0210", "value": "0x2210", "mask": "0x2000", "relatch": true, "readback": "0x2210", "result": "ok", "changes": {}, "at": 1791442881.415804}
{"kind": "test", "reg": "0x17", "original": "0x0210", "value": "0x4210", "mask": "0x4000", "relatch": true, "readback": "0x4210", "result": "ok", "changes": {}, "at": 1791442883.752086}
{"kind": "test", "reg": "0x17", "original": "0x0210", "value": "0x8210", "mask": "0x8000", "relatch": true, "readback": "0x8210", "result": "ok", "changes": {}, "at": 1791442886.1386206}
{"kind": "test", "reg": "0x18", "original": "0x0000", "value": "0x0001", "mask": "0x0001", "relatch": true, "readback": "0x0000", "result": "ok", "changes": {}, "at": 1791442888.7087252}
{"kind": "test", "reg": "0x18", "original": "0x0000", "value": "0x0002", "mask": "0x0002", "relatch": true, "readback": "0x0000", "result": "ok", "changes": {}, "at": 1791442891.1478255}
{"kind": "test", "reg": "0x18", "original": "0x0000", "value": "0x0004", "mask": "0x0004", "relatch": true, "readback": "0x0000", "result": "ok", "changes": {}, "at": 1791442893.282146}
{"kind": "test", "reg": "0x18", "original": "0x0000", "value": "0x0008", "mask": "0x0008", "relatch": true, "readback": "0x0000", "result": "ok", "changes": {}, "at": 1791442895.530698}
{"kind": "test", "reg": "0x18", "original": "0x0000", "value": "0x0010", "mask": "0x0010", "relatch": true, "readback": "0x0000", "result": "ok", "changes": {}, "at": 1791442898.0161874}
{"kind": "test", "reg": "0x18", "original": "0x0000", "value": "0x0020", "mask": "0x0020", "relatch": true, "readback": "0x0000", "result": "ok", "changes": {}, "at": 1791442900.1420593}
{"kind": "test", "reg": "0x18", "original": "0x0000", "value": "0x0040", "mask": "0x0040", "relatch": true, "readback": "0x0000", "result": "ok", "changes": {}, "at": 1791442902.5566463}
{"kind": "test", "reg": "0x18", "original": "0x0000", "value": "0x0080", "mask": "0x0080", "relatch": true, "readback": "0x0000", "result": "ok", "changes": {}, "at": 1791442904.9805806}
{"kind": "test", "reg": "0x18", "original": "0x0000", "value": "0x0100", "mask": "0x0100", "relatch": true, "readback": "0x0000", "result": "ok", "changes": {}, "at": 1791442907.243333}
{"kind": "test", "reg": "0x18", "original": "0x0000", "value": "0x0200", "mask": "0x0200", "relatch": true, "readback": "0x0000", "result": "ok", "changes": {}, "at": 1791442909.6215968}
{"kind": "test", "reg": "0x18", "original": "0x0000", "value": "0x0400", "mask": "0x0400", "relatch": true, "readback": "0x0000", "result": "ok", "changes": {}, "at": 1791442912.1182353}
{"kind": "test", "reg": "0x18", "original": "0x0000", "value": "0x0800", "mask": "0x0800", "relatch": true, "readback": "0x0000", "result": "ok", "changes": {}, "at": 1791442914.6508636}
{"kind": "test", "reg": "0x18", "original": "0x0000", "value": "0x1000", "mask": "0x1000", "relatch": true, "readback": "0x0000", "result": "ok", "changes": {}, "at": 1791442917.2558935}
{"kind": "test", "reg": "0x18", "original": "0x0000", "value": "0x2000", "mask": "0x2000", "relatch": true, "readback": "0x0000", "result": "ok", "changes": {}, "at": 1791442919.618334}
{"kind": "test", "reg": "0x18", "original": "0x0000", "value": "0x4000", "mask": "0x4000", "relatch": true, "readback": "0x0000", "result": "ok", "changes": {}, "at": 1791442921.9467654}
{"kind": "test", "reg": "0x18", "original": "0x0000", "value": "0x8000", "mask": "0x8000", "relatch": true, "readback": "0x0000", "result": "ok", "changes": {}, "at": 1791442924.5991216}
{"kind": "test", "reg": "0x19", "original": "0x0000", "value": "0x0001", "mask": "0x0001", "relatch": true, "readback": "0x0000", "result": "ok", "changes": {}, "at": 1791442927.1161652}
{"kind": "test", "reg": "0x19", "original": "0x0000", "value": "0x0002", "mask": "0x0002", "relatch": true, "readback": "0x0000", "result": "ok", "changes": {}, "at": 1791442929.6089473}
{"kind": "test", "reg": "0x19", "original": "0x0000", "value": "0x0004", "mask": "0x0004", "relatch": true, "readback": "0x0000", "result": "ok", "changes": {}, "at": 1791442931.914884}
{"kind": "test", "reg": "0x19", "original": "0x0000", "value": "0x0008", "mask": "0x0008", "relatch": true, "readback": "0x0000", "result": "ok", "changes": {}, "at": 1791442934.5286477}
{"kind": "test", "reg": "0x19", "original": "0x0000", "value": "0x0010", "mask": "0x0010", "relatch": true, "readback": "0x0000", "result": "ok", "changes": {}, "at": 1791442937.1139233}
{"kind": "test", "reg": "0x19", "original": "0x0000", "value": "0x0020", "mask": "0x0020", "relatch": true, "readback": "0x0000", "result": "ok", "changes": {}, "at": 1791442939.4246624}
{"kind": "test", "reg": "0x19", "original": "0x0000", "value": "0x0040", "mask": "0x0040", "relatch": true, "readback": "0x0000", "result": "ok", "changes": {}, "at": 1791442942.0602257}
{"kind": "test", "reg": "0x19", "original": "0x0000", "value": "0x0080", "mask": "0x0080", "relatch": true, "readback": "0x0000", "result": "ok", "changes": {}, "at": 1791442944.5587502}
{"kind": "test", "reg": "0x19", "original": "0x0000", "value": "0x0100", "mask": "0x0100", "relatch": true, "readback": "0x0000", "result": "ok", "changes": {}, "at": 1791442947.2464993}
{"kind": "test", "reg": "0x19", "original": "0x0000", "value": "0x0200", "mask": "0x0200", "relatch": true, "readback": "0x0000", "result": "ok", "changes": {}, "at": 1791442949.5936053}
{"kind": "test", "reg": "0x19", "original": "0x0000", "value": "0x0400", "mask": "0x0400", "relatch": true, "readback": "0x0000", "result": "ok", "changes": {}, "at": 1791442952.1248796}
{"kind": "test", "reg": "0x19", "original": "0x0000", "value": "0x0800", "mask": "0x0800", "relatch": true, "readback": "0x0000", "result": "ok", "changes": {}, "at": 1791442954.4494107}
{"kind": "test", "reg": "0x19", "original": "0x0000", "value": "0x1000", "mask": "0x1000", "relatch": true, "readback": "0x0000", "result": "ok", "changes": {}, "at": 1791442956.8973618}
{"kind": "test", "reg": "0x19", "original": "0x0000", "value": "0x2000", "mask": "0x2000", "relatch": true, "readback": "0x0000", "result": "ok", "changes": {}, "at": 1791442959.39}
{"kind": "test", "reg": "0x19", "original": "0x0000", "value": "0x4000", "mask": "0x4000", "relatch": true, "readback": "0x0000", "result": "ok", "changes": {}, "at": 1791442961.7813249}
{"kind": "test", "reg": "0x19", "original": "0x0000", "value": "0x8000", "mask": "0x8000", "relatch": true, "readback": "0x0000", "result": "ok", "changes": {}, "at": 1791442964.1120472}
{"kind": "reference", "at": 1791442967.0613725}
{"kind": "test", "reg": "0x1A", "original": "0x0000", "value": "0x0001", "mask": "0x0001", "relatch": true, "readback": "0x0000", "result": "ok", "changes": {}, "at": 1791442969.488492}
{"kind": "test", "reg": "0x1A", "original": "0x0000", "value": "0x0002", "mask": "0x0002", "relatch": true, "readback": "0x0000", "result": "ok", "changes": {}, "at": 1791442971.9138348}
{"kind": "test", "reg": "0x1A", "original": "0x0000", "value": "0x0004", "mask": "0x0004", "relatch": true, "readback": "0x0000", "result": "ok", "changes": {}, "at": 1791442974.1847804}
{"kind": "test", "reg": "0x1A", "original": "0x0000", "value": "0x0008", "mask": "0x0008", "relatch": true, "readback": "0x0000", "result": "ok", "changes": {}, "at": 1791442976.6996207}
{"kind": "test", "reg": "0x1A", "original": "0x0000", "value": "0x0010", "mask": "0x0010", "relatch": true, "readback": "0x0000", "result": "ok", "changes": {}, "at": 1791442978.9334717}
{"kind": "test", "reg": "0x1A", "original": "0x0000", "value": "0x0020", "mask": "0x0020", "relatch": true, "readback": "0x0000", "result": "ok", "changes": {}, "at": 1791442981.3674822}
{"kind": "test", "reg": "0x1A", "original": "0x0000", "value": "0x0040", "mask": "0x0040", "relatch": true, "readback": "0x0000", "result": "ok", "changes": {}, "at": 1791442983.7244925}
{"kind": "test", "reg": "0x1A", "original": "0x0000", "value": "0x0080", "mask": "0x0080", "relatch": true, "readback": "0x0000", "result": "ok", "changes": {}, "at": 1791442986.2923338}
{"kind": "test", "reg": "0x1A", "original": "0x0000", "value": "0x0100", "mask": "0x0100", "relatch": true, "readback": "0x0000", "result": "ok", "changes": {}, "at": 1791442988.6029313}
{"kind": "test", "reg": "0x1A", "original": "0x0000", "value": "0x0200", "mask": "0x0200", "relatch": true, "readback": "0x0000", "result": "ok", "changes": {}, "at": 1791442991.0285745}
{"kind": "test", "reg": "0x1A", "original": "0x0000", "value": "0x0400", "mask": "0x0400", "relatch": true, "readback": "0x0000", "result": "ok", "changes": {}, "at": 1791442993.407906}
{"kind": "test", "reg": "0x1A", "original": "0x0000", "value": "0x0800", "mask": "0x0800", "relatch": true, "readback": "0x0000", "result": "ok", "changes": {}, "at": 1791442996.1003458}
{"kind": "test", "reg": "0x1A", "original": "0x0000", "value": "0x1000", "mask": "0x1000", "relatch": true, "readback": "0x0000", "result": "ok", "changes": {}, "at": 1791442998.4464707}
{"kind": "test", "reg": "0x1A", "original": "0x0000", "value": "0x2000", "mask": "0x2000", "relatch": true, "readback": "0x0000", "result": "ok", "changes": {}, "at": 1791443000.795932}
{"kind": "test", "reg": "0x1A", "original": "0x0000", "value": "0x4000", "mask": "0x4000", "relatch": true, "readback": "0x0000", "result": "ok", "changes": {}, "at": 1791443003.152759}
{"kind": "test", "reg": "0x1A", "original": "0x0000", "value": "0x8000", "mask": "0x8000", "relatch": true, "readback": "0x0000", "result": "ok", "changes": {}, "at": 1791443005.5476687}
{"kind": "test", "reg": "0x1B", "original": "0x0000", "value": "0x0001", "mask": "0x0001", "relatch": true, "readback": "0x0000", "result": "ok", "changes": {}, "at": 1791443008.1931274}
{"kind": "test", "reg": "0x1B", "original": "0x0000", "value": "0x0002", "mask": "0x0002", "relatch": true, "readback": "0x0000", "result": "ok", "changes": {}, "at": 1791443010.5433023}
{"kind": "test", "reg": "0x1B", "original": "0x0000", "value": "0x0004", "mask": "0x0004", "relatch": true, "readback": "0x0000", "result": "ok", "changes": {}, "at": 1791443013.0120337}
{"kind": "test", "reg": "0x1B", "original": "0x0000", "value": "0x0008", "mask": "0x0008", "relatch": true, "readback": "0x0000", "result": "ok", "changes": {}, "at": 1791443015.2943618}
{"kind": "test", "reg": "0x1B", "original": "0x0000", "value": "0x0010", "mask": "0x0010", "relatch": true, "readback": "0x0000", "result": "ok", "changes": {}, "at": 1791443017.872554}
{"kind": "test", "reg": "0x1B", "original": "0x0000", "value": "0x0020", "mask": "0x0020", "relatch": true, "readback": "0x0000", "result": "ok", "changes": {}, "at": 1791443020.3634222}
{"kind": "test", "reg": "0x1B", "original": "0x0000", "value": "0x0040", "mask": "0x0040", "relatch": true, "readback": "0x0000", "result": "ok", "changes": {}, "at": 1791443022.7074811}
{"kind": "test", "reg": "0x1B", "original": "0x0000", "value": "0x0080", "mask": "0x0080", "relatch": true, "readback": "0x0000", "result": "ok", "changes": {}, "at": 1791443025.1474726}
{"kind": "test", "reg": "0x1B", "original": "0x0000", "value": "0x0100", "mask": "0x0100", "relatch": true, "readback": "0x0000", "result": "ok", "changes": {}, "at": 1791443027.6843603}
{"kind": "test", "reg": "0x1B", "original": "0x0000", "value": "0x0200", "mask": "0x0200", "relatch": true, "readback": "0x0000", "result": "ok", "changes": {}, "at": 1791443030.1335626}
{"kind": "test", "reg": "0x1B", "original": "0x0000", "value": "0x0400", "mask": "0x0400", "relatch": true, "readback": "0x0000", "result": "ok", "changes": {}, "at": 1791443032.400366}
{"kind": "test", "reg": "0x1B", "original": "0x0000", "value": "0x0800", "mask": "0x0800", "relatch": true, "readback": "0x0000", "result": "ok", "changes": {}, "at": 1791443034.669645}
{"kind": "test", "reg": "0x1B", "original": "0x0000", "value": "0x1000", "mask": "0x1000", "relatch": true, "readback": "0x0000", "result": "ok", "changes": {}, "at": 1791443037.0839942}
{"kind": "test", "reg": "0x1B", "original": "0x0000", "value": "0x2000", "mask": "0x2000", "relatch": true, "readback": "0x0000", "result": "ok", "changes": {}, "at": 1791443039.5617979}
{"kind": "test", "reg": "0x1B", "original": "0x0000", "value": "0x4000", "mask": "0x4000", "relatch": true, "readback": "0x0000", "result": "ok", "changes": {}, "at": 1791443041.9615662}
{"kind": "test", "reg": "0x1B", "original": "0x0000", "value": "0x8000", "mask": "0x8000", "relatch": true, "readback": "0x0000", "result": "ok", "changes": {}, "at": 1791443044.1462991}
{"kind": "test", "reg": "0x1C", "original": "0x0000", "value": "0x0001", "mask": "0x0001", "relatch": true, "readback": "0x0000", "result": "ok", "changes": {}, "at": 1791443046.7459934}
{"kind": "test", "reg": "0x1C", "original": "0x0000", "value": "0x0002", "mask": "0x0002", "relatch": true, "readback": "0x0000", "result": "ok", "changes": {}, "at": 1791443049.2736607}
{"kind": "test", "reg": "0x1C", "original": "0x0000", "value": "0x0004", "mask": "0x0004", "relatch": true, "readback": "0x0000", "result": "ok", "changes": {}, "at": 1791443051.7869728}
{"kind": "test", "reg": "0x1C", "original": "0x0000", "value": "0x0008", "mask": "0x0008", "relatch": true, "readback": "0x0000", "result": "ok", "changes": {}, "at": 1791443054.2114682}
{"kind": "test", "reg": "0x1C", "original": "0x0000", "value": "0x0010", "mask": "0x0010", "relatch": true, "readback": "0x0000", "result": "ok", "changes": {}, "at": 1791443056.4580781}
{"kind": "test", "reg": "0x1C", "original": "0x0000", "value": "0x0020", "mask": "0x0020", "relatch": true, "readback": "0x0000", "result": "ok", "changes": {}, "at": 1791443058.7784169}
{"kind": "test", "reg": "0x1C", "original": "0x0000", "value": "0x0040", "mask": "0x0040", "relatch": true, "readback": "0x0000", "result": "ok", "changes": {}, "at": 1791443061.094404}
{"kind": "test", "reg": "0x1C", "original": "0x0000", "value": "0x0080", "mask": "0x0080", "relatch": true, "readback": "0x0000", "result": "ok", "changes": {}, "at": 1791443063.5105495}
{"kind": "test", "reg": "0x1C", "original": "0x0000", "value": "0x0100", "mask": "0x0100", "relatch": true, "readback": "0x0000", "result": "ok", "changes": {}, "at": 1791443066.076491}
{"kind": "test", "reg": "0x1C", "original": "0x0000", "value": "0x0200", "mask": "0x0200", "relatch": true, "readback": "0x0000", "result": "ok", "changes": {}, "at": 1791443068.2962356}
{"kind": "test", "reg": "0x1C", "original": "0x0000", "value": "0x0400", "mask": "0x0400", "relatch": true, "readback": "0x0000", "result": "ok", "changes": {}, "at": 1791443070.8482075}
{"kind": "test", "reg": "0x1C", "original": "0x0000", "value": "0x0800", "mask": "0x0800", "relatch": true, "readback": "0x0000", "result": "ok", "changes": {}, "at": 1791443073.243848}
{"kind": "test", "reg": "0x1C", "original": "0x0000", "value": "0x1000", "mask": "0x1000", "relatch": true, "readback": "0x0000", "result": "ok", "changes": {}, "at": 1791443075.7011952}
{"kind": "test", "reg": "0x1C", "original": "0x0000", "value": "0x2000", "mask": "0x2000", "relatch": true, "readback": "0x0000", "result": "ok", "changes": {}, "at": 1791443078.2739613}
{"kind": "test", "reg": "0x1C", "original": "0x0000", "value": "0x4000", "mask": "0x4000", "relatch": true, "readback": "0x0000", "result": "ok", "changes": {}, "at": 1791443081.0285447}
{"kind": "test", "reg": "0x1C", "original": "0x0000", "value": "0x8000", "mask": "0x8000", "relatch": true, "readback": "0x0000", "result": "ok", "changes": {}, "at": 1791443083.3328378}
{"kind": "reference", "at": 1791443085.9115086}
{"kind": "test", "reg": "0x1D", "original": "0x0000", "value": "0x0001", "mask": "0x0001", "relatch": true, "readback": "0x0000", "result": "ok", "changes": {}, "at": 1791443088.5342603}
{"kind": "test", "reg": "0x1D", "original": "0x0000", "value": "0x0002", "mask": "0x0002", "relatch": true, "readback": "0x0000", "result": "ok", "changes": {}, "at": 1791443091.0424733}
{"kind": "test", "reg": "0x1D", "original": "0x0000", "value": "0x0004", "mask": "0x0004", "relatch": true, "readback": "0x0000", "result": "ok", "changes": {}, "at": 1791443093.479655}
{"kind": "test", "reg": "0x1D", "original": "0x0000", "value": "0x0008", "mask": "0x0008", "relatch": true, "readback": "0x0000", "result": "ok", "changes": {}, "at": 1791443095.7859}
{"kind": "test", "reg": "0x1D", "original": "0x0000", "value": "0x0010", "mask": "0x0010", "relatch": true, "readback": "0x0000", "result": "ok", "changes": {}, "at": 1791443098.0060003}
{"kind": "test", "reg": "0x1D", "original": "0x0000", "value": "0x0020", "mask": "0x0020", "relatch": true, "readback": "0x0000", "result": "ok", "changes": {}, "at": 1791443100.3843937}
{"kind": "test", "reg": "0x1D", "original": "0x0000", "value": "0x0040", "mask": "0x0040", "relatch": true, "readback": "0x0000", "result": "ok", "changes": {}, "at": 1791443102.9272192}
{"kind": "test", "reg": "0x1D", "original": "0x0000", "value": "0x0080", "mask": "0x0080", "relatch": true, "readback": "0x0000", "result": "ok", "changes": {}, "at": 1791443105.1982524}
{"kind": "test", "reg": "0x1D", "original": "0x0000", "value": "0x0100", "mask": "0x0100", "relatch": true, "readback": "0x0000", "result": "ok", "changes": {}, "at": 1791443107.6253724}
{"kind": "test", "reg": "0x1D", "original": "0x0000", "value": "0x0200", "mask": "0x0200", "relatch": true, "readback": "0x0000", "result": "ok", "changes": {}, "at": 1791443110.0870848}
{"kind": "test", "reg": "0x1D", "original": "0x0000", "value": "0x0400", "mask": "0x0400", "relatch": true, "readback": "0x0000", "result": "ok", "changes": {}, "at": 1791443112.3268874}
{"kind": "test", "reg": "0x1D", "original": "0x0000", "value": "0x0800", "mask": "0x0800", "relatch": true, "readback": "0x0000", "result": "ok", "changes": {}, "at": 1791443114.879499}
{"kind": "test", "reg": "0x1D", "original": "0x0000", "value": "0x1000", "mask": "0x1000", "relatch": true, "readback": "0x0000", "result": "ok", "changes": {}, "at": 1791443117.201739}
{"kind": "test", "reg": "0x1D", "original": "0x0000", "value": "0x2000", "mask": "0x2000", "relatch": true, "readback": "0x0000", "result": "ok", "changes": {}, "at": 1791443119.4434175}
{"kind": "test", "reg": "0x1D", "original": "0x0000", "value": "0x4000", "mask": "0x4000", "relatch": true, "readback": "0x0000", "result": "ok", "changes": {}, "at": 1791443121.6999142}
{"kind": "test", "reg": "0x1D", "original": "0x0000", "value": "0x8000", "mask": "0x8000", "relatch": true, "readback": "0x0000", "result": "ok", "changes": {}, "at": 1791443124.1434972}
{"kind": "test", "reg": "0x1E", "original": "0x0000", "value": "0x0001", "mask": "0x0001", "relatch": true, "readback": "0x0000", "result": "ok", "changes": {}, "at": 1791443126.618173}
{"kind": "test", "reg": "0x1E", "original": "0x0000", "value": "0x0002", "mask": "0x0002", "relatch": true, "readback": "0x0000", "result": "ok", "changes": {}, "at": 1791443129.0961957}
{"kind": "test", "reg": "0x1E", "original": "0x0000", "value": "0x0004", "mask": "0x0004", "relatch": true, "readback": "0x0000", "result": "ok", "changes": {}, "at": 1791443131.321575}
{"kind": "test", "reg": "0x1E", "original": "0x0000", "value": "0x0008", "mask": "0x0008", "relatch": true, "readback": "0x0000", "result": "ok", "changes": {}, "at": 1791443133.648024}
{"kind": "test", "reg": "0x1E", "original": "0x0000", "value": "0x0010", "mask": "0x0010", "relatch": true, "readback": "0x0000", "result": "ok", "changes": {}, "at": 1791443136.2239065}
{"kind": "test", "reg": "0x1E", "original": "0x0000", "value": "0x0020", "mask": "0x0020", "relatch": true, "readback": "0x0000", "result": "ok", "changes": {}, "at": 1791443138.8818796}
{"kind": "test", "reg": "0x1E", "original": "0x0000", "value": "0x0040", "mask": "0x0040", "relatch": true, "readback": "0x0000", "result": "ok", "changes": {}, "at": 1791443141.4470558}
{"kind": "test", "reg": "0x1E", "original": "0x0000", "value": "0x0080", "mask": "0x0080", "relatch": true, "readback": "0x0000", "result": "ok", "changes": {}, "at": 1791443143.8855424}
{"kind": "test", "reg": "0x1E", "original": "0x0000", "value": "0x0100", "mask": "0x0100", "relatch": true, "readback": "0x0000", "result": "ok", "changes": {}, "at": 1791443146.4058347}
{"kind": "test", "reg": "0x1E", "original": "0x0000", "value": "0x0200", "mask": "0x0200", "relatch": true, "readback": "0x0000", "result": "ok", "changes": {}, "at": 1791443148.8819873}
{"kind": "test", "reg": "0x1E", "original": "0x0000", "value": "0x0400", "mask": "0x0400", "relatch": true, "readback": "0x0000", "result": "ok", "changes": {}, "at": 1791443151.2944412}
{"kind": "test", "reg": "0x1E", "original": "0x0000", "value": "0x0800", "mask": "0x0800", "relatch": true, "readback": "0x0000", "result": "ok", "changes": {}, "at": 1791443153.7135751}
{"kind": "test", "reg": "0x1E", "original": "0x0000", "value": "0x1000", "mask": "0x1000", "relatch": true, "readback": "0x0000", "result": "ok", "changes": {}, "at": 1791443155.9425638}
{"kind": "test", "reg": "0x1E", "original": "0x0000", "value": "0x2000", "mask": "0x2000", "relatch": true, "readback": "0x0000", "result": "ok", "changes": {}, "at": 1791443158.2931836}
{"kind": "test", "reg": "0x1E", "original": "0x0000", "value": "0x4000", "mask": "0x4000", "relatch": true, "readback": "0x0000", "result": "ok", "changes": {}, "at": 1791443160.8395946}
{"kind": "test", "reg": "0x1E", "original": "0x0000", "value": "0x8000", "mask": "0x8000", "relatch": true, "readback": "0x0000", "result": "ok", "changes": {}, "at": 1791443163.0915077}
{"kind": "test", "reg": "0x1F", "original": "0x0000", "value": "0x0001", "mask": "0x0001", "relatch": true, "readback": "0x0000", "result": "ok", "changes": {}, "at": 1791443165.518284}
{"kind": "test", "reg": "0x1F", "original": "0x0000", "value": "0x0002", "mask": "0x0002", "relatch": true, "readback": "0x0000", "result": "ok", "changes": {}, "at": 1791443167.8048875}
{"kind": "test", "reg": "0x1F", "original": "0x0000", "value": "0x0004", "mask": "0x0004", "relatch": true, "readback": "0x0000", "result": "ok", "changes": {}, "at": 1791443170.332511}
{"kind": "test", "reg": "0x1F", "original": "0x0000", "value": "0x0008", "mask": "0x0008", "relatch": true, "readback": "0x0000", "result": "ok", "changes": {}, "at": 1791443172.7741451}
{"kind": "test", "reg": "0x1F", "original": "0x0000", "value": "0x0010", "mask": "0x0010", "relatch": true, "readback": "0x0000", "result": "ok", "changes": {}, "at": 1791443175.019561}
{"kind": "test", "reg": "0x1F", "original": "0x0000", "value": "0x0020", "mask": "0x0020", "relatch": true, "readback": "0x0000", "result": "ok", "changes": {}, "at": 1791443177.4979045}
{"kind": "test", "reg": "0x1F", "original": "0x0000", "value": "0x0040", "mask": "0x0040", "relatch": true, "readback": "0x0000", "result": "ok", "changes": {}, "at": 1791443179.9502966}
{"kind": "test", "reg": "0x1F", "original": "0x0000", "value": "0x0080", "mask": "0x0080", "relatch": true, "readback": "0x0000", "result": "ok", "changes": {}, "at": 1791443182.3127365}
{"kind": "test", "reg": "0x1F", "original": "0x0000", "value": "0x0100", "mask": "0x0100", "relatch": true, "readback": "0x0000", "result": "ok", "changes": {}, "at": 1791443184.7523048}
{"kind": "test", "reg": "0x1F", "original": "0x0000", "value": "0x0200", "mask": "0x0200", "relatch": true, "readback": "0x0000", "result": "ok", "changes": {}, "at": 1791443187.1268272}
{"kind": "test", "reg": "0x1F", "original": "0x0000", "value": "0x0400", "mask": "0x0400", "relatch": true, "readback": "0x0000", "result": "ok", "changes": {}, "at": 1791443189.5282493}
{"kind": "test", "reg": "0x1F", "original": "0x0000", "value": "0x0800", "mask": "0x0800", "relatch": true, "readback": "0x0000", "result": "ok", "changes": {}, "at": 1791443191.8076541}
{"kind": "test", "reg": "0x1F", "original": "0x0000", "value": "0x1000", "mask": "0x1000", "relatch": true, "readback": "0x0000", "result": "ok", "changes": {}, "at": 1791443194.1188693}
{"kind": "test", "reg": "0x1F", "original": "0x0000", "value": "0x2000", "mask": "0x2000", "relatch": true, "readback": "0x0000", "result": "ok", "changes": {}, "at": 1791443196.5538905}
{"kind": "test", "reg": "0x1F", "original": "0x0000", "value": "0x4000", "mask": "0x4000", "relatch": true, "readback": "0x0000", "result": "ok", "changes": {}, "at": 1791443198.9130566}
{"kind": "test", "reg": "0x1F", "original": "0x0000", "value": "0x8000", "mask": "0x8000", "relatch": true, "readback": "0x0000", "result": "ok", "changes": {}, "at": 1791443201.4288394}
{"kind": "reference", "at": 1791443204.4944866}
{"kind": "test", "reg": "0x20", "original": "0x0000", "value": "0x0001", "mask": "0x0001", "relatch": true, "readback": "0x0001", "result": "ok", "changes": {}, "at": 1791443206.8217986}
{"kind": "test", "reg": "0x20", "original": "0x0000", "value": "0x0002", "mask": "0x0002", "relatch": true, "readback": "0x0002", "result": "ok", "changes": {}, "at": 1791443209.3241887}
{"kind": "test", "reg": "0x20", "original": "0x0000", "value": "0x0004", "mask": "0x0004", "relatch": true, "readback": "0x0004", "result": "ok", "changes": {}, "at": 1791443211.9765718}
{"kind": "test", "reg": "0x20", "original": "0x0000", "value": "0x0008", "mask": "0x0008", "relatch": true, "readback": "0x0008", "result": "ok", "changes": {}, "at": 1791443214.5449347}
{"kind": "test", "reg": "0x20", "original": "0x0000", "value": "0x0010", "mask": "0x0010", "relatch": true, "readback": "0x0010", "result": "ok", "changes": {}, "at": 1791443216.8633282}
{"kind": "test", "reg": "0x20", "original": "0x0000", "value": "0x0020", "mask": "0x0020", "relatch": true, "readback": "0x0020", "result": "ok", "changes": {}, "at": 1791443219.0699048}
{"kind": "test", "reg": "0x20", "original": "0x0000", "value": "0x0040", "mask": "0x0040", "relatch": true, "readback": "0x0040", "result": "ok", "changes": {}, "at": 1791443221.4901347}
{"kind": "test", "reg": "0x20", "original": "0x0000", "value": "0x0080", "mask": "0x0080", "relatch": true, "readback": "0x0080", "result": "ok", "changes": {}, "at": 1791443223.7228632}
{"kind": "test", "reg": "0x20", "original": "0x0000", "value": "0x0100", "mask": "0x0100", "relatch": true, "readback": "0x0100", "result": "ok", "changes": {}, "at": 1791443226.1345065}
{"kind": "test", "reg": "0x20", "original": "0x0000", "value": "0x0200", "mask": "0x0200", "relatch": true, "readback": "0x0200", "result": "ok", "changes": {}, "at": 1791443228.372262}
{"kind": "test", "reg": "0x20", "original": "0x0000", "value": "0x0400", "mask": "0x0400", "relatch": true, "readback": "0x0400", "result": "ok", "changes": {}, "at": 1791443230.6795278}
{"kind": "test", "reg": "0x20", "original": "0x0000", "value": "0x0800", "mask": "0x0800", "relatch": true, "readback": "0x0800", "result": "ok", "changes": {}, "at": 1791443232.9243648}
{"kind": "test", "reg": "0x20", "original": "0x0000", "value": "0x1000", "mask": "0x1000", "relatch": true, "readback": "0x1000", "result": "ok", "changes": {}, "at": 1791443234.9830909}
{"kind": "test", "reg": "0x20", "original": "0x0000", "value": "0x2000", "mask": "0x2000", "relatch": true, "readback": "0x2000", "result": "ok", "changes": {}, "at": 1791443237.2661114}
{"kind": "test", "reg": "0x20", "original": "0x0000", "value": "0x4000", "mask": "0x4000", "relatch": true, "readback": "0x4000", "result": "ok", "changes": {}, "at": 1791443239.7917478}
{"kind": "test", "reg": "0x20", "original": "0x0000", "value": "0x8000", "mask": "0x8000", "relatch": true, "readback": "0x8000", "result": "ok", "changes": {}, "at": 1791443242.3374643}
{"kind": "test", "reg": "0x21", "original": "0x0000", "value": "0x0001", "mask": "0x0001", "relatch": true, "readback": "0x0001", "result": "ok", "changes": {}, "at": 1791443244.9532356}
{"kind": "test", "reg": "0x21", "original": "0x0000", "value": "0x0002", "mask": "0x0002", "relatch": true, "readback": "0x0002", "result": "ok", "changes": {}, "at": 1791443247.350697}
{"kind": "reference", "at": 1791443456.4812832}
{"kind": "test", "reg": "0x21", "original": "0x0000", "value": "0x0001", "mask": "0x0001", "relatch": true, "readback": "0x0001", "result": "ok", "changes": {}, "at": 1791443459.1546204}
{"kind": "test", "reg": "0x21", "original": "0x0000", "value": "0x0002", "mask": "0x0002", "relatch": true, "readback": "0x0002", "result": "ok", "changes": {}, "at": 1791443461.473828}
{"kind": "test", "reg": "0x21", "original": "0x0000", "value": "0x0004", "mask": "0x0004", "relatch": true, "readback": "0x0004", "result": "ok", "changes": {}, "at": 1791443463.9984736}
{"kind": "test", "reg": "0x21", "original": "0x0000", "value": "0x0008", "mask": "0x0008", "relatch": true, "readback": "0x0008", "result": "ok", "changes": {}, "at": 1791443466.121594}
{"kind": "test", "reg": "0x21", "original": "0x0000", "value": "0x0010", "mask": "0x0010", "relatch": true, "readback": "0x0010", "result": "ok", "changes": {}, "at": 1791443468.3089356}
{"kind": "test", "reg": "0x21", "original": "0x0000", "value": "0x0020", "mask": "0x0020", "relatch": true, "readback": "0x0020", "result": "ok", "changes": {}, "at": 1791443470.7966928}
{"kind": "test", "reg": "0x21", "original": "0x0000", "value": "0x0040", "mask": "0x0040", "relatch": true, "readback": "0x0040", "result": "ok", "changes": {}, "at": 1791443473.2406807}
{"kind": "test", "reg": "0x21", "original": "0x0000", "value": "0x0080", "mask": "0x0080", "relatch": true, "readback": "0x0080", "result": "ok", "changes": {}, "at": 1791443475.6532614}
{"kind": "test", "reg": "0x21", "original": "0x0000", "value": "0x0100", "mask": "0x0100", "relatch": true, "readback": "0x0100", "result": "ok", "changes": {}, "at": 1791443477.8518715}
{"kind": "test", "reg": "0x21", "original": "0x0000", "value": "0x0200", "mask": "0x0200", "relatch": true, "readback": "0x0200", "result": "ok", "changes": {}, "at": 1791443480.3873003}
{"kind": "test", "reg": "0x21", "original": "0x0000", "value": "0x0400", "mask": "0x0400", "relatch": true, "readback": "0x0400", "result": "ok", "changes": {}, "at": 1791443482.6949365}
{"kind": "test", "reg": "0x21", "original": "0x0000", "value": "0x0800", "mask": "0x0800", "relatch": true, "readback": "0x0800", "result": "ok", "changes": {}, "at": 1791443484.959284}
{"kind": "test", "reg": "0x21", "original": "0x0000", "value": "0x1000", "mask": "0x1000", "relatch": true, "readback": "0x1000", "result": "ok", "changes": {}, "at": 1791443487.52614}
{"kind": "test", "reg": "0x21", "original": "0x0000", "value": "0x2000", "mask": "0x2000", "relatch": true, "readback": "0x2000", "result": "ok", "changes": {}, "at": 1791443489.880676}
{"kind": "test", "reg": "0x21", "original": "0x0000", "value": "0x4000", "mask": "0x4000", "relatch": true, "readback": "0x4000", "result": "ok", "changes": {}, "at": 1791443492.0761116}
{"kind": "test", "reg": "0x21", "original": "0x0000", "value": "0x8000", "mask": "0x8000", "relatch": true, "readback": "0x8000", "result": "ok", "changes": {}, "at": 1791443494.4328814}
{"kind": "test", "reg": "0x22", "original": "0x0000", "value": "0x0001", "mask": "0x0001", "relatch": true, "readback": "0x0001", "result": "ok", "changes": {}, "at": 1791443496.8646429}
{"kind": "test", "reg": "0x22", "original": "0x0000", "value": "0x0002", "mask": "0x0002", "relatch": true, "readback": "0x0002", "result": "ok", "changes": {}, "at": 1791443499.41136}
{"kind": "test", "reg": "0x22", "original": "0x0000", "value": "0x0004", "mask": "0x0004", "relatch": true, "readback": "0x0004", "result": "ok", "changes": {}, "at": 1791443502.0706823}
{"kind": "test", "reg": "0x22", "original": "0x0000", "value": "0x0008", "mask": "0x0008", "relatch": true, "readback": "0x0008", "result": "ok", "changes": {}, "at": 1791443504.3785257}
{"kind": "test", "reg": "0x22", "original": "0x0000", "value": "0x0010", "mask": "0x0010", "relatch": true, "readback": "0x0010", "result": "ok", "changes": {}, "at": 1791443506.7743456}
{"kind": "test", "reg": "0x22", "original": "0x0000", "value": "0x0020", "mask": "0x0020", "relatch": true, "readback": "0x0020", "result": "ok", "changes": {}, "at": 1791443509.4600646}
{"kind": "test", "reg": "0x22", "original": "0x0000", "value": "0x0040", "mask": "0x0040", "relatch": true, "readback": "0x0040", "result": "ok", "changes": {}, "at": 1791443511.7269137}
{"kind": "test", "reg": "0x22", "original": "0x0000", "value": "0x0080", "mask": "0x0080", "relatch": true, "readback": "0x0080", "result": "ok", "changes": {}, "at": 1791443513.9816175}
{"kind": "test", "reg": "0x22", "original": "0x0000", "value": "0x0100", "mask": "0x0100", "relatch": true, "readback": "0x0100", "result": "ok", "changes": {}, "at": 1791443516.1752777}
{"kind": "test", "reg": "0x22", "original": "0x0000", "value": "0x0200", "mask": "0x0200", "relatch": true, "readback": "0x0200", "result": "ok", "changes": {}, "at": 1791443518.5989997}
{"kind": "test", "reg": "0x22", "original": "0x0000", "value": "0x0400", "mask": "0x0400", "relatch": true, "readback": "0x0400", "result": "ok", "changes": {}, "at": 1791443521.0423384}
{"kind": "test", "reg": "0x22", "original": "0x0000", "value": "0x0800", "mask": "0x0800", "relatch": true, "readback": "0x0800", "result": "ok", "changes": {}, "at": 1791443523.6568756}
{"kind": "test", "reg": "0x22", "original": "0x0000", "value": "0x1000", "mask": "0x1000", "relatch": true, "readback": "0x1000", "result": "ok", "changes": {}, "at": 1791443526.090464}
{"kind": "test", "reg": "0x22", "original": "0x0000", "value": "0x2000", "mask": "0x2000", "relatch": true, "readback": "0x2000", "result": "ok", "changes": {}, "at": 1791443528.86329}
{"kind": "test", "reg": "0x22", "original": "0x0000", "value": "0x4000", "mask": "0x4000", "relatch": true, "readback": "0x4000", "result": "ok", "changes": {}, "at": 1791443531.452269}
{"kind": "test", "reg": "0x22", "original": "0x0000", "value": "0x8000", "mask": "0x8000", "relatch": true, "readback": "0x8000", "result": "ok", "changes": {}, "at": 1791443534.0627182}
{"kind": "test", "reg": "0x23", "original": "0x1DDC", "value": "0x1DDD", "mask": "0x0001", "relatch": true, "readback": "0x1DDD", "result": "ok", "changes": {}, "at": 1791443536.6625862}
{"kind": "test", "reg": "0x23", "original": "0x1DDC", "value": "0x1DDE", "mask": "0x0002", "relatch": true, "readback": "0x1DDE", "result": "ok", "changes": {}, "at": 1791443539.1314058}
{"kind": "test", "reg": "0x23", "original": "0x1DDC", "value": "0x1DD8", "mask": "0x0004", "relatch": true, "readback": "0x1DD8", "result": "ok", "changes": {}, "at": 1791443541.528632}
{"kind": "test", "reg": "0x23", "original": "0x1DDC", "value": "0x1DD4", "mask": "0x0008", "relatch": true, "readback": "0x1DD4", "result": "ok", "changes": {}, "at": 1791443543.9702146}
{"kind": "test", "reg": "0x23", "original": "0x1DDC", "value": "0x1DCC", "mask": "0x0010", "relatch": true, "readback": "0x1DCC", "result": "ok", "changes": {}, "at": 1791443546.368577}
{"kind": "test", "reg": "0x23", "original": "0x1DDC", "value": "0x1DFC", "mask": "0x0020", "relatch": true, "readback": "0x1DFC", "result": "ok", "changes": {}, "at": 1791443548.6352699}
{"kind": "test", "reg": "0x23", "original": "0x1DDC", "value": "0x1D9C", "mask": "0x0040", "relatch": true, "readback": "0x1D9C", "result": "ok", "changes": {}, "at": 1791443551.111398}
{"kind": "test", "reg": "0x23", "original": "0x1DDC", "value": "0x1D5C", "mask": "0x0080", "relatch": true, "readback": "0x1D5C", "result": "ok", "changes": {}, "at": 1791443553.6208618}
{"kind": "test", "reg": "0x23", "original": "0x1DDC", "value": "0x1CDC", "mask": "0x0100", "relatch": true, "readback": "0x1CDC", "result": "ok", "changes": {}, "at": 1791443556.1115694}
{"kind": "test", "reg": "0x23", "original": "0x1DDC", "value": "0x1FDC", "mask": "0x0200", "relatch": true, "readback": "0x1FDC", "result": "ok", "changes": {}, "at": 1791443558.8768606}
{"kind": "test", "reg": "0x23", "original": "0x1DDC", "value": "0x19DC", "mask": "0x0400", "relatch": true, "readback": "0x19DC", "result": "ok", "changes": {}, "at": 1791443561.2076476}
{"kind": "test", "reg": "0x23", "original": "0x1DDC", "value": "0x15DC", "mask": "0x0800", "relatch": true, "readback": "0x15DC", "result": "ok", "changes": {}, "at": 1791443563.5524666}
{"kind": "test", "reg": "0x23", "original": "0x1DDC", "value": "0x0DDC", "mask": "0x1000", "relatch": true, "readback": "0x0DDC", "result": "ok", "changes": {}, "at": 1791443565.9951828}
{"kind": "test", "reg": "0x23", "original": "0x1DDC", "value": "0x3DDC", "mask": "0x2000", "relatch": true, "readback": "0x3DDC", "result": "ok", "changes": {}, "at": 1791443568.3743424}
{"kind": "test", "reg": "0x23", "original": "0x1DDC", "value": "0x5DDC", "mask": "0x4000", "relatch": true, "readback": "0x5DDC", "result": "ok", "changes": {}, "at": 1791443570.860859}
{"kind": "test", "reg": "0x23", "original": "0x1DDC", "value": "0x9DDC", "mask": "0x8000", "relatch": true, "readback": "0x9DDC", "result": "ok", "changes": {}, "at": 1791443573.222672}
{"kind": "reference", "at": 1791443575.781712}
{"kind": "test", "reg": "0x24", "original": "0x1D5E", "value": "0x1D5F", "mask": "0x0001", "relatch": true, "readback": "0x1D5F", "result": "ok", "changes": {}, "at": 1791443578.2991571}
{"kind": "test", "reg": "0x24", "original": "0x1D5E", "value": "0x1D5C", "mask": "0x0002", "relatch": true, "readback": "0x1D5C", "result": "ok", "changes": {}, "at": 1791443580.5333493}
{"kind": "test", "reg": "0x24", "original": "0x1D5E", "value": "0x1D5A", "mask": "0x0004", "relatch": true, "readback": "0x1D5A", "result": "ok", "changes": {}, "at": 1791443582.981121}
{"kind": "test", "reg": "0x24", "original": "0x1D5E", "value": "0x1D56", "mask": "0x0008", "relatch": true, "readback": "0x1D56", "result": "ok", "changes": {}, "at": 1791443585.338422}
{"kind": "test", "reg": "0x24", "original": "0x1D5E", "value": "0x1D4E", "mask": "0x0010", "relatch": true, "readback": "0x1D4E", "result": "ok", "changes": {}, "at": 1791443587.6699638}
{"kind": "test", "reg": "0x24", "original": "0x1D5E", "value": "0x1D7E", "mask": "0x0020", "relatch": true, "readback": "0x1D7E", "result": "ok", "changes": {}, "at": 1791443590.1161869}
{"kind": "test", "reg": "0x24", "original": "0x1D5E", "value": "0x1D1E", "mask": "0x0040", "relatch": true, "readback": "0x1D1E", "result": "ok", "changes": {}, "at": 1791443592.470609}
{"kind": "test", "reg": "0x24", "original": "0x1D5E", "value": "0x1DDE", "mask": "0x0080", "relatch": true, "readback": "0x1DDE", "result": "ok", "changes": {}, "at": 1791443595.0035026}
{"kind": "test", "reg": "0x24", "original": "0x1D5E", "value": "0x1C5E", "mask": "0x0100", "relatch": true, "readback": "0x1C5E", "result": "ok", "changes": {}, "at": 1791443597.3673813}
{"kind": "test", "reg": "0x24", "original": "0x1D5E", "value": "0x1F5E", "mask": "0x0200", "relatch": true, "readback": "0x1F5E", "result": "ok", "changes": {}, "at": 1791443599.558332}
{"kind": "test", "reg": "0x24", "original": "0x1D5E", "value": "0x195E", "mask": "0x0400", "relatch": true, "readback": "0x195E", "result": "ok", "changes": {}, "at": 1791443602.182735}
{"kind": "test", "reg": "0x24", "original": "0x1D5E", "value": "0x155E", "mask": "0x0800", "relatch": true, "readback": "0x155E", "result": "ok", "changes": {}, "at": 1791443604.719705}
{"kind": "test", "reg": "0x24", "original": "0x1D5E", "value": "0x0D5E", "mask": "0x1000", "relatch": true, "readback": "0x0D5E", "result": "ok", "changes": {}, "at": 1791443606.9901073}
{"kind": "test", "reg": "0x24", "original": "0x1D5E", "value": "0x3D5E", "mask": "0x2000", "relatch": true, "readback": "0x3D5E", "result": "ok", "changes": {}, "at": 1791443609.516422}
{"kind": "test", "reg": "0x24", "original": "0x1D5E", "value": "0x5D5E", "mask": "0x4000", "relatch": true, "readback": "0x5D5E", "result": "ok", "changes": {}, "at": 1791443611.9056005}
{"kind": "test", "reg": "0x24", "original": "0x1D5E", "value": "0x9D5E", "mask": "0x8000", "relatch": true, "readback": "0x9D5E", "result": "ok", "changes": {}, "at": 1791443614.5023227}
{"kind": "test", "reg": "0x25", "original": "0x1CE2", "value": "0x1CE3", "mask": "0x0001", "relatch": true, "readback": "0x1CE3", "result": "ok", "changes": {}, "at": 1791443616.8775783}
{"kind": "test", "reg": "0x25", "original": "0x1CE2", "value": "0x1CE0", "mask": "0x0002", "relatch": true, "readback": "0x1CE0", "result": "ok", "changes": {}, "at": 1791443619.3026483}
{"kind": "test", "reg": "0x25", "original": "0x1CE2", "value": "0x1CE6", "mask": "0x0004", "relatch": true, "readback": "0x1CE6", "result": "ok", "changes": {}, "at": 1791443621.9081044}
{"kind": "test", "reg": "0x25", "original": "0x1CE2", "value": "0x1CEA", "mask": "0x0008", "relatch": true, "readback": "0x1CEA", "result": "ok", "changes": {}, "at": 1791443624.4508212}
{"kind": "test", "reg": "0x25", "original": "0x1CE2", "value": "0x1CF2", "mask": "0x0010", "relatch": true, "readback": "0x1CF2", "result": "ok", "changes": {}, "at": 1791443626.912831}
{"kind": "test", "reg": "0x25", "original": "0x1CE2", "value": "0x1CC2", "mask": "0x0020", "relatch": true, "readback": "0x1CC2", "result": "ok", "changes": {}, "at": 1791443629.434908}
{"kind": "test", "reg": "0x25", "original": "0x1CE2", "value": "0x1CA2", "mask": "0x0040", "relatch": true, "readback": "0x1CA2", "result": "ok", "changes": {}, "at": 1791443631.959539}
{"kind": "test", "reg": "0x25", "original": "0x1CE2", "value": "0x1C62", "mask": "0x0080", "relatch": true, "readback": "0x1C62", "result": "ok", "changes": {}, "at": 1791443634.5192924}
{"kind": "test", "reg": "0x25", "original": "0x1CE2", "value": "0x1DE2", "mask": "0x0100", "relatch": true, "readback": "0x1DE2", "result": "ok", "changes": {}, "at": 1791443636.9764504}
{"kind": "test", "reg": "0x25", "original": "0x1CE2", "value": "0x1EE2", "mask": "0x0200", "relatch": true, "readback": "0x1EE2", "result": "ok", "changes": {}, "at": 1791443639.275357}
{"kind": "test", "reg": "0x25", "original": "0x1CE2", "value": "0x18E2", "mask": "0x0400", "relatch": true, "readback": "0x18E2", "result": "ok", "changes": {}, "at": 1791443641.56122}
{"kind": "test", "reg": "0x25", "original": "0x1CE2", "value": "0x14E2", "mask": "0x0800", "relatch": true, "readback": "0x14E2", "result": "ok", "changes": {}, "at": 1791443643.8015904}
{"kind": "test", "reg": "0x25", "original": "0x1CE2", "value": "0x0CE2", "mask": "0x1000", "relatch": true, "readback": "0x0CE2", "result": "ok", "changes": {}, "at": 1791443646.260434}
{"kind": "test", "reg": "0x25", "original": "0x1CE2", "value": "0x3CE2", "mask": "0x2000", "relatch": true, "readback": "0x3CE2", "result": "ok", "changes": {}, "at": 1791443648.4262202}
{"kind": "test", "reg": "0x25", "original": "0x1CE2", "value": "0x5CE2", "mask": "0x4000", "relatch": true, "readback": "0x5CE2", "result": "ok", "changes": {}, "at": 1791443650.6513364}
{"kind": "test", "reg": "0x25", "original": "0x1CE2", "value": "0x9CE2", "mask": "0x8000", "relatch": true, "readback": "0x9CE2", "result": "ok", "changes": {}, "at": 1791443653.2287598}
{"kind": "test", "reg": "0x26", "original": "0x1C64", "value": "0x1C65", "mask": "0x0001", "relatch": true, "readback": "0x1C65", "result": "ok", "changes": {}, "at": 1791443655.6692517}
{"kind": "test", "reg": "0x26", "original": "0x1C64", "value": "0x1C66", "mask": "0x0002", "relatch": true, "readback": "0x1C66", "result": "ok", "changes": {}, "at": 1791443658.21678}
{"kind": "test", "reg": "0x26", "original": "0x1C64", "value": "0x1C60", "mask": "0x0004", "relatch": true, "readback": "0x1C60", "result": "ok", "changes": {}, "at": 1791443660.5917168}
{"kind": "test", "reg": "0x26", "original": "0x1C64", "value": "0x1C6C", "mask": "0x0008", "relatch": true, "readback": "0x1C6C", "result": "ok", "changes": {}, "at": 1791443663.1516058}
{"kind": "test", "reg": "0x26", "original": "0x1C64", "value": "0x1C74", "mask": "0x0010", "relatch": true, "readback": "0x1C74", "result": "ok", "changes": {}, "at": 1791443665.36395}
{"kind": "test", "reg": "0x26", "original": "0x1C64", "value": "0x1C44", "mask": "0x0020", "relatch": true, "readback": "0x1C44", "result": "ok", "changes": {}, "at": 1791443667.8076074}
{"kind": "test", "reg": "0x26", "original": "0x1C64", "value": "0x1C24", "mask": "0x0040", "relatch": true, "readback": "0x1C24", "result": "ok", "changes": {}, "at": 1791443670.2079918}
{"kind": "test", "reg": "0x26", "original": "0x1C64", "value": "0x1CE4", "mask": "0x0080", "relatch": true, "readback": "0x1CE4", "result": "ok", "changes": {}, "at": 1791443672.6444266}
{"kind": "test", "reg": "0x26", "original": "0x1C64", "value": "0x1D64", "mask": "0x0100", "relatch": true, "readback": "0x1D64", "result": "ok", "changes": {}, "at": 1791443674.9896686}
{"kind": "test", "reg": "0x26", "original": "0x1C64", "value": "0x1E64", "mask": "0x0200", "relatch": true, "readback": "0x1E64", "result": "ok", "changes": {}, "at": 1791443677.3519268}
{"kind": "test", "reg": "0x26", "original": "0x1C64", "value": "0x1864", "mask": "0x0400", "relatch": true, "readback": "0x1864", "result": "ok", "changes": {}, "at": 1791443679.6656377}
{"kind": "test", "reg": "0x26", "original": "0x1C64", "value": "0x1464", "mask": "0x0800", "relatch": true, "readback": "0x1464", "result": "ok", "changes": {}, "at": 1791443682.1265464}
{"kind": "test", "reg": "0x26", "original": "0x1C64", "value": "0x0C64", "mask": "0x1000", "relatch": true, "readback": "0x0C64", "result": "ok", "changes": {}, "at": 1791443684.2789524}
{"kind": "test", "reg": "0x26", "original": "0x1C64", "value": "0x3C64", "mask": "0x2000", "relatch": true, "readback": "0x3C64", "result": "ok", "changes": {}, "at": 1791443686.4970849}
{"kind": "test", "reg": "0x26", "original": "0x1C64", "value": "0x5C64", "mask": "0x4000", "relatch": true, "readback": "0x5C64", "result": "ok", "changes": {}, "at": 1791443688.708074}
{"kind": "test", "reg": "0x26", "original": "0x1C64", "value": "0x9C64", "mask": "0x8000", "relatch": true, "readback": "0x9C64", "result": "ok", "changes": {}, "at": 1791443691.0689595}
{"kind": "reference", "at": 1791443693.821411}
{"kind": "test", "reg": "0x27", "original": "0x17D0", "value": "0x17D1", "mask": "0x0001", "relatch": true, "readback": "0x17D1", "result": "ok", "changes": {}, "at": 1791443696.2301}
{"kind": "test", "reg": "0x27", "original": "0x17D0", "value": "0x17D2", "mask": "0x0002", "relatch": true, "readback": "0x17D2", "result": "ok", "changes": {}, "at": 1791443698.761306}
{"kind": "test", "reg": "0x27", "original": "0x17D0", "value": "0x17D4", "mask": "0x0004", "relatch": true, "readback": "0x17D4", "result": "ok", "changes": {}, "at": 1791443701.1848636}
{"kind": "test", "reg": "0x27", "original": "0x17D0", "value": "0x17D8", "mask": "0x0008", "relatch": true, "readback": "0x17D8", "result": "ok", "changes": {}, "at": 1791443703.8943474}
{"kind": "test", "reg": "0x27", "original": "0x17D0", "value": "0x17C0", "mask": "0x0010", "relatch": true, "readback": "0x17C0", "result": "ok", "changes": {}, "at": 1791443706.2534826}
{"kind": "test", "reg": "0x27", "original": "0x17D0", "value": "0x17F0", "mask": "0x0020", "relatch": true, "readback": "0x17F0", "result": "ok", "changes": {}, "at": 1791443708.5769267}
{"kind": "test", "reg": "0x27", "original": "0x17D0", "value": "0x1790", "mask": "0x0040", "relatch": true, "readback": "0x1790", "result": "ok", "changes": {}, "at": 1791443710.7241068}
{"kind": "test", "reg": "0x27", "original": "0x17D0", "value": "0x1750", "mask": "0x0080", "relatch": true, "readback": "0x1750", "result": "ok", "changes": {}, "at": 1791443713.0385792}
{"kind": "test", "reg": "0x27", "original": "0x17D0", "value": "0x16D0", "mask": "0x0100", "relatch": true, "readback": "0x16D0", "result": "ok", "changes": {}, "at": 1791443715.2997055}
{"kind": "test", "reg": "0x27", "original": "0x17D0", "value": "0x15D0", "mask": "0x0200", "relatch": true, "readback": "0x15D0", "result": "ok", "changes": {}, "at": 1791443717.8185}
{"kind": "test", "reg": "0x27", "original": "0x17D0", "value": "0x13D0", "mask": "0x0400", "relatch": true, "readback": "0x13D0", "result": "ok", "changes": {}, "at": 1791443720.3782835}
{"kind": "test", "reg": "0x27", "original": "0x17D0", "value": "0x1FD0", "mask": "0x0800", "relatch": true, "readback": "0x1FD0", "result": "ok", "changes": {}, "at": 1791443722.653132}
{"kind": "test", "reg": "0x27", "original": "0x17D0", "value": "0x07D0", "mask": "0x1000", "relatch": true, "readback": "0x07D0", "result": "ok", "changes": {}, "at": 1791443724.933028}
{"kind": "test", "reg": "0x27", "original": "0x17D0", "value": "0x37D0", "mask": "0x2000", "relatch": true, "readback": "0x37D0", "result": "ok", "changes": {}, "at": 1791443727.2090642}
{"kind": "test", "reg": "0x27", "original": "0x17D0", "value": "0x57D0", "mask": "0x4000", "relatch": true, "readback": "0x57D0", "result": "ok", "changes": {}, "at": 1791443729.6473234}
{"kind": "test", "reg": "0x27", "original": "0x17D0", "value": "0x97D0", "mask": "0x8000", "relatch": true, "readback": "0x97D0", "result": "ok", "changes": {}, "at": 1791443731.9708507}
{"kind": "test", "reg": "0x28", "original": "0x16D4", "value": "0x16D5", "mask": "0x0001", "relatch": true, "readback": "0x16D5", "result": "ok", "changes": {}, "at": 1791443734.5076654}
{"kind": "test", "reg": "0x28", "original": "0x16D4", "value": "0x16D6", "mask": "0x0002", "relatch": true, "readback": "0x16D6", "result": "ok", "changes": {}, "at": 1791443736.7094097}
{"kind": "test", "reg": "0x28", "original": "0x16D4", "value": "0x16D0", "mask": "0x0004", "relatch": true, "readback": "0x16D0", "result": "ok", "changes": {}, "at": 1791443739.032333}
{"kind": "test", "reg": "0x28", "original": "0x16D4", "value": "0x16DC", "mask": "0x0008", "relatch": true, "readback": "0x16DC", "result": "ok", "changes": {}, "at": 1791443741.475472}
{"kind": "test", "reg": "0x28", "original": "0x16D4", "value": "0x16C4", "mask": "0x0010", "relatch": true, "readback": "0x16C4", "result": "ok", "changes": {}, "at": 1791443743.9243484}
{"kind": "test", "reg": "0x28", "original": "0x16D4", "value": "0x16F4", "mask": "0x0020", "relatch": true, "readback": "0x16F4", "result": "ok", "changes": {}, "at": 1791443746.173929}
{"kind": "test", "reg": "0x28", "original": "0x16D4", "value": "0x1694", "mask": "0x0040", "relatch": true, "readback": "0x1694", "result": "ok", "changes": {}, "at": 1791443748.612795}
{"kind": "test", "reg": "0x28", "original": "0x16D4", "value": "0x1654", "mask": "0x0080", "relatch": true, "readback": "0x1654", "result": "ok", "changes": {}, "at": 1791443750.7981517}
{"kind": "test", "reg": "0x28", "original": "0x16D4", "value": "0x17D4", "mask": "0x0100", "relatch": true, "readback": "0x17D4", "result": "ok", "changes": {}, "at": 1791443753.328113}
{"kind": "test", "reg": "0x28", "original": "0x16D4", "value": "0x14D4", "mask": "0x0200", "relatch": true, "readback": "0x14D4", "result": "ok", "changes": {}, "at": 1791443755.7626998}
{"kind": "test", "reg": "0x28", "original": "0x16D4", "value": "0x12D4", "mask": "0x0400", "relatch": true, "readback": "0x12D4", "result": "ok", "changes": {}, "at": 1791443758.4537654}
{"kind": "test", "reg": "0x28", "original": "0x16D4", "value": "0x1ED4", "mask": "0x0800", "relatch": true, "readback": "0x1ED4", "result": "ok", "changes": {}, "at": 1791443760.721212}
{"kind": "test", "reg": "0x28", "original": "0x16D4", "value": "0x06D4", "mask": "0x1000", "relatch": true, "readback": "0x06D4", "result": "ok", "changes": {}, "at": 1791443763.103771}
{"kind": "test", "reg": "0x28", "original": "0x16D4", "value": "0x36D4", "mask": "0x2000", "relatch": true, "readback": "0x36D4", "result": "ok", "changes": {}, "at": 1791443765.722116}
{"kind": "test", "reg": "0x28", "original": "0x16D4", "value": "0x56D4", "mask": "0x4000", "relatch": true, "readback": "0x56D4", "result": "ok", "changes": {}, "at": 1791443768.0854628}
{"kind": "test", "reg": "0x28", "original": "0x16D4", "value": "0x96D4", "mask": "0x8000", "relatch": true, "readback": "0x96D4", "result": "ok", "changes": {}, "at": 1791443770.3524344}
{"kind": "test", "reg": "0x29", "original": "0x15DC", "value": "0x15DD", "mask": "0x0001", "relatch": true, "readback": "0x15DD", "result": "ok", "changes": {}, "at": 1791443772.7875373}
{"kind": "test", "reg": "0x29", "original": "0x15DC", "value": "0x15DE", "mask": "0x0002", "relatch": true, "readback": "0x15DE", "result": "ok", "changes": {}, "at": 1791443775.6544745}
{"kind": "test", "reg": "0x29", "original": "0x15DC", "value": "0x15D8", "mask": "0x0004", "relatch": true, "readback": "0x15D8", "result": "ok", "changes": {}, "at": 1791443778.2376883}
{"kind": "test", "reg": "0x29", "original": "0x15DC", "value": "0x15D4", "mask": "0x0008", "relatch": true, "readback": "0x15D4", "result": "ok", "changes": {}, "at": 1791443780.621172}
{"kind": "test", "reg": "0x29", "original": "0x15DC", "value": "0x15CC", "mask": "0x0010", "relatch": true, "readback": "0x15CC", "result": "ok", "changes": {}, "at": 1791443783.1364107}
{"kind": "test", "reg": "0x29", "original": "0x15DC", "value": "0x15FC", "mask": "0x0020", "relatch": true, "readback": "0x15FC", "result": "ok", "changes": {}, "at": 1791443785.5993288}
{"kind": "test", "reg": "0x29", "original": "0x15DC", "value": "0x159C", "mask": "0x0040", "relatch": true, "readback": "0x159C", "result": "ok", "changes": {}, "at": 1791443787.944859}
{"kind": "test", "reg": "0x29", "original": "0x15DC", "value": "0x155C", "mask": "0x0080", "relatch": true, "readback": "0x155C", "result": "ok", "changes": {}, "at": 1791443790.565523}
{"kind": "test", "reg": "0x29", "original": "0x15DC", "value": "0x14DC", "mask": "0x0100", "relatch": true, "readback": "0x14DC", "result": "ok", "changes": {}, "at": 1791443792.933637}
{"kind": "test", "reg": "0x29", "original": "0x15DC", "value": "0x17DC", "mask": "0x0200", "relatch": true, "readback": "0x17DC", "result": "ok", "changes": {}, "at": 1791443795.5497565}
{"kind": "test", "reg": "0x29", "original": "0x15DC", "value": "0x11DC", "mask": "0x0400", "relatch": true, "readback": "0x11DC", "result": "ok", "changes": {}, "at": 1791443798.0186586}
{"kind": "test", "reg": "0x29", "original": "0x15DC", "value": "0x1DDC", "mask": "0x0800", "relatch": true, "readback": "0x1DDC", "result": "ok", "changes": {}, "at": 1791443800.7225134}
{"kind": "test", "reg": "0x29", "original": "0x15DC", "value": "0x05DC", "mask": "0x1000", "relatch": true, "readback": "0x05DC", "result": "ok", "changes": {}, "at": 1791443803.0586984}
{"kind": "test", "reg": "0x29", "original": "0x15DC", "value": "0x35DC", "mask": "0x2000", "relatch": true, "readback": "0x35DC", "result": "ok", "changes": {}, "at": 1791443805.4046693}
{"kind": "test", "reg": "0x29", "original": "0x15DC", "value": "0x55DC", "mask": "0x4000", "relatch": true, "readback": "0x55DC", "result": "ok", "changes": {}, "at": 1791443807.7182765}
{"kind": "test", "reg": "0x29", "original": "0x15DC", "value": "0x95DC", "mask": "0x8000", "relatch": true, "readback": "0x95DC", "result": "ok", "changes": {}, "at": 1791443809.9085727}
{"kind": "reference", "at": 1791443812.8231275}
{"kind": "test", "reg": "0x2A", "original": "0x15DC", "value": "0x15DD", "mask": "0x0001", "relatch": true, "readback": "0x15DD", "result": "ok", "changes": {}, "at": 1791443815.0029902}
{"kind": "test", "reg": "0x2A", "original": "0x15DC", "value": "0x15DE", "mask": "0x0002", "relatch": true, "readback": "0x15DE", "result": "ok", "changes": {}, "at": 1791443817.4123359}
{"kind": "test", "reg": "0x2A", "original": "0x15DC", "value": "0x15D8", "mask": "0x0004", "relatch": true, "readback": "0x15D8", "result": "ok", "changes": {}, "at": 1791443819.7888474}
{"kind": "test", "reg": "0x2A", "original": "0x15DC", "value": "0x15D4", "mask": "0x0008", "relatch": true, "readback": "0x15D4", "result": "ok", "changes": {}, "at": 1791443822.35946}
{"kind": "test", "reg": "0x2A", "original": "0x15DC", "value": "0x15CC", "mask": "0x0010", "relatch": true, "readback": "0x15CC", "result": "ok", "changes": {}, "at": 1791443824.646059}
{"kind": "test", "reg": "0x2A", "original": "0x15DC", "value": "0x15FC", "mask": "0x0020", "relatch": true, "readback": "0x15FC", "result": "ok", "changes": {}, "at": 1791443826.880537}
{"kind": "test", "reg": "0x2A", "original": "0x15DC", "value": "0x159C", "mask": "0x0040", "relatch": true, "readback": "0x159C", "result": "ok", "changes": {}, "at": 1791443829.0916197}
{"kind": "test", "reg": "0x2A", "original": "0x15DC", "value": "0x155C", "mask": "0x0080", "relatch": true, "readback": "0x155C", "result": "ok", "changes": {}, "at": 1791443831.874627}
{"kind": "test", "reg": "0x2A", "original": "0x15DC", "value": "0x14DC", "mask": "0x0100", "relatch": true, "readback": "0x14DC", "result": "ok", "changes": {}, "at": 1791443834.4174113}
{"kind": "test", "reg": "0x2A", "original": "0x15DC", "value": "0x17DC", "mask": "0x0200", "relatch": true, "readback": "0x17DC", "result": "ok", "changes": {}, "at": 1791443836.8679707}
{"kind": "test", "reg": "0x2A", "original": "0x15DC", "value": "0x11DC", "mask": "0x0400", "relatch": true, "readback": "0x11DC", "result": "ok", "changes": {}, "at": 1791443839.473746}
{"kind": "test", "reg": "0x2A", "original": "0x15DC", "value": "0x1DDC", "mask": "0x0800", "relatch": true, "readback": "0x1DDC", "result": "ok", "changes": {}, "at": 1791443841.6953487}
{"kind": "test", "reg": "0x2A", "original": "0x15DC", "value": "0x05DC", "mask": "0x1000", "relatch": true, "readback": "0x05DC", "result": "ok", "changes": {}, "at": 1791443843.981773}
{"kind": "test", "reg": "0x2A", "original": "0x15DC", "value": "0x35DC", "mask": "0x2000", "relatch": true, "readback": "0x35DC", "result": "ok", "changes": {}, "at": 1791443846.3865147}
{"kind": "test", "reg": "0x2A", "original": "0x15DC", "value": "0x55DC", "mask": "0x4000", "relatch": true, "readback": "0x55DC", "result": "ok", "changes": {}, "at": 1791443848.6593857}
{"kind": "test", "reg": "0x2A", "original": "0x15DC", "value": "0x95DC", "mask": "0x8000", "relatch": true, "readback": "0x95DC", "result": "ok", "changes": {}, "at": 1791443851.0379896}
{"kind": "test", "reg": "0x2B", "original": "0x15DC", "value": "0x15DD", "mask": "0x0001", "relatch": true, "readback": "0x15DD", "result": "ok", "changes": {}, "at": 1791443853.7550118}
{"kind": "test", "reg": "0x2B", "original": "0x15DC", "value": "0x15DE", "mask": "0x0002", "relatch": true, "readback": "0x15DE", "result": "ok", "changes": {}, "at": 1791443856.0444179}
{"kind": "test", "reg": "0x2B", "original": "0x15DC", "value": "0x15D8", "mask": "0x0004", "relatch": true, "readback": "0x15D8", "result": "ok", "changes": {}, "at": 1791443858.3254733}
{"kind": "test", "reg": "0x2B", "original": "0x15DC", "value": "0x15D4", "mask": "0x0008", "relatch": true, "readback": "0x15D4", "result": "ok", "changes": {}, "at": 1791443860.8703418}
{"kind": "test", "reg": "0x2B", "original": "0x15DC", "value": "0x15CC", "mask": "0x0010", "relatch": true, "readback": "0x15CC", "result": "ok", "changes": {}, "at": 1791443863.0365243}
{"kind": "test", "reg": "0x2B", "original": "0x15DC", "value": "0x15FC", "mask": "0x0020", "relatch": true, "readback": "0x15FC", "result": "ok", "changes": {}, "at": 1791443865.5899968}
{"kind": "test", "reg": "0x2B", "original": "0x15DC", "value": "0x159C", "mask": "0x0040", "relatch": true, "readback": "0x159C", "result": "ok", "changes": {}, "at": 1791443867.942097}
{"kind": "test", "reg": "0x2B", "original": "0x15DC", "value": "0x155C", "mask": "0x0080", "relatch": true, "readback": "0x155C", "result": "ok", "changes": {}, "at": 1791443870.1701758}
{"kind": "test", "reg": "0x2B", "original": "0x15DC", "value": "0x14DC", "mask": "0x0100", "relatch": true, "readback": "0x14DC", "result": "ok", "changes": {}, "at": 1791443872.335215}
{"kind": "test", "reg": "0x2B", "original": "0x15DC", "value": "0x17DC", "mask": "0x0200", "relatch": true, "readback": "0x17DC", "result": "ok", "changes": {}, "at": 1791443874.453971}
{"kind": "test", "reg": "0x2B", "original": "0x15DC", "value": "0x11DC", "mask": "0x0400", "relatch": true, "readback": "0x11DC", "result": "ok", "changes": {}, "at": 1791443876.7365313}
{"kind": "test", "reg": "0x2B", "original": "0x15DC", "value": "0x1DDC", "mask": "0x0800", "relatch": true, "readback": "0x1DDC", "result": "ok", "changes": {}, "at": 1791443879.3107169}
{"kind": "test", "reg": "0x2B", "original": "0x15DC", "value": "0x05DC", "mask": "0x1000", "relatch": true, "readback": "0x05DC", "result": "ok", "changes": {}, "at": 1791443881.5396762}
{"kind": "test", "reg": "0x2B", "original": "0x15DC", "value": "0x35DC", "mask": "0x2000", "relatch": true, "readback": "0x35DC", "result": "ok", "changes": {}, "at": 1791443884.0070555}
{"kind": "test", "reg": "0x2B", "original": "0x15DC", "value": "0x55DC", "mask": "0x4000", "relatch": true, "readback": "0x55DC", "result": "ok", "changes": {}, "at": 1791443886.287323}
{"kind": "test", "reg": "0x2B", "original": "0x15DC", "value": "0x95DC", "mask": "0x8000", "relatch": true, "readback": "0x95DC", "result": "ok", "changes": {}, "at": 1791443888.7291327}
{"kind": "test", "reg": "0x2C", "original": "0x15DC", "value": "0x15DD", "mask": "0x0001", "relatch": true, "readback": "0x15DD", "result": "ok", "changes": {}, "at": 1791443891.2479591}
{"kind": "test", "reg": "0x2C", "original": "0x15DC", "value": "0x15DE", "mask": "0x0002", "relatch": true, "readback": "0x15DE", "result": "ok", "changes": {}, "at": 1791443893.5051425}
{"kind": "test", "reg": "0x2C", "original": "0x15DC", "value": "0x15D8", "mask": "0x0004", "relatch": true, "readback": "0x15D8", "result": "ok", "changes": {}, "at": 1791443895.6796446}
{"kind": "test", "reg": "0x2C", "original": "0x15DC", "value": "0x15D4", "mask": "0x0008", "relatch": true, "readback": "0x15D4", "result": "ok", "changes": {}, "at": 1791443898.3010254}
{"kind": "test", "reg": "0x2C", "original": "0x15DC", "value": "0x15CC", "mask": "0x0010", "relatch": true, "readback": "0x15CC", "result": "ok", "changes": {}, "at": 1791443900.7423737}
{"kind": "test", "reg": "0x2C", "original": "0x15DC", "value": "0x15FC", "mask": "0x0020", "relatch": true, "readback": "0x15FC", "result": "ok", "changes": {}, "at": 1791443903.1832225}
{"kind": "test", "reg": "0x2C", "original": "0x15DC", "value": "0x159C", "mask": "0x0040", "relatch": true, "readback": "0x159C", "result": "ok", "changes": {}, "at": 1791443905.6838384}
{"kind": "test", "reg": "0x2C", "original": "0x15DC", "value": "0x155C", "mask": "0x0080", "relatch": true, "readback": "0x155C", "result": "ok", "changes": {}, "at": 1791443907.8460891}
{"kind": "test", "reg": "0x2C", "original": "0x15DC", "value": "0x14DC", "mask": "0x0100", "relatch": true, "readback": "0x14DC", "result": "ok", "changes": {}, "at": 1791443910.3742368}
{"kind": "test", "reg": "0x2C", "original": "0x15DC", "value": "0x17DC", "mask": "0x0200", "relatch": true, "readback": "0x17DC", "result": "ok", "changes": {}, "at": 1791443912.89177}
{"kind": "test", "reg": "0x2C", "original": "0x15DC", "value": "0x11DC", "mask": "0x0400", "relatch": true, "readback": "0x11DC", "result": "ok", "changes": {}, "at": 1791443915.2470074}
{"kind": "test", "reg": "0x2C", "original": "0x15DC", "value": "0x1DDC", "mask": "0x0800", "relatch": true, "readback": "0x1DDC", "result": "ok", "changes": {}, "at": 1791443917.7632143}
{"kind": "test", "reg": "0x2C", "original": "0x15DC", "value": "0x05DC", "mask": "0x1000", "relatch": true, "readback": "0x05DC", "result": "ok", "changes": {}, "at": 1791443920.1748605}
{"kind": "test", "reg": "0x2C", "original": "0x15DC", "value": "0x35DC", "mask": "0x2000", "relatch": true, "readback": "0x35DC", "result": "ok", "changes": {}, "at": 1791443922.6146026}
{"kind": "test", "reg": "0x2C", "original": "0x15DC", "value": "0x55DC", "mask": "0x4000", "relatch": true, "readback": "0x55DC", "result": "ok", "changes": {}, "at": 1791443925.208687}
{"kind": "test", "reg": "0x2C", "original": "0x15DC", "value": "0x95DC", "mask": "0x8000", "relatch": true, "readback": "0x95DC", "result": "ok", "changes": {}, "at": 1791443927.658827}
{"kind": "reference", "at": 1791443930.3777719}
{"kind": "test", "reg": "0x2D", "original": "0x15DC", "value": "0x15DD", "mask": "0x0001", "relatch": true, "readback": "0x15DD", "result": "ok", "changes": {}, "at": 1791443932.6595104}
{"kind": "test", "reg": "0x2D", "original": "0x15DC", "value": "0x15DE", "mask": "0x0002", "relatch": true, "readback": "0x15DE", "result": "ok", "changes": {}, "at": 1791443934.9322238}
{"kind": "test", "reg": "0x2D", "original": "0x15DC", "value": "0x15D8", "mask": "0x0004", "relatch": true, "readback": "0x15D8", "result": "ok", "changes": {}, "at": 1791443937.4269085}
{"kind": "test", "reg": "0x2D", "original": "0x15DC", "value": "0x15D4", "mask": "0x0008", "relatch": true, "readback": "0x15D4", "result": "ok", "changes": {}, "at": 1791443939.82385}
{"kind": "test", "reg": "0x2D", "original": "0x15DC", "value": "0x15CC", "mask": "0x0010", "relatch": true, "readback": "0x15CC", "result": "ok", "changes": {}, "at": 1791443942.2157793}
{"kind": "test", "reg": "0x2D", "original": "0x15DC", "value": "0x15FC", "mask": "0x0020", "relatch": true, "readback": "0x15FC", "result": "ok", "changes": {}, "at": 1791443944.8213305}
{"kind": "test", "reg": "0x2D", "original": "0x15DC", "value": "0x159C", "mask": "0x0040", "relatch": true, "readback": "0x159C", "result": "ok", "changes": {}, "at": 1791443947.229751}
{"kind": "test", "reg": "0x2D", "original": "0x15DC", "value": "0x155C", "mask": "0x0080", "relatch": true, "readback": "0x155C", "result": "ok", "changes": {}, "at": 1791443949.5406451}
{"kind": "test", "reg": "0x2D", "original": "0x15DC", "value": "0x14DC", "mask": "0x0100", "relatch": true, "readback": "0x14DC", "result": "ok", "changes": {}, "at": 1791443951.9921443}
{"kind": "test", "reg": "0x2D", "original": "0x15DC", "value": "0x17DC", "mask": "0x0200", "relatch": true, "readback": "0x17DC", "result": "ok", "changes": {}, "at": 1791443954.4923496}
{"kind": "test", "reg": "0x2D", "original": "0x15DC", "value": "0x11DC", "mask": "0x0400", "relatch": true, "readback": "0x11DC", "result": "ok", "changes": {}, "at": 1791443956.8572218}
{"kind": "test", "reg": "0x2D", "original": "0x15DC", "value": "0x1DDC", "mask": "0x0800", "relatch": true, "readback": "0x1DDC", "result": "ok", "changes": {}, "at": 1791443959.2986014}
{"kind": "test", "reg": "0x2D", "original": "0x15DC", "value": "0x05DC", "mask": "0x1000", "relatch": true, "readback": "0x05DC", "result": "ok", "changes": {}, "at": 1791443962.0138032}
{"kind": "test", "reg": "0x2D", "original": "0x15DC", "value": "0x35DC", "mask": "0x2000", "relatch": true, "readback": "0x35DC", "result": "ok", "changes": {}, "at": 1791443964.36886}
{"kind": "test", "reg": "0x2D", "original": "0x15DC", "value": "0x55DC", "mask": "0x4000", "relatch": true, "readback": "0x55DC", "result": "ok", "changes": {}, "at": 1791443966.80243}
{"kind": "test", "reg": "0x2D", "original": "0x15DC", "value": "0x95DC", "mask": "0x8000", "relatch": true, "readback": "0x95DC", "result": "ok", "changes": {}, "at": 1791443969.0134654}
{"kind": "test", "reg": "0x2E", "original": "0x15DC", "value": "0x15DD", "mask": "0x0001", "relatch": true, "readback": "0x15DD", "result": "ok", "changes": {}, "at": 1791443971.6801941}
{"kind": "test", "reg": "0x2E", "original": "0x15DC", "value": "0x15DE", "mask": "0x0002", "relatch": true, "readback": "0x15DE", "result": "ok", "changes": {}, "at": 1791443973.9351685}
{"kind": "test", "reg": "0x2E", "original": "0x15DC", "value": "0x15D8", "mask": "0x0004", "relatch": true, "readback": "0x15D8", "result": "ok", "changes": {}, "at": 1791443976.3877726}
{"kind": "test", "reg": "0x2E", "original": "0x15DC", "value": "0x15D4", "mask": "0x0008", "relatch": true, "readback": "0x15D4", "result": "ok", "changes": {}, "at": 1791443978.8349617}
{"kind": "test", "reg": "0x2E", "original": "0x15DC", "value": "0x15CC", "mask": "0x0010", "relatch": true, "readback": "0x15CC", "result": "ok", "changes": {}, "at": 1791443981.2886255}
{"kind": "test", "reg": "0x2E", "original": "0x15DC", "value": "0x15FC", "mask": "0x0020", "relatch": true, "readback": "0x15FC", "result": "ok", "changes": {}, "at": 1791443983.7120166}
{"kind": "test", "reg": "0x2E", "original": "0x15DC", "value": "0x159C", "mask": "0x0040", "relatch": true, "readback": "0x159C", "result": "ok", "changes": {}, "at": 1791443986.239504}
{"kind": "test", "reg": "0x2E", "original": "0x15DC", "value": "0x155C", "mask": "0x0080", "relatch": true, "readback": "0x155C", "result": "ok", "changes": {}, "at": 1791443988.7503836}
{"kind": "test", "reg": "0x2E", "original": "0x15DC", "value": "0x14DC", "mask": "0x0100", "relatch": true, "readback": "0x14DC", "result": "ok", "changes": {}, "at": 1791443991.2081661}
{"kind": "test", "reg": "0x2E", "original": "0x15DC", "value": "0x17DC", "mask": "0x0200", "relatch": true, "readback": "0x17DC", "result": "ok", "changes": {}, "at": 1791443993.4715722}
{"kind": "test", "reg": "0x2E", "original": "0x15DC", "value": "0x11DC", "mask": "0x0400", "relatch": true, "readback": "0x11DC", "result": "ok", "changes": {}, "at": 1791443995.98332}
{"kind": "test", "reg": "0x2E", "original": "0x15DC", "value": "0x1DDC", "mask": "0x0800", "relatch": true, "readback": "0x1DDC", "result": "ok", "changes": {}, "at": 1791443998.3459837}
{"kind": "test", "reg": "0x2E", "original": "0x15DC", "value": "0x05DC", "mask": "0x1000", "relatch": true, "readback": "0x05DC", "result": "ok", "changes": {}, "at": 1791444000.756711}
{"kind": "test", "reg": "0x2E", "original": "0x15DC", "value": "0x35DC", "mask": "0x2000", "relatch": true, "readback": "0x35DC", "result": "ok", "changes": {}, "at": 1791444003.086372}
{"kind": "test", "reg": "0x2E", "original": "0x15DC", "value": "0x55DC", "mask": "0x4000", "relatch": true, "readback": "0x55DC", "result": "ok", "changes": {}, "at": 1791444005.5253866}
{"kind": "test", "reg": "0x2E", "original": "0x15DC", "value": "0x95DC", "mask": "0x8000", "relatch": true, "readback": "0x95DC", "result": "ok", "changes": {}, "at": 1791444008.0475917}
{"kind": "test", "reg": "0x2F", "original": "0x15DC", "value": "0x15DD", "mask": "0x0001", "relatch": true, "readback": "0x15DD", "result": "ok", "changes": {}, "at": 1791444010.903717}
{"kind": "test", "reg": "0x2F", "original": "0x15DC", "value": "0x15DE", "mask": "0x0002", "relatch": true, "readback": "0x15DE", "result": "ok", "changes": {}, "at": 1791444013.3295486}
{"kind": "test", "reg": "0x2F", "original": "0x15DC", "value": "0x15D8", "mask": "0x0004", "relatch": true, "readback": "0x15D8", "result": "ok", "changes": {}, "at": 1791444015.7789435}
{"kind": "test", "reg": "0x2F", "original": "0x15DC", "value": "0x15D4", "mask": "0x0008", "relatch": true, "readback": "0x15D4", "result": "ok", "changes": {}, "at": 1791444018.1173832}
{"kind": "test", "reg": "0x2F", "original": "0x15DC", "value": "0x15CC", "mask": "0x0010", "relatch": true, "readback": "0x15CC", "result": "ok", "changes": {}, "at": 1791444020.2809443}
{"kind": "test", "reg": "0x2F", "original": "0x15DC", "value": "0x15FC", "mask": "0x0020", "relatch": true, "readback": "0x15FC", "result": "ok", "changes": {}, "at": 1791444022.926697}
{"kind": "test", "reg": "0x2F", "original": "0x15DC", "value": "0x159C", "mask": "0x0040", "relatch": true, "readback": "0x159C", "result": "ok", "changes": {}, "at": 1791444025.2643096}
{"kind": "test", "reg": "0x2F", "original": "0x15DC", "value": "0x155C", "mask": "0x0080", "relatch": true, "readback": "0x155C", "result": "ok", "changes": {}, "at": 1791444027.5730844}
{"kind": "test", "reg": "0x2F", "original": "0x15DC", "value": "0x14DC", "mask": "0x0100", "relatch": true, "readback": "0x14DC", "result": "ok", "changes": {}, "at": 1791444030.0222042}
{"kind": "test", "reg": "0x2F", "original": "0x15DC", "value": "0x17DC", "mask": "0x0200", "relatch": true, "readback": "0x17DC", "result": "ok", "changes": {}, "at": 1791444032.4752793}
{"kind": "test", "reg": "0x2F", "original": "0x15DC", "value": "0x11DC", "mask": "0x0400", "relatch": true, "readback": "0x11DC", "result": "ok", "changes": {}, "at": 1791444035.0916011}
{"kind": "test", "reg": "0x2F", "original": "0x15DC", "value": "0x1DDC", "mask": "0x0800", "relatch": true, "readback": "0x1DDC", "result": "ok", "changes": {}, "at": 1791444037.430848}
{"kind": "test", "reg": "0x2F", "original": "0x15DC", "value": "0x05DC", "mask": "0x1000", "relatch": true, "readback": "0x05DC", "result": "ok", "changes": {}, "at": 1791444039.5534666}
{"kind": "test", "reg": "0x2F", "original": "0x15DC", "value": "0x35DC", "mask": "0x2000", "relatch": true, "readback": "0x35DC", "result": "ok", "changes": {}, "at": 1791444041.9615612}
{"kind": "test", "reg": "0x2F", "original": "0x15DC", "value": "0x55DC", "mask": "0x4000", "relatch": true, "readback": "0x55DC", "result": "ok", "changes": {}, "at": 1791444044.453755}
{"kind": "test", "reg": "0x2F", "original": "0x15DC", "value": "0x95DC", "mask": "0x8000", "relatch": true, "readback": "0x95DC", "result": "ok", "changes": {}, "at": 1791444046.606342}
{"kind": "reference", "at": 1791444049.3604336}
{"kind": "test", "reg": "0x30", "original": "0x0000", "value": "0x0001", "mask": "0x0001", "relatch": true, "readback": "0x0000", "result": "ok", "changes": {}, "at": 1791444051.6616952}
{"kind": "test", "reg": "0x30", "original": "0x0000", "value": "0x0002", "mask": "0x0002", "relatch": true, "readback": "0x0000", "result": "ok", "changes": {}, "at": 1791444053.7758198}
{"kind": "test", "reg": "0x30", "original": "0x0000", "value": "0x0004", "mask": "0x0004", "relatch": true, "readback": "0x0000", "result": "ok", "changes": {}, "at": 1791444056.276609}
{"kind": "test", "reg": "0x30", "original": "0x0000", "value": "0x0008", "mask": "0x0008", "relatch": true, "readback": "0x0000", "result": "ok", "changes": {}, "at": 1791444058.6974602}
{"kind": "test", "reg": "0x30", "original": "0x0000", "value": "0x0010", "mask": "0x0010", "relatch": true, "readback": "0x0000", "result": "ok", "changes": {}, "at": 1791444061.0969915}
{"kind": "test", "reg": "0x30", "original": "0x0000", "value": "0x0020", "mask": "0x0020", "relatch": true, "readback": "0x0000", "result": "ok", "changes": {}, "at": 1791444063.4696734}
{"kind": "test", "reg": "0x30", "original": "0x0000", "value": "0x0040", "mask": "0x0040", "relatch": true, "readback": "0x0000", "result": "ok", "changes": {}, "at": 1791444065.9292958}
{"kind": "test", "reg": "0x30", "original": "0x0000", "value": "0x0080", "mask": "0x0080", "relatch": true, "readback": "0x0000", "result": "ok", "changes": {}, "at": 1791444068.4417646}
{"kind": "test", "reg": "0x30", "original": "0x0000", "value": "0x0100", "mask": "0x0100", "relatch": true, "readback": "0x0000", "result": "ok", "changes": {}, "at": 1791444070.8938975}
{"kind": "test", "reg": "0x30", "original": "0x0000", "value": "0x0200", "mask": "0x0200", "relatch": true, "readback": "0x0000", "result": "ok", "changes": {}, "at": 1791444073.1764932}
{"kind": "test", "reg": "0x30", "original": "0x0000", "value": "0x0400", "mask": "0x0400", "relatch": true, "readback": "0x0000", "result": "ok", "changes": {}, "at": 1791444075.5201707}
{"kind": "test", "reg": "0x30", "original": "0x0000", "value": "0x0800", "mask": "0x0800", "relatch": true, "readback": "0x0000", "result": "ok", "changes": {}, "at": 1791444078.1068811}
{"kind": "test", "reg": "0x30", "original": "0x0000", "value": "0x1000", "mask": "0x1000", "relatch": true, "readback": "0x0000", "result": "ok", "changes": {}, "at": 1791444080.3677135}
{"kind": "test", "reg": "0x30", "original": "0x0000", "value": "0x2000", "mask": "0x2000", "relatch": true, "readback": "0x0000", "result": "ok", "changes": {}, "at": 1791444082.6311595}
{"kind": "test", "reg": "0x30", "original": "0x0000", "value": "0x4000", "mask": "0x4000", "relatch": true, "readback": "0x0000", "result": "ok", "changes": {}, "at": 1791444084.8401048}
{"kind": "test", "reg": "0x30", "original": "0x0000", "value": "0x8000", "mask": "0x8000", "relatch": true, "readback": "0x0000", "result": "ok", "changes": {}, "at": 1791444087.220371}
{"kind": "test", "reg": "0x31", "original": "0x0000", "value": "0x0001", "mask": "0x0001", "relatch": true, "readback": "0x0000", "result": "ok", "changes": {}, "at": 1791444089.8998551}
{"kind": "test", "reg": "0x31", "original": "0x0000", "value": "0x0002", "mask": "0x0002", "relatch": true, "readback": "0x0000", "result": "ok", "changes": {}, "at": 1791444092.5147722}
{"kind": "test", "reg": "0x31", "original": "0x0000", "value": "0x0004", "mask": "0x0004", "relatch": true, "readback": "0x0000", "result": "ok", "changes": {}, "at": 1791444095.0361228}
{"kind": "test", "reg": "0x31", "original": "0x0000", "value": "0x0008", "mask": "0x0008", "relatch": true, "readback": "0x0000", "result": "ok", "changes": {}, "at": 1791444097.482241}
{"kind": "test", "reg": "0x31", "original": "0x0000", "value": "0x0010", "mask": "0x0010", "relatch": true, "readback": "0x0000", "result": "ok", "changes": {}, "at": 1791444100.103499}
{"kind": "test", "reg": "0x31", "original": "0x0000", "value": "0x0020", "mask": "0x0020", "relatch": true, "readback": "0x0000", "result": "ok", "changes": {}, "at": 1791444102.4469478}
{"kind": "test", "reg": "0x31", "original": "0x0000", "value": "0x0040", "mask": "0x0040", "relatch": true, "readback": "0x0000", "result": "ok", "changes": {}, "at": 1791444104.8838193}
{"kind": "test", "reg": "0x31", "original": "0x0000", "value": "0x0080", "mask": "0x0080", "relatch": true, "readback": "0x0000", "result": "ok", "changes": {}, "at": 1791444107.144416}
{"kind": "test", "reg": "0x31", "original": "0x0000", "value": "0x0100", "mask": "0x0100", "relatch": true, "readback": "0x0000", "result": "ok", "changes": {}, "at": 1791444109.7647028}
{"kind": "test", "reg": "0x31", "original": "0x0000", "value": "0x0200", "mask": "0x0200", "relatch": true, "readback": "0x0000", "result": "ok", "changes": {}, "at": 1791444112.115589}
{"kind": "test", "reg": "0x31", "original": "0x0000", "value": "0x0400", "mask": "0x0400", "relatch": true, "readback": "0x0000", "result": "ok", "changes": {}, "at": 1791444114.5623684}
{"kind": "test", "reg": "0x31", "original": "0x0000", "value": "0x0800", "mask": "0x0800", "relatch": true, "readback": "0x0000", "result": "ok", "changes": {}, "at": 1791444117.019191}
{"kind": "test", "reg": "0x31", "original": "0x0000", "value": "0x1000", "mask": "0x1000", "relatch": true, "readback": "0x0000", "result": "ok", "changes": {}, "at": 1791444119.4600656}
{"kind": "test", "reg": "0x31", "original": "0x0000", "value": "0x2000", "mask": "0x2000", "relatch": true, "readback": "0x0000", "result": "ok", "changes": {}, "at": 1791444121.805519}
{"kind": "test", "reg": "0x31", "original": "0x0000", "value": "0x4000", "mask": "0x4000", "relatch": true, "readback": "0x0000", "result": "ok", "changes": {}, "at": 1791444124.0286837}
{"kind": "test", "reg": "0x31", "original": "0x0000", "value": "0x8000", "mask": "0x8000", "relatch": true, "readback": "0x0000", "result": "ok", "changes": {}, "at": 1791444126.559673}
{"kind": "test", "reg": "0x32", "original": "0x0000", "value": "0x0001", "mask": "0x0001", "relatch": true, "readback": "0x0000", "result": "ok", "changes": {}, "at": 1791444129.128704}
{"kind": "test", "reg": "0x32", "original": "0x0000", "value": "0x0002", "mask": "0x0002", "relatch": true, "readback": "0x0000", "result": "ok", "changes": {}, "at": 1791444131.5433974}
{"kind": "test", "reg": "0x32", "original": "0x0000", "value": "0x0004", "mask": "0x0004", "relatch": true, "readback": "0x0000", "result": "ok", "changes": {}, "at": 1791444134.0687635}
{"kind": "test", "reg": "0x32", "original": "0x0000", "value": "0x0008", "mask": "0x0008", "relatch": true, "readback": "0x0000", "result": "ok", "changes": {}, "at": 1791444136.6919162}
{"kind": "test", "reg": "0x32", "original": "0x0000", "value": "0x0010", "mask": "0x0010", "relatch": true, "readback": "0x0000", "result": "ok", "changes": {}, "at": 1791444139.1963875}
{"kind": "test", "reg": "0x32", "original": "0x0000", "value": "0x0020", "mask": "0x0020", "relatch": true, "readback": "0x0000", "result": "ok", "changes": {}, "at": 1791444141.4083097}
{"kind": "test", "reg": "0x32", "original": "0x0000", "value": "0x0040", "mask": "0x0040", "relatch": true, "readback": "0x0000", "result": "ok", "changes": {}, "at": 1791444143.9964876}
{"kind": "test", "reg": "0x32", "original": "0x0000", "value": "0x0080", "mask": "0x0080", "relatch": true, "readback": "0x0000", "result": "ok", "changes": {}, "at": 1791444146.3698897}
{"kind": "test", "reg": "0x32", "original": "0x0000", "value": "0x0100", "mask": "0x0100", "relatch": true, "readback": "0x0000", "result": "ok", "changes": {}, "at": 1791444149.0029137}
{"kind": "test", "reg": "0x32", "original": "0x0000", "value": "0x0200", "mask": "0x0200", "relatch": true, "readback": "0x0000", "result": "ok", "changes": {}, "at": 1791444151.2788866}
{"kind": "test", "reg": "0x32", "original": "0x0000", "value": "0x0400", "mask": "0x0400", "relatch": true, "readback": "0x0000", "result": "ok", "changes": {}, "at": 1791444153.743467}
{"kind": "test", "reg": "0x32", "original": "0x0000", "value": "0x0800", "mask": "0x0800", "relatch": true, "readback": "0x0000", "result": "ok", "changes": {}, "at": 1791444156.0283408}
{"kind": "test", "reg": "0x32", "original": "0x0000", "value": "0x1000", "mask": "0x1000", "relatch": true, "readback": "0x0000", "result": "ok", "changes": {}, "at": 1791444158.2995193}
{"kind": "test", "reg": "0x32", "original": "0x0000", "value": "0x2000", "mask": "0x2000", "relatch": true, "readback": "0x0000", "result": "ok", "changes": {}, "at": 1791444160.728457}
{"kind": "test", "reg": "0x32", "original": "0x0000", "value": "0x4000", "mask": "0x4000", "relatch": true, "readback": "0x0000", "result": "ok", "changes": {}, "at": 1791444163.1197517}
{"kind": "test", "reg": "0x32", "original": "0x0000", "value": "0x8000", "mask": "0x8000", "relatch": true, "readback": "0x0000", "result": "ok", "changes": {}, "at": 1791444165.7217612}
{"kind": "reference", "at": 1791444168.5079546}
{"kind": "test", "reg": "0x33", "original": "0x0000", "value": "0x0001", "mask": "0x0001", "relatch": true, "readback": "0x0000", "result": "ok", "changes": {}, "at": 1791444171.0417416}
{"kind": "test", "reg": "0x33", "original": "0x0000", "value": "0x0002", "mask": "0x0002", "relatch": true, "readback": "0x0000", "result": "ok", "changes": {}, "at": 1791444173.0974538}
{"kind": "test", "reg": "0x33", "original": "0x0000", "value": "0x0004", "mask": "0x0004", "relatch": true, "readback": "0x0000", "result": "ok", "changes": {}, "at": 1791444175.3589325}
{"kind": "test", "reg": "0x33", "original": "0x0000", "value": "0x0008", "mask": "0x0008", "relatch": true, "readback": "0x0000", "result": "ok", "changes": {}, "at": 1791444177.902285}
{"kind": "test", "reg": "0x33", "original": "0x0000", "value": "0x0010", "mask": "0x0010", "relatch": true, "readback": "0x0000", "result": "ok", "changes": {}, "at": 1791444180.2581184}
{"kind": "test", "reg": "0x33", "original": "0x0000", "value": "0x0020", "mask": "0x0020", "relatch": true, "readback": "0x0000", "result": "ok", "changes": {}, "at": 1791444182.7025628}
{"kind": "test", "reg": "0x33", "original": "0x0000", "value": "0x0040", "mask": "0x0040", "relatch": true, "readback": "0x0000", "result": "ok", "changes": {}, "at": 1791444185.169393}
{"kind": "test", "reg": "0x33", "original": "0x0000", "value": "0x0080", "mask": "0x0080", "relatch": true, "readback": "0x0000", "result": "ok", "changes": {}, "at": 1791444188.0517743}
{"kind": "test", "reg": "0x33", "original": "0x0000", "value": "0x0100", "mask": "0x0100", "relatch": true, "readback": "0x0000", "result": "ok", "changes": {}, "at": 1791444190.3965938}
{"kind": "test", "reg": "0x33", "original": "0x0000", "value": "0x0200", "mask": "0x0200", "relatch": true, "readback": "0x0000", "result": "ok", "changes": {}, "at": 1791444193.0521557}
{"kind": "test", "reg": "0x33", "original": "0x0000", "value": "0x0400", "mask": "0x0400", "relatch": true, "readback": "0x0000", "result": "ok", "changes": {}, "at": 1791444195.7738411}
{"kind": "test", "reg": "0x33", "original": "0x0000", "value": "0x0800", "mask": "0x0800", "relatch": true, "readback": "0x0000", "result": "ok", "changes": {}, "at": 1791444198.2244487}
{"kind": "test", "reg": "0x33", "original": "0x0000", "value": "0x1000", "mask": "0x1000", "relatch": true, "readback": "0x0000", "result": "ok", "changes": {}, "at": 1791444200.899337}
{"kind": "test", "reg": "0x33", "original": "0x0000", "value": "0x2000", "mask": "0x2000", "relatch": true, "readback": "0x0000", "result": "ok", "changes": {}, "at": 1791444203.171299}
{"kind": "test", "reg": "0x33", "original": "0x0000", "value": "0x4000", "mask": "0x4000", "relatch": true, "readback": "0x0000", "result": "ok", "changes": {}, "at": 1791444205.6973963}
{"kind": "test", "reg": "0x33", "original": "0x0000", "value": "0x8000", "mask": "0x8000", "relatch": true, "readback": "0x0000", "result": "ok", "changes": {}, "at": 1791444207.8671877}
{"kind": "test", "reg": "0x34", "original": "0x0000", "value": "0x0001", "mask": "0x0001", "relatch": true, "readback": "0x0000", "result": "ok", "changes": {}, "at": 1791444210.3959253}
{"kind": "test", "reg": "0x34", "original": "0x0000", "value": "0x0002", "mask": "0x0002", "relatch": true, "readback": "0x0000", "result": "ok", "changes": {}, "at": 1791444212.7315493}
{"kind": "test", "reg": "0x34", "original": "0x0000", "value": "0x0004", "mask": "0x0004", "relatch": true, "readback": "0x0000", "result": "ok", "changes": {}, "at": 1791444215.1633549}
{"kind": "test", "reg": "0x34", "original": "0x0000", "value": "0x0008", "mask": "0x0008", "relatch": true, "readback": "0x0000", "result": "ok", "changes": {}, "at": 1791444217.4921796}
{"kind": "test", "reg": "0x34", "original": "0x0000", "value": "0x0010", "mask": "0x0010", "relatch": true, "readback": "0x0000", "result": "ok", "changes": {}, "at": 1791444219.9887564}
{"kind": "test", "reg": "0x34", "original": "0x0000", "value": "0x0020", "mask": "0x0020", "relatch": true, "readback": "0x0000", "result": "ok", "changes": {}, "at": 1791444222.4969757}
{"kind": "test", "reg": "0x34", "original": "0x0000", "value": "0x0040", "mask": "0x0040", "relatch": true, "readback": "0x0000", "result": "ok", "changes": {}, "at": 1791444225.039916}
{"kind": "test", "reg": "0x34", "original": "0x0000", "value": "0x0080", "mask": "0x0080", "relatch": true, "readback": "0x0000", "result": "ok", "changes": {}, "at": 1791444227.2244267}
{"kind": "test", "reg": "0x34", "original": "0x0000", "value": "0x0100", "mask": "0x0100", "relatch": true, "readback": "0x0000", "result": "ok", "changes": {}, "at": 1791444229.6607316}
{"kind": "test", "reg": "0x34", "original": "0x0000", "value": "0x0200", "mask": "0x0200", "relatch": true, "readback": "0x0000", "result": "ok", "changes": {}, "at": 1791444232.2785003}
{"kind": "test", "reg": "0x34", "original": "0x0000", "value": "0x0400", "mask": "0x0400", "relatch": true, "readback": "0x0000", "result": "ok", "changes": {}, "at": 1791444234.7033834}
{"kind": "test", "reg": "0x34", "original": "0x0000", "value": "0x0800", "mask": "0x0800", "relatch": true, "readback": "0x0000", "result": "ok", "changes": {}, "at": 1791444236.9515727}
{"kind": "test", "reg": "0x34", "original": "0x0000", "value": "0x1000", "mask": "0x1000", "relatch": true, "readback": "0x0000", "result": "ok", "changes": {}, "at": 1791444239.1818163}
{"kind": "test", "reg": "0x34", "original": "0x0000", "value": "0x2000", "mask": "0x2000", "relatch": true, "readback": "0x0000", "result": "ok", "changes": {}, "at": 1791444241.507311}
{"kind": "test", "reg": "0x34", "original": "0x0000", "value": "0x4000", "mask": "0x4000", "relatch": true, "readback": "0x0000", "result": "ok", "changes": {}, "at": 1791444243.9354007}
{"kind": "test", "reg": "0x34", "original": "0x0000", "value": "0x8000", "mask": "0x8000", "relatch": true, "readback": "0x0000", "result": "ok", "changes": {}, "at": 1791444246.2850096}
{"kind": "test", "reg": "0x35", "original": "0x0000", "value": "0x0001", "mask": "0x0001", "relatch": true, "readback": "0x0000", "result": "ok", "changes": {}, "at": 1791444248.8481336}
{"kind": "test", "reg": "0x35", "original": "0x0000", "value": "0x0002", "mask": "0x0002", "relatch": true, "readback": "0x0000", "result": "ok", "changes": {}, "at": 1791444251.1761003}
{"kind": "test", "reg": "0x35", "original": "0x0000", "value": "0x0004", "mask": "0x0004", "relatch": true, "readback": "0x0000", "result": "ok", "changes": {}, "at": 1791444253.7261958}
{"kind": "test", "reg": "0x35", "original": "0x0000", "value": "0x0008", "mask": "0x0008", "relatch": true, "readback": "0x0000", "result": "ok", "changes": {}, "at": 1791444255.938726}
{"kind": "test", "reg": "0x35", "original": "0x0000", "value": "0x0010", "mask": "0x0010", "relatch": true, "readback": "0x0000", "result": "ok", "changes": {}, "at": 1791444258.1702454}
{"kind": "test", "reg": "0x35", "original": "0x0000", "value": "0x0020", "mask": "0x0020", "relatch": true, "readback": "0x0000", "result": "ok", "changes": {}, "at": 1791444260.480949}
{"kind": "test", "reg": "0x35", "original": "0x0000", "value": "0x0040", "mask": "0x0040", "relatch": true, "readback": "0x0000", "result": "ok", "changes": {}, "at": 1791444262.8443873}
{"kind": "test", "reg": "0x35", "original": "0x0000", "value": "0x0080", "mask": "0x0080", "relatch": true, "readback": "0x0000", "result": "ok", "changes": {}, "at": 1791444265.040458}
{"kind": "test", "reg": "0x35", "original": "0x0000", "value": "0x0100", "mask": "0x0100", "relatch": true, "readback": "0x0000", "result": "ok", "changes": {}, "at": 1791444267.3752656}
{"kind": "test", "reg": "0x35", "original": "0x0000", "value": "0x0200", "mask": "0x0200", "relatch": true, "readback": "0x0000", "result": "ok", "changes": {}, "at": 1791444269.911124}
{"kind": "test", "reg": "0x35", "original": "0x0000", "value": "0x0400", "mask": "0x0400", "relatch": true, "readback": "0x0000", "result": "ok", "changes": {}, "at": 1791444272.3494449}
{"kind": "test", "reg": "0x35", "original": "0x0000", "value": "0x0800", "mask": "0x0800", "relatch": true, "readback": "0x0000", "result": "ok", "changes": {}, "at": 1791444274.7814908}
{"kind": "test", "reg": "0x35", "original": "0x0000", "value": "0x1000", "mask": "0x1000", "relatch": true, "readback": "0x0000", "result": "ok", "changes": {}, "at": 1791444277.274364}
{"kind": "test", "reg": "0x35", "original": "0x0000", "value": "0x2000", "mask": "0x2000", "relatch": true, "readback": "0x0000", "result": "ok", "changes": {}, "at": 1791444279.6805148}
{"kind": "test", "reg": "0x35", "original": "0x0000", "value": "0x4000", "mask": "0x4000", "relatch": true, "readback": "0x0000", "result": "ok", "changes": {}, "at": 1791444282.0379672}
{"kind": "test", "reg": "0x35", "original": "0x0000", "value": "0x8000", "mask": "0x8000", "relatch": true, "readback": "0x0000", "result": "ok", "changes": {}, "at": 1791444284.3984485}
{"kind": "reference", "at": 1791444287.0717769}
{"kind": "test", "reg": "0x36", "original": "0x0000", "value": "0x0001", "mask": "0x0001", "relatch": true, "readback": "0x0000", "result": "ok", "changes": {}, "at": 1791444289.6970437}
{"kind": "test", "reg": "0x36", "original": "0x0000", "value": "0x0002", "mask": "0x0002", "relatch": true, "readback": "0x0000", "result": "ok", "changes": {}, "at": 1791444292.2046862}
{"kind": "test", "reg": "0x36", "original": "0x0000", "value": "0x0004", "mask": "0x0004", "relatch": true, "readback": "0x0000", "result": "ok", "changes": {}, "at": 1791444294.6787643}
{"kind": "test", "reg": "0x36", "original": "0x0000", "value": "0x0008", "mask": "0x0008", "relatch": true, "readback": "0x0000", "result": "ok", "changes": {}, "at": 1791444297.2994819}
{"kind": "test", "reg": "0x36", "original": "0x0000", "value": "0x0010", "mask": "0x0010", "relatch": true, "readback": "0x0000", "result": "ok", "changes": {}, "at": 1791444299.695098}
{"kind": "test", "reg": "0x36", "original": "0x0000", "value": "0x0020", "mask": "0x0020", "relatch": true, "readback": "0x0000", "result": "ok", "changes": {}, "at": 1791444302.0343463}
{"kind": "test", "reg": "0x36", "original": "0x0000", "value": "0x0040", "mask": "0x0040", "relatch": true, "readback": "0x0000", "result": "ok", "changes": {}, "at": 1791444304.4925597}
{"kind": "test", "reg": "0x36", "original": "0x0000", "value": "0x0080", "mask": "0x0080", "relatch": true, "readback": "0x0000", "result": "ok", "changes": {}, "at": 1791444306.8776238}
{"kind": "test", "reg": "0x36", "original": "0x0000", "value": "0x0100", "mask": "0x0100", "relatch": true, "readback": "0x0000", "result": "ok", "changes": {}, "at": 1791444309.260972}
{"kind": "test", "reg": "0x36", "original": "0x0000", "value": "0x0200", "mask": "0x0200", "relatch": true, "readback": "0x0000", "result": "ok", "changes": {}, "at": 1791444311.6072116}
{"kind": "test", "reg": "0x36", "original": "0x0000", "value": "0x0400", "mask": "0x0400", "relatch": true, "readback": "0x0000", "result": "ok", "changes": {}, "at": 1791444313.7949476}
{"kind": "test", "reg": "0x36", "original": "0x0000", "value": "0x0800", "mask": "0x0800", "relatch": true, "readback": "0x0000", "result": "ok", "changes": {}, "at": 1791444316.2495897}
{"kind": "test", "reg": "0x36", "original": "0x0000", "value": "0x1000", "mask": "0x1000", "relatch": true, "readback": "0x0000", "result": "ok", "changes": {}, "at": 1791444318.854406}
{"kind": "test", "reg": "0x36", "original": "0x0000", "value": "0x2000", "mask": "0x2000", "relatch": true, "readback": "0x0000", "result": "ok", "changes": {}, "at": 1791444321.4776673}
