lane,rx_index,chirp,sample,i,q
0,0,0,0,7127,-4862
0,0,0,1,7042,-4797
0,0,0,2,7102,-4826
0,0,0,3,7085,-4822
0,0,0,4,7066,-4772
0,0,0,5,7151,-4820
0,0,0,6,7078,-4737
0,0,0,7,7164,-4808
0,0,0,8,7074,-4706
0,0,0,9,7178,-4759
0,0,0,10,7094,-4669
0,0,0,11,7148,-4715
0,0,0,12,7182,-4725
0,0,0,13,7088,-4630
0,0,0,14,7221,-4732
0,0,0,15,7120,-4631
0,0,0,16,7205,-4697
0,0,0,17,7147,-4636
0,0,0,18,7169,-4624
0,0,0,19,7193,-4613
0,0,0,20,7161,-4591
0,0,0,21,7231,-4627
0,0,0,22,7149,-4557
0,0,0,23,7263,-4633
0,0,0,24,7115,-4524
0,0,0,25,7212,-4589
0,0,0,26,7185,-4528
0,0,0,27,7146,-4496
0,0,0,28,7260,-4574
0,0,0,29,7173,-4490
0,0,0,30,7267,-4557
0,0,0,31,7174,-4479
0,0,0,32,7220,-4508
0,0,0,33,7184,-4477
0,0,0,34,7208,-4475
0,0,0,35,7248,-4486
0,0,0,36,7188,-4455
0,0,0,37,7278,-4505
0,0,0,38,7153,-4407
0,0,0,39,7293,-4512
0,0,0,40,7168,-4409
0,0,0,41,7209,-4445
0,0,0,42,7258,-4463
0,0,0,43,7224,-4418
0,0,0,44,7302,-4471
0,0,0,45,7213,-4401
0,0,0,46,7288,-4449
0,0,0,47,7197,-4382
0,0,0,48,7292,-4429
0,0,0,49,7241,-4385
0,0,0,50,7253,-4371
0,0,0,51,7323,-4406
0,0,0,52,7207,-4317
0,0,0,53,7334,-4414
0,0,0,54,7229,-4340
0,0,0,55,7292,-4388
0,0,0,56,7259,-4364
0,0,0,57,7271,-4339
0,0,0,58,7335,-4376
0,0,0,59,7276,-4336
0,0,0,60,7356,-4376
0,0,0,61,7250,-4301
0,0,0,62,7378,-4380
0,0,0,63,7287,-4295
0,0,0,64,7350,-4343
0,0,0,65,7364,-4326
0,0,0,66,7301,-4261
0,0,0,67,7421,-4348
0,0,0,68,7329,-4282
0,0,0,69,7410,-4335
0,0,0,70,7353,-4278
0,0,0,71,7409,-4314
0,0,0,72,7375,-4264
0,0,0,73,7400,-4278
0,0,0,74,7446,-4306
0,0,0,75,7389,-4240
0,0,0,76,7510,-4330
0,0,0,77,7374,-4217
0,0,0,78,7485,-4265
0,0,0,79,7454,-4244
0,0,0,80,7451,-4221
0,0,0,81,7494,-4257
0,0,0,82,7451,-4216
0,0,0,83,7534,-4256
0,0,0,84,7445,-4200
0,0,0,85,7555,-4265
0,0,0,86,7442,-4175
0,0,0,87,7526,-4225
0,0,0,88,7530,-4201
0,0,0,89,7493,-4145
0,0,0,90,7590,-4243
0,0,0,91,7492,-4142
0,0,0,92,7599,-4216
0,0,0,93,7534,-4136
0,0,0,94,7591,-4153
0,0,0,95,7587,-4130
0,0,0,96,7618,-4118
0,0,0,97,7664,-4133
0,0,0,98,7597,-4086
0,0,0,99,7727,-4183
0,0,0,100,7589,-4067
0,0,0,101,7704,-4140
0,0,0,102,7655,-4103
0,0,0,103,7644,-4048
0,0,0,104,7713,-4106
0,0,0,105,7645,-4064
0,0,0,106,7744,-4122
0,0,0,107,7669,-4029
0,0,0,108,7771,-4080
0,0,0,109,7680,-4014
0,0,0,110,7747,-4044
0,0,0,111,7738,-4016
0,0,0,112,7696,-3957
0,0,0,113,7864,-4060
0,0,0,114,7733,-3940
0,0,0,115,7858,-4002
0,0,0,116,7799,-3946
0,0,0,117,7831,-3950
0,0,0,118,7829,-3935
0,0,0,119,7818,-3925
0,0,0,120,7886,-3946
0,0,0,121,7797,-3877
0,0,0,122,7949,-3932
0,0,0,123,7813,-3848
0,0,0,124,7920,-3918
0,0,0,125,7836,-3855
0,0,0,126,7864,-3824
0,0,0,127,7955,-3893
0,0,0,128,7886,-3794
0,0,0,129,7982,-3865
0,0,0,130,7893,-3789
0,0,0,131,7963,-3798
0,0,0,132,7913,-3751
0,0,0,133,7972,-3751
0,0,0,134,7986,-3728
0,0,0,135,7943,-3697
0,0,0,136,8033,-3762
0,0,0,137,7907,-3657
0,0,0,138,8052,-3763
0,0,0,139,7959,-3662
0,0,0,140,7990,-3666
0,0,0,141,8004,-3677
0,0,0,142,8009,-3645
0,0,0,143,8060,-3682
0,0,0,144,7992,-3620
0,0,0,145,8100,-3662
0,0,0,146,7985,-3582
0,0,0,147,8111,-3623
0,0,0,148,8032,-3560
0,0,0,149,8064,-3575
0,0,0,150,8126,-3581
0,0,0,151,8006,-3497
0,0,0,152,8141,-3573
0,0,0,153,8050,-3502
0,0,0,154,8148,-3534
0,0,0,155,8091,-3473
0,0,0,156,8124,-3454
0,0,0,157,8136,-3444
0,0,0,158,8121,-3412
0,0,0,159,8205,-3447
0,0,0,160,8055,-3339
0,0,0,161,8219,-3411
0,0,0,162,8130,-3337
0,0,0,163,8150,-3333
0,0,0,164,8168,-3349
0,0,0,165,8145,-3311
0,0,0,166,8218,-3356
0,0,0,167,8128,-3285
0,0,0,168,8241,-3335
0,0,0,169,8122,-3238
0,0,0,170,8236,-3281
0,0,0,171,8136,-3231
0,0,0,172,8163,-3212
0,0,0,173,8245,-3246
0,0,0,174,8099,-3127
0,0,0,175,8251,-3193
0,0,0,176,8165,-3117
0,0,0,177,8250,-3161
0,0,0,178,8171,-3112
0,0,0,179,8237,-3100
0,0,0,180,8223,-3092
0,0,0,181,8191,-3057
0,0,0,182,8272,-3100
0,0,0,183,8121,-2997
0,0,0,184,8283,-3092
0,0,0,185,8183,-2970
0,0,0,186,8221,-2955
0,0,0,187,8235,-2965
0,0,0,188,8219,-2925
0,0,0,189,8278,-2945
0,0,0,190,8194,-2917
0,0,0,191,8299,-2934
0,0,0,192,8170,-2849
0,0,0,193,8293,-2870
0,0,0,194,8182,-2807
0,0,0,195,8197,-2823
0,0,0,196,8294,-2839
0,0,0,197,8162,-2749
0,0,0,198,8304,-2808
0,0,0,199,8194,-2738
0,0,0,200,8271,-2773
0,0,0,201,8197,-2714
0,0,0,202,8252,-2719
0,0,0,203,8233,-2689
0,0,0,204,8198,-2651
0,0,0,205,8288,-2667
0,0,0,206,8145,-2596
0,0,0,207,8326,-2675
0,0,0,208,8137,-2585
0,0,0,209,8192,-2564
0,0,0,210,8221,-2576
0,0,0,211,8186,-2544
0,0,0,212,8264,-2555
0,0,0,213,8180,-2504
0,0,0,214,8249,-2518
0,0,0,215,8135,-2471
0,0,0,216,8225,-2483
0,0,0,217,8121,-2409
0,0,0,218,8150,-2405
0,0,0,219,8226,-2421
0,0,0,220,8072,-2326
0,0,0,221,8227,-2364
0,0,0,222,8106,-2294
0,0,0,223,8191,-2347
0,0,0,224,8137,-2345
0,0,0,225,8149,-2324
0,0,0,226,8162,-2315
0,0,0,227,8122,-2297
0,0,0,228,8196,-2289
0,0,0,229,8029,-2209
0,0,0,230,8209,-2268
0,0,0,231,8050,-2234
0,0,0,232,8122,-2235
0,0,0,233,8150,-2238
0,0,0,234,8071,-2166
0,0,0,235,8147,-2170
0,0,0,236,8053,-2108
0,0,0,237,8148,-2136
0,0,0,238,8018,-2076
0,0,0,239,8124,-2078
0,0,0,240,8040,-2068
0,0,0,241,8075,-2092
0,0,0,242,8109,-2064
0,0,0,243,7983,-2024
0,0,0,244,8173,-2086
0,0,0,245,7990,-1993
0,0,0,246,8072,-1999
0,0,0,247,8015,-1971
0,0,0,248,8037,-1974
0,0,0,249,8067,-1973
0,0,0,250,8017,-1937
0,0,0,251,8087,-1932
0,0,0,252,7955,-1862
0,0,0,253,8093,-1907
0,0,0,254,7928,-1840
0,0,0,255,8018,-1859
0,0,0,256,8029,-1854
0,0,0,257,7941,-1798
0,0,0,258,8084,-1845
0,0,0,259,7965,-1809
0,0,0,260,8055,-1820
0,0,0,261,7956,-1781
0,0,0,262,7998,-1744
0,0,0,263,7952,-1712
0,0,0,264,7965,-1710
0,0,0,265,7992,-1708
0,0,0,266,7895,-1650
0,0,0,267,8037,-1667
0,0,0,268,7843,-1632
0,0,0,269,7969,-1668
0,0,0,270,7948,-1672
0,0,0,271,7956,-1652
0,0,0,272,7962,-1627
0,0,0,273,7896,-1606
0,0,0,274,7967,-1584
0,0,0,275,7855,-1538
0,0,0,276,7973,-1549
0,0,0,277,7817,-1489
0,0,0,278,7901,-1517
0,0,0,279,7878,-1476
0,0,0,280,7809,-1446
0,0,0,281,7939,-1464
0,0,0,282,7821,-1436
0,0,0,283,7928,-1468
0,0,0,284,7814,-1408
0,0,0,285,7861,-1382
0,0,0,286,7791,-1348
0,0,0,287,7812,-1337
0,0,0,288,7864,-1355
0,0,0,289,7764,-1337
0,0,0,290,7914,-1345
0,0,0,291,7705,-1292
0,0,0,292,7809,-1272
0,0,0,293,7761,-1258
0,0,0,294,7729,-1210
0,0,0,295,7797,-1233
0,0,0,296,7719,-1198
0,0,0,297,7810,-1238
0,0,0,298,7704,-1204
0,0,0,299,7798,-1193
0,0,0,300,7663,-1144
0,0,0,301,7749,-1146
0,0,0,302,7693,-1125
0,0,0,303,7624,-1096
0,0,0,304,7765,-1116
0,0,0,305,7590,-1041
0,0,0,306,7722,-1075
0,0,0,307,7635,-1064
0,0,0,308,7619,-1023
0,0,0,309,7605,-988
0,0,0,310,7584,-977
0,0,0,311,7630,-966
0,0,0,312,7549,-978
0,0,0,313,7684,-963
0,0,0,314,7503,-956
0,0,0,315,7634,-965
0,0,0,316,7537,-919
0,0,0,317,7500,-897
0,0,0,318,7576,-885
0,0,0,319,7498,-866
0,0,0,320,7592,-868
0,0,0,321,7471,-851
0,0,0,322,7550,-852
0,0,0,323,7453,-824
0,0,0,324,7516,-826
0,0,0,325,7481,-827
0,0,0,326,7432,-793
0,0,0,327,7534,-785
0,0,0,328,7363,-750
0,0,0,329,7484,-757
0,0,0,330,7382,-722
0,0,0,331,7416,-716
0,0,0,332,7417,-728
0,0,0,333,7376,-691
0,0,0,334,7445,-674
0,0,0,335,7359,-673
0,0,0,336,7458,-671
0,0,0,337,7282,-634
0,0,0,338,7426,-637
0,0,0,339,7299,-611
0,0,0,340,7317,-607
0,0,0,341,7405,-618
0,0,0,342,7270,-564
0,0,0,343,7407,-578
0,0,0,344,7292,-563
0,0,0,345,7358,-566
0,0,0,346,7287,-549
0,0,0,347,7306,-523
0,0,0,348,7316,-518
0,0,0,349,7275,-495
0,0,0,350,7363,-503
0,0,0,351,7194,-468
0,0,0,352,7343,-451
0,0,0,353,7180,-418
0,0,0,354,7233,-405
0,0,0,355,7246,-418
0,0,0,356,7193,-355
0,0,0,357,7249,-360
0,0,0,358,7156,-335
0,0,0,359,7250,-330
0,0,0,360,7105,-291
0,0,0,361,7206,-286
0,0,0,362,7096,-272
0,0,0,363,7100,-253
0,0,0,364,7191,-257
0,0,0,365,7119,-267
0,0,0,366,7212,-239
0,0,0,367,7094,-225
0,0,0,368,7132,-200
0,0,0,369,7058,-196
0,0,0,370,7059,-132
0,0,0,371,7017,-131
0,0,0,372,7005,-142
0,0,0,373,7077,-111
0,0,0,374,6922,-117
0,0,0,375,7053,-72
0,0,0,376,6950,-64
0,0,0,377,6946,-38
0,0,0,378,6991,-85
0,0,0,379,6913,-37
0,0,0,380,6963,-24
0,0,0,381,6852,-2
0,0,0,382,6946,18
0,0,0,383,6807,27
0,0,0,384,6914,38
0,0,0,385,6765,64
0,0,0,386,6768,71
0,0,0,387,6873,77
0,0,0,388,6722,96
0,0,0,389,6838,100
0,0,0,390,6745,104
0,0,0,391,6784,124
0,0,0,392,6709,132
0,0,0,393,6726,154
0,0,0,394,6720,157
0,0,0,395,6647,176
0,0,0,396,6774,160
0,0,0,397,6582,178
0,0,0,398,6727,195
0,0,0,399,6627,193
0,0,0,400,6626,218
0,0,0,401,6644,205
0,0,0,402,6551,241
0,0,0,403,6617,248
0,0,0,404,6521,261
0,0,0,405,6590,279
0,0,0,406,6475,272
0,0,0,407,6595,270
0,0,0,408,6493,266
0,0,0,409,6483,295
0,0,0,410,6535,308
0,0,0,411,6374,327
0,0,0,412,6491,348
0,0,0,413,6393,345
0,0,0,414,6445,360
0,0,0,415,6405,355
0,0,0,416,6409,370
0,0,0,417,6410,360
0,0,0,418,6378,362
0,0,0,419,6431,387
0,0,0,420,6304,390
0,0,0,421,6452,414
0,0,0,422,6276,406
0,0,0,423,6321,430
0,0,0,424,6342,428
0,0,0,425,6262,453
0,0,0,426,6341,466
0,0,0,427,6268,449
0,0,0,428,6334,468
0,0,0,429,6245,454
0,0,0,430,6306,471
0,0,0,431,6245,473
0,0,0,432,6258,487
0,0,0,433,6280,500
0,0,0,434,6165,509
0,0,0,435,6305,535
0,0,0,436,6143,523
0,0,0,437,6211,553
0,0,0,438,6155,566
0,0,0,439,6144,584
0,0,0,440,6175,574
0,0,0,441,6119,598
0,0,0,442,6157,618
0,0,0,443,6087,593
0,0,0,444,6192,615
0,0,0,445,6044,606
0,0,0,446,6093,639
0,0,0,447,6085,637
0,0,0,448,6008,644
0,0,0,449,6108,662
0,0,0,450,6013,680
0,0,0,451,6074,694
0,0,0,452,5978,690
0,0,0,453,6031,726
0,0,0,454,5977,711
0,0,0,455,6017,708
0,0,0,456,6033,712
0,0,0,457,5926,718
0,0,0,458,6051,765
0,0,0,459,5869,753
0,0,0,460,5931,796
0,0,0,461,5912,779
0,0,0,462,5892,793
0,0,0,463,5913,809
0,0,0,464,5867,806
0,0,0,465,5953,811
0,0,0,466,5842,811
0,0,0,467,5873,877
0,0,0,468,5762,851
0,0,0,469,5839,871
0,0,0,470,5817,867
0,0,0,471,5750,866
0,0,0,472,5861,893
0,0,0,473,5723,899
0,0,0,474,5793,936
0,0,0,475,5716,914
0,0,0,476,5743,944
0,0,0,477,5715,930
0,0,0,478,5711,956
0,0,0,479,5719,964
0,0,0,480,5651,948
0,0,0,481,5769,970
0,0,0,482,5592,951
0,0,0,483,5670,1003
0,0,0,484,5611,1001
0,0,0,485,5571,1021
0,0,0,486,5648,1017
0,0,0,487,5558,1008
0,0,0,488,5647,1037
0,0,0,489,5552,1028
0,0,0,490,5569,1073
0,0,0,491,5481,1065
0,0,0,492,5530,1094
0,0,0,493,5498,1081
0,0,0,494,5456,1076
0,0,0,495,5564,1111
0,0,0,496,5387,1094
0,0,0,497,5492,1122
0,0,0,498,5402,1111
0,0,0,499,5400,1146
0,0,0,500,5398,1130
0,0,0,501,5380,1134
0,0,0,502,5442,1144
0,0,0,503,5362,1135
0,0,0,504,5416,1186
0,0,0,505,5297,1154
0,0,0,506,5406,1187
0,0,0,507,5310,1152
0,0,0,508,5281,1173
0,0,0,509,5351,1182
0,0,0,510,5281,1184
0,0,0,511,5330,1217
0,0,1,0,7134,-4884
0,0,1,1,6997,-4766
0,0,1,2,7088,-4839
0,0,1,3,7082,-4819
0,0,1,4,7077,-4806
0,0,1,5,7127,-4825
0,0,1,6,7095,-4770
0,0,1,7,7155,-4806
0,0,1,8,7076,-4707
0,0,1,9,7196,-4787
0,0,1,10,7075,-4686
0,0,1,11,7122,-4698
0,0,1,12,7162,-4749
0,0,1,13,7130,-4674
0,0,1,14,7225,-4729
0,0,1,15,7146,-4663
0,0,1,16,7208,-4693
0,0,1,17,7119,-4588
0,0,1,18,7217,-4661
0,0,1,19,7150,-4599
0,0,1,20,7173,-4605
0,0,1,21,7237,-4646
0,0,1,22,7116,-4549
0,0,1,23,7245,-4638
0,0,1,24,7169,-4553
0,0,1,25,7239,-4603
0,0,1,26,7174,-4540
0,0,1,27,7189,-4551
0,0,1,28,7208,-4541
0,0,1,29,7182,-4498
0,0,1,30,7273,-4554
0,0,1,31,7169,-4478
0,0,1,32,7295,-4582
0,0,1,33,7134,-4453
0,0,1,34,7220,-4503
0,0,1,35,7239,-4495
0,0,1,36,7200,-4449
0,0,1,37,7282,-4500
0,0,1,38,7202,-4439
0,0,1,39,7286,-4511
0,0,1,40,7188,-4424
0,0,1,41,7283,-4491
0,0,1,42,7206,-4408
0,0,1,43,7249,-4437
0,0,1,44,7262,-4435
0,0,1,45,7193,-4365
0,0,1,46,7341,-4464
0,0,1,47,7183,-4342
0,0,1,48,7290,-4430
0,0,1,49,7246,-4387
0,0,1,50,7270,-4403
0,0,1,51,7288,-4412
0,0,1,52,7253,-4376
0,0,1,53,7327,-4423
0,0,1,54,7241,-4357
0,0,1,55,7362,-4415
0,0,1,56,7240,-4325
0,0,1,57,7339,-4386
0,0,1,58,7290,-4339
0,0,1,59,7272,-4312
0,0,1,60,7356,-4369
0,0,1,61,7304,-4301
0,0,1,62,7388,-4377
0,0,1,63,7293,-4307
0,0,1,64,7356,-4347
0,0,1,65,7324,-4299
0,0,1,66,7372,-4325
0,0,1,67,7371,-4315
0,0,1,68,7342,-4273
0,0,1,69,7455,-4344
0,0,1,70,7327,-4247
0,0,1,71,7464,-4335
0,0,1,72,7341,-4252
0,0,1,73,7380,-4279
0,0,1,74,7420,-4286
0,0,1,75,7393,-4251
0,0,1,76,7483,-4308
0,0,1,77,7414,-4242
0,0,1,78,7497,-4279
0,0,1,79,7404,-4219
0,0,1,80,7508,-4277
0,0,1,81,7447,-4208
0,0,1,82,7470,-4217
0,0,1,83,7514,-4238
0,0,1,84,7423,-4174
0,0,1,85,7557,-4249
0,0,1,86,7468,-4170
0,0,1,87,7565,-4224
0,0,1,88,7508,-4189
0,0,1,89,7523,-4180
0,0,1,90,7558,-4197
0,0,1,91,7532,-4164
0,0,1,92,7628,-4191
0,0,1,93,7537,-4113
0,0,1,94,7667,-4201
0,0,1,95,7534,-4096
0,0,1,96,7631,-4159
0,0,1,97,7613,-4148
0,0,1,98,7570,-4102
0,0,1,99,7689,-4157
0,0,1,100,7618,-4093
0,0,1,101,7712,-4136
0,0,1,102,7625,-4074
0,0,1,103,7704,-4093
0,0,1,104,7675,-4055
0,0,1,105,7715,-4061
0,0,1,106,7737,-4053
0,0,1,107,7644,-4021
0,0,1,108,7796,-4092
0,0,1,109,7656,-3983
0,0,1,110,7786,-4055
0,0,1,111,7754,-3994
0,0,1,112,7766,-3993
0,0,1,113,7787,-4020
0,0,1,114,7774,-3959
0,0,1,115,7859,-4013
0,0,1,116,7773,-3941
0,0,1,117,7868,-3991
0,0,1,118,7769,-3901
0,0,1,119,7870,-3974
0,0,1,120,7839,-3903
0,0,1,121,7855,-3879
0,0,1,122,7942,-3918
0,0,1,123,7802,-3823
0,0,1,124,7951,-3892
0,0,1,125,7850,-3844
0,0,1,126,7916,-3872
0,0,1,127,7875,-3843
0,0,1,128,7876,-3851
0,0,1,129,7914,-3864
0,0,1,130,7880,-3813
0,0,1,131,7984,-3852
0,0,1,132,7893,-3762
0,0,1,133,8026,-3816
0,0,1,134,7903,-3707
0,0,1,135,7964,-3752
0,0,1,136,8009,-3747
0,0,1,137,7964,-3691
0,0,1,138,8046,-3743
0,0,1,139,7961,-3669
0,0,1,140,8042,-3734
0,0,1,141,7955,-3652
0,0,1,142,8065,-3703
0,0,1,143,8007,-3636
0,0,1,144,8027,-3645
0,0,1,145,8074,-3673
0,0,1,146,7966,-3554
0,0,1,147,8147,-3629
0,0,1,148,8028,-3517
0,0,1,149,8100,-3584
0,0,1,150,8045,-3559
0,0,1,151,8077,-3526
0,0,1,152,8118,-3542
0,0,1,153,8080,-3493
0,0,1,154,8162,-3529
0,0,1,155,8056,-3450
0,0,1,156,8201,-3492
0,0,1,157,8053,-3414
0,0,1,158,8130,-3446
0,0,1,159,8148,-3437
0,0,1,160,8078,-3384
0,0,1,161,8195,-3466
0,0,1,162,8095,-3375
0,0,1,163,8192,-3408
0,0,1,164,8120,-3320
0,0,1,165,8184,-3319
0,0,1,166,8147,-3279
0,0,1,167,8170,-3287
0,0,1,168,8204,-3296
0,0,1,169,8130,-3221
0,0,1,170,8294,-3291
0,0,1,171,8097,-3198
0,0,1,172,8234,-3253
0,0,1,173,8173,-3221
0,0,1,174,8170,-3165
0,0,1,175,8226,-3185
0,0,1,176,8175,-3148
0,0,1,177,8269,-3168
0,0,1,178,8169,-3076
0,0,1,179,8285,-3123
0,0,1,180,8162,-3049
0,0,1,181,8267,-3090
0,0,1,182,8202,-3060
0,0,1,183,8158,-3026
0,0,1,184,8293,-3102
0,0,1,185,8178,-2998
0,0,1,186,8291,-3027
0,0,1,187,8184,-2968
0,0,1,188,8254,-2996
0,0,1,189,8229,-2955
0,0,1,190,8240,-2938
0,0,1,191,8265,-2936
0,0,1,192,8195,-2874
0,0,1,193,8323,-2908
0,0,1,194,8143,-2804
0,0,1,195,8293,-2879
0,0,1,196,8217,-2823
0,0,1,197,8210,-2798
0,0,1,198,8263,-2813
0,0,1,199,8211,-2741
0,0,1,200,8314,-2752
0,0,1,201,8204,-2722
0,0,1,202,8290,-2737
0,0,1,203,8171,-2673
0,0,1,204,8265,-2665
0,0,1,205,8186,-2624
0,0,1,206,8180,-2593
0,0,1,207,8284,-2654
0,0,1,208,8124,-2571
0,0,1,209,8282,-2598
0,0,1,210,8160,-2521
0,0,1,211,8229,-2561
0,0,1,212,8199,-2545
0,0,1,213,8199,-2525
0,0,1,214,8220,-2523
0,0,1,215,8143,-2465
0,0,1,216,8274,-2512
0,0,1,217,8092,-2423
0,0,1,218,8262,-2482
0,0,1,219,8114,-2398
0,0,1,220,8148,-2383
0,0,1,221,8170,-2377
0,0,1,222,8112,-2327
0,0,1,223,8211,-2358
0,0,1,224,8092,-2290
0,0,1,225,8199,-2347
0,0,1,226,8080,-2295
0,0,1,227,8184,-2312
0,0,1,228,8101,-2267
0,0,1,229,8104,-2248
0,0,1,230,8190,-2257
0,0,1,231,8037,-2195
0,0,1,232,8193,-2241
0,0,1,233,8070,-2179
0,0,1,234,8151,-2194
0,0,1,235,8063,-2137
0,0,1,236,8066,-2104
0,0,1,237,8114,-2112
0,0,1,238,8076,-2097
0,0,1,239,8152,-2114
0,0,1,240,7991,-2040
0,0,1,241,8160,-2104
0,0,1,242,7999,-2048
0,0,1,243,8052,-2047
0,0,1,244,8091,-2063
0,0,1,245,8022,-2014
0,0,1,246,8127,-2026
0,0,1,247,8004,-1985
0,0,1,248,8092,-2016
0,0,1,249,7987,-1947
0,0,1,250,8056,-1952
0,0,1,251,7999,-1930
0,0,1,252,8010,-1902
0,0,1,253,8084,-1910
0,0,1,254,7936,-1856
0,0,1,255,8114,-1912
0,0,1,256,7946,-1832
0,0,1,257,8018,-1836
0,0,1,258,7998,-1825
0,0,1,259,7969,-1793
0,0,1,260,8022,-1795
0,0,1,261,7966,-1782
0,0,1,262,8038,-1784
0,0,1,263,7915,-1740
0,0,1,264,8038,-1764
0,0,1,265,7889,-1694
0,0,1,266,7956,-1718
0,0,1,267,7994,-1709
0,0,1,268,7887,-1650
0,0,1,269,8022,-1673
0,0,1,270,7897,-1623
0,0,1,271,7993,-1635
0,0,1,272,7889,-1608
0,0,1,273,7914,-1567
0,0,1,274,7880,-1545
0,0,1,275,7906,-1547
0,0,1,276,7946,-1559
0,0,1,277,7812,-1495
0,0,1,278,7993,-1528
0,0,1,279,7825,-1497
0,0,1,280,7929,-1484
0,0,1,281,7884,-1470
0,0,1,282,7836,-1447
0,0,1,283,7919,-1450
0,0,1,284,7829,-1389
0,0,1,285,7916,-1420
0,0,1,286,7771,-1360
0,0,1,287,7878,-1358
0,0,1,288,7757,-1328
0,0,1,289,7822,-1346
0,0,1,290,7846,-1336
0,0,1,291,7734,-1281
0,0,1,292,7870,-1289
0,0,1,293,7744,-1240
0,0,1,294,7821,-1240
0,0,1,295,7727,-1227
0,0,1,296,7744,-1199
0,0,1,297,7751,-1206
0,0,1,298,7727,-1194
0,0,1,299,7781,-1197
0,0,1,300,7665,-1176
0,0,1,301,7812,-1146
0,0,1,302,7618,-1104
0,0,1,303,7699,-1101
0,0,1,304,7667,-1100
0,0,1,305,7621,-1045
0,0,1,306,7687,-1059
0,0,1,307,7619,-1047
0,0,1,308,7706,-1059
0,0,1,309,7573,-1020
0,0,1,310,7677,-1010
0,0,1,311,7549,-994
0,0,1,312,7593,-971
0,0,1,313,7621,-959
0,0,1,314,7517,-946
0,0,1,315,7655,-962
0,0,1,316,7513,-917
0,0,1,317,7615,-925
0,0,1,318,7539,-920
0,0,1,319,7558,-911
0,0,1,320,7532,-886
0,0,1,321,7503,-858
0,0,1,322,7560,-856
0,0,1,323,7433,-839
0,0,1,324,7601,-850
0,0,1,325,7397,-806
0,0,1,326,7488,-796
0,0,1,327,7456,-778
0,0,1,328,7405,-761
0,0,1,329,7501,-769
0,0,1,330,7426,-743
0,0,1,331,7477,-727
0,0,1,332,7364,-697
0,0,1,333,7457,-711
0,0,1,334,7347,-685
0,0,1,335,7420,-686
0,0,1,336,7409,-695
0,0,1,337,7307,-652
0,0,1,338,7440,-650
0,0,1,339,7302,-590
0,0,1,340,7401,-591
0,0,1,341,7326,-585
0,0,1,342,7332,-568
0,0,1,343,7329,-564
0,0,1,344,7292,-526
0,0,1,345,7343,-530
0,0,1,346,7239,-512
0,0,1,347,7389,-512
0,0,1,348,7215,-512
0,0,1,349,7305,-491
0,0,1,350,7255,-457
0,0,1,351,7210,-430
0,0,1,352,7313,-459
0,0,1,353,7226,-447
0,0,1,354,7322,-446
0,0,1,355,7201,-423
0,0,1,356,7260,-385
0,0,1,357,7164,-361
0,0,1,358,7213,-364
0,0,1,359,7195,-351
0,0,1,360,7126,-310
0,0,1,361,7247,-294
0,0,1,362,7040,-260
0,0,1,363,7164,-252
0,0,1,364,7083,-243
0,0,1,365,7085,-220
0,0,1,366,7112,-234
0,0,1,367,7085,-232
0,0,1,368,7150,-231
0,0,1,369,7056,-211
0,0,1,370,7141,-194
0,0,1,371,6994,-167
0,0,1,372,7108,-160
0,0,1,373,6972,-116
0,0,1,374,6959,-81
0,0,1,375,7066,-110
0,0,1,376,6908,-88
0,0,1,377,7032,-66
0,0,1,378,6896,-46
0,0,1,379,6970,-41
0,0,1,380,6890,-16
0,0,1,381,6883,17
0,0,1,382,6879,22
0,0,1,383,6848,27
0,0,1,384,6924,42
0,0,1,385,6744,57
0,0,1,386,6910,60
0,0,1,387,6767,70
0,0,1,388,6761,101
0,0,1,389,6805,89
0,0,1,390,6736,108
0,0,1,391,6842,108
0,0,1,392,6734,109
0,0,1,393,6783,139
0,0,1,394,6675,134
0,0,1,395,6734,154
0,0,1,396,6662,153
0,0,1,397,6659,175
0,0,1,398,6657,217
0,0,1,399,6526,219
0,0,1,400,6676,237
0,0,1,401,6549,230
0,0,1,402,6608,242
0,0,1,403,6561,232
0,0,1,404,6589,233
0,0,1,405,6603,241
0,0,1,406,6556,240
0,0,1,407,6576,291
0,0,1,408,6452,279
0,0,1,409,6568,300
0,0,1,410,6404,292
0,0,1,411,6474,311
0,0,1,412,6504,315
0,0,1,413,6408,329
0,0,1,414,6486,342
0,0,1,415,6397,344
0,0,1,416,6464,366
0,0,1,417,6391,343
0,0,1,418,6430,366
0,0,1,419,6361,359
0,0,1,420,6369,383
0,0,1,421,6397,397
0,0,1,422,6293,411
0,0,1,423,6412,449
0,0,1,424,6250,403
0,0,1,425,6342,441
0,0,1,426,6336,425
0,0,1,427,6286,459
0,0,1,428,6306,470
0,0,1,429,6248,482
0,0,1,430,6325,484
0,0,1,431,6217,464
0,0,1,432,6287,514
0,0,1,433,6157,492
0,0,1,434,6245,503
0,0,1,435,6206,524
0,0,1,436,6131,536
0,0,1,437,6238,555
0,0,1,438,6110,559
0,0,1,439,6190,585
0,0,1,440,6117,568
0,0,1,441,6170,578
0,0,1,442,6099,586
0,0,1,443,6125,591
0,0,1,444,6151,593
0,0,1,445,6080,592
0,0,1,446,6170,617
0,0,1,447,6005,615
0,0,1,448,6101,642
0,0,1,449,6039,647
0,0,1,450,6017,676
0,0,1,451,6052,679
0,0,1,452,6008,666
0,0,1,453,6076,694
0,0,1,454,5982,684
0,0,1,455,6042,710
0,0,1,456,5937,698
0,0,1,457,5998,732
0,0,1,458,5965,719
0,0,1,459,5901,736
0,0,1,460,5983,771
0,0,1,461,5851,775
0,0,1,462,5939,798
0,0,1,463,5858,800
0,0,1,464,5890,831
0,0,1,465,5864,810
0,0,1,466,5872,811
0,0,1,467,5913,814
0,0,1,468,5837,826
0,0,1,469,5930,833
0,0,1,470,5767,831
0,0,1,471,5859,871
0,0,1,472,5764,867
0,0,1,473,5737,896
0,0,1,474,5775,899
0,0,1,475,5711,923
0,0,1,476,5787,922
0,0,1,477,5703,922
0,0,1,478,5756,963
0,0,1,479,5639,954
0,0,1,480,5700,972
0,0,1,481,5654,964
0,0,1,482,5617,969
0,0,1,483,5711,991
0,0,1,484,5550,992
0,0,1,485,5678,1016
0,0,1,486,5593,992
0,0,1,487,5648,1007
0,0,1,488,5609,999
0,0,1,489,5556,1044
0,0,1,490,5569,1058
0,0,1,491,5510,1043
0,0,1,492,5568,1085
0,0,1,493,5453,1055
0,0,1,494,5554,1096
0,0,1,495,5452,1080
0,0,1,496,5429,1096
0,0,1,497,5488,1108
0,0,1,498,5415,1111
0,0,1,499,5478,1140
0,0,1,500,5402,1107
0,0,1,501,5449,1140
0,0,1,502,5374,1133
0,0,1,503,5387,1165
0,0,1,504,5331,1156
0,0,1,505,5331,1160
0,0,1,506,5396,1182
0,0,1,507,5283,1147
0,0,1,508,5386,1188
0,0,1,509,5301,1175
0,0,1,510,5319,1203
0,0,1,511,5300,1191
0,0,2,0,7091,-4843
0,0,2,1,7024,-4802
0,0,2,2,7107,-4868
0,0,2,3,7052,-4798
0,0,2,4,7130,-4838
0,0,2,5,7023,-4735
0,0,2,6,7145,-4813
0,0,2,7,7074,-4739
0,0,2,8,7078,-4714
0,0,2,9,7153,-4780
0,0,2,10,7100,-4678
0,0,2,11,7194,-4729
0,0,2,12,7118,-4668
0,0,2,13,7172,-4698
0,0,2,14,7106,-4644
0,0,2,15,7163,-4688
0,0,2,16,7147,-4655
0,0,2,17,7120,-4624
0,0,2,18,7242,-4669
0,0,2,19,7101,-4564
0,0,2,20,7213,-4667
0,0,2,21,7152,-4598
0,0,2,22,7195,-4626
0,0,2,23,7182,-4590
0,0,2,24,7169,-4565
0,0,2,25,7217,-4569
0,0,2,26,7142,-4523
0,0,2,27,7255,-4590
0,0,2,28,7118,-4472
0,0,2,29,7258,-4581
0,0,2,30,7148,-4473
0,0,2,31,7169,-4477
0,0,2,32,7233,-4520
0,0,2,33,7185,-4475
0,0,2,34,7273,-4536
0,0,2,35,7179,-4469
0,0,2,36,7254,-4521
0,0,2,37,7173,-4453
0,0,2,38,7245,-4485
0,0,2,39,7208,-4451
0,0,2,40,7206,-4451
0,0,2,41,7281,-4480
0,0,2,42,7144,-4370
0,0,2,43,7299,-4472
0,0,2,44,7193,-4384
0,0,2,45,7257,-4433
0,0,2,46,7229,-4429
0,0,2,47,7215,-4387
0,0,2,48,7275,-4421
0,0,2,49,7220,-4392
0,0,2,50,7303,-4442
0,0,2,51,7203,-4376
0,0,2,52,7304,-4444
0,0,2,53,7210,-4348
0,0,2,54,7293,-4401
0,0,2,55,7278,-4375
0,0,2,56,7235,-4315
0,0,2,57,7345,-4415
0,0,2,58,7253,-4319
0,0,2,59,7344,-4392
0,0,2,60,7270,-4329
0,0,2,61,7320,-4354
0,0,2,62,7322,-4340
0,0,2,63,7318,-4321
0,0,2,64,7375,-4343
0,0,2,65,7302,-4290
0,0,2,66,7431,-4354
0,0,2,67,7292,-4262
0,0,2,68,7415,-4351
0,0,2,69,7320,-4266
0,0,2,70,7339,-4272
0,0,2,71,7420,-4314
0,0,2,72,7366,-4260
0,0,2,73,7459,-4326
0,0,2,74,7353,-4264
0,0,2,75,7433,-4306
0,0,2,76,7372,-4254
0,0,2,77,7442,-4287
0,0,2,78,7436,-4260
0,0,2,79,7407,-4239
0,0,2,80,7517,-4285
0,0,2,81,7394,-4164
0,0,2,82,7537,-4260
0,0,2,83,7437,-4195
0,0,2,84,7495,-4231
0,0,2,85,7486,-4224
0,0,2,86,7484,-4193
0,0,2,87,7545,-4227
0,0,2,88,7500,-4174
0,0,2,89,7587,-4228
0,0,2,90,7489,-4152
0,0,2,91,7611,-4222
0,0,2,92,7525,-4135
0,0,2,93,7566,-4178
0,0,2,94,7604,-4184
0,0,2,95,7526,-4103
0,0,2,96,7656,-4194
0,0,2,97,7567,-4101
0,0,2,98,7654,-4172
0,0,2,99,7580,-4124
0,0,2,100,7625,-4126
0,0,2,101,7635,-4104
0,0,2,102,7665,-4073
0,0,2,103,7711,-4136
0,0,2,104,7629,-4066
0,0,2,105,7739,-4138
0,0,2,106,7627,-4027
0,0,2,107,7759,-4099
0,0,2,108,7727,-4031
0,0,2,109,7708,-3982
0,0,2,110,7778,-4040
0,0,2,111,7731,-3992
0,0,2,112,7816,-4038
0,0,2,113,7742,-3977
0,0,2,114,7825,-4024
0,0,2,115,7729,-3965
0,0,2,116,7819,-4009
0,0,2,117,7796,-3965
0,0,2,118,7762,-3919
0,0,2,119,7920,-3978
0,0,2,120,7774,-3871
0,0,2,121,7911,-3956
0,0,2,122,7837,-3911
0,0,2,123,7871,-3914
0,0,2,124,7845,-3899
0,0,2,125,7880,-3856
0,0,2,126,7924,-3896
0,0,2,127,7857,-3835
0,0,2,128,7970,-3899
0,0,2,129,7850,-3794
0,0,2,130,7990,-3858
0,0,2,131,7883,-3779
0,0,2,132,7914,-3773
0,0,2,133,7992,-3798
0,0,2,134,7890,-3716
0,0,2,135,8034,-3771
0,0,2,136,7945,-3707
0,0,2,137,8039,-3741
0,0,2,138,7962,-3691
0,0,2,139,8044,-3723
0,0,2,140,8014,-3686
0,0,2,141,7997,-3677
0,0,2,142,8086,-3699
0,0,2,143,7944,-3601
0,0,2,144,8083,-3686
0,0,2,145,8000,-3618
0,0,2,146,8059,-3633
0,0,2,147,8049,-3600
0,0,2,148,8041,-3551
0,0,2,149,8115,-3595
0,0,2,150,8044,-3543
0,0,2,151,8139,-3592
0,0,2,152,8025,-3510
0,0,2,153,8160,-3567
0,0,2,154,8049,-3495
0,0,2,155,8108,-3493
0,0,2,156,8147,-3460
0,0,2,157,8065,-3398
0,0,2,158,8221,-3488
0,0,2,159,8096,-3375
0,0,2,160,8195,-3418
0,0,2,161,8133,-3388
0,0,2,162,8151,-3368
0,0,2,163,8172,-3346
0,0,2,164,8143,-3328
0,0,2,165,8213,-3345
0,0,2,166,8105,-3248
0,0,2,167,8266,-3350
0,0,2,168,8096,-3248
0,0,2,169,8232,-3281
0,0,2,170,8168,-3247
0,0,2,171,8140,-3219
0,0,2,172,8253,-3262
0,0,2,173,8168,-3192
0,0,2,174,8277,-3210
0,0,2,175,8172,-3151
0,0,2,176,8242,-3188
0,0,2,177,8182,-3141
0,0,2,178,8229,-3154
0,0,2,179,8228,-3128
0,0,2,180,8162,-3072
0,0,2,181,8322,-3138
0,0,2,182,8138,-3026
0,0,2,183,8278,-3088
0,0,2,184,8211,-3022
0,0,2,185,8215,-3021
0,0,2,186,8239,-3010
0,0,2,187,8204,-2948
0,0,2,188,8295,-2971
0,0,2,189,8180,-2904
0,0,2,190,8305,-2937
0,0,2,191,8163,-2850
0,0,2,192,8288,-2914
0,0,2,193,8197,-2821
0,0,2,194,8183,-2800
0,0,2,195,8300,-2876
0,0,2,196,8164,-2778
0,0,2,197,8282,-2789
0,0,2,198,8179,-2721
0,0,2,199,8288,-2750
0,0,2,200,8217,-2713
0,0,2,201,8250,-2716
0,0,2,202,8261,-2734
0,0,2,203,8188,-2693
0,0,2,204,8309,-2720
0,0,2,205,8127,-2629
0,0,2,206,8289,-2691
0,0,2,207,8200,-2616
0,0,2,208,8211,-2618
0,0,2,209,8249,-2630
0,0,2,210,8185,-2570
0,0,2,211,8263,-2616
0,0,2,212,8161,-2556
0,0,2,213,8275,-2548
0,0,2,214,8131,-2442
0,0,2,215,8244,-2481
0,0,2,216,8147,-2409
0,0,2,217,8157,-2413
0,0,2,218,8231,-2426
0,0,2,219,8070,-2356
0,0,2,220,8206,-2412
0,0,2,221,8128,-2379
0,0,2,222,8214,-2394
0,0,2,223,8123,-2350
0,0,2,224,8160,-2334
0,0,2,225,8156,-2313
0,0,2,226,8123,-2305
0,0,2,227,8211,-2335
0,0,2,228,8061,-2266
0,0,2,229,8225,-2319
0,0,2,230,8050,-2233
0,0,2,231,8088,-2210
0,0,2,232,8121,-2213
0,0,2,233,8096,-2185
0,0,2,234,8153,-2194
0,0,2,235,8054,-2176
0,0,2,236,8167,-2180
0,0,2,237,8026,-2110
0,0,2,238,8120,-2110
0,0,2,239,8015,-2063
0,0,2,240,8042,-2060
0,0,2,241,8126,-2080
0,0,2,242,7972,-2027
0,0,2,243,8125,-2066
0,0,2,244,7996,-1988
0,0,2,245,8093,-2008
0,0,2,246,8006,-1986
0,0,2,247,8058,-1988
0,0,2,248,8039,-1982
0,0,2,249,8009,-1969
0,0,2,250,8107,-1968
0,0,2,251,7929,-1886
0,0,2,252,8081,-1917
0,0,2,253,7967,-1872
0,0,2,254,8010,-1893
0,0,2,255,8027,-1892
0,0,2,256,7980,-1862
0,0,2,257,8058,-1882
0,0,2,258,7968,-1830
0,0,2,259,8050,-1820
0,0,2,260,7924,-1775
0,0,2,261,8034,-1767
0,0,2,262,7923,-1745
0,0,2,263,7962,-1748
0,0,2,264,8003,-1730
0,0,2,265,7872,-1672
0,0,2,266,8023,-1713
0,0,2,267,7906,-1668
0,0,2,268,8003,-1674
0,0,2,269,7909,-1643
0,0,2,270,7947,-1623
0,0,2,271,7935,-1622
0,0,2,272,7908,-1615
0,0,2,273,7975,-1630
0,0,2,274,7825,-1543
0,0,2,275,8002,-1582
0,0,2,276,7827,-1531
0,0,2,277,7883,-1502
0,0,2,278,7867,-1492
0,0,2,279,7847,-1459
0,0,2,280,7906,-1480
0,0,2,281,7833,-1466
0,0,2,282,7927,-1461
0,0,2,283,7792,-1419
0,0,2,284,7931,-1441
0,0,2,285,7787,-1391
0,0,2,286,7807,-1349
0,0,2,287,7861,-1357
0,0,2,288,7751,-1324
0,0,2,289,7879,-1351
0,0,2,290,7765,-1315
0,0,2,291,7836,-1318
0,0,2,292,7755,-1291
0,0,2,293,7798,-1266
0,0,2,294,7754,-1246
0,0,2,295,7735,-1226
0,0,2,296,7814,-1241
0,0,2,297,7687,-1214
0,0,2,298,7823,-1207
0,0,2,299,7640,-1155
0,0,2,300,7721,-1151
0,0,2,301,7701,-1140
0,0,2,302,7681,-1125
0,0,2,303,7736,-1121
0,0,2,304,7622,-1083
0,0,2,305,7726,-1089
0,0,2,306,7605,-1060
0,0,2,307,7697,-1057
0,0,2,308,7569,-1027
0,0,2,309,7647,-1032
0,0,2,310,7638,-1014
0,0,2,311,7524,-976
0,0,2,312,7700,-1015
0,0,2,313,7543,-942
0,0,2,314,7627,-950
0,0,2,315,7557,-935
0,0,2,316,7546,-908
0,0,2,317,7566,-916
0,0,2,318,7539,-888
0,0,2,319,7583,-895
0,0,2,320,7481,-882
0,0,2,321,7617,-883
0,0,2,322,7441,-862
0,0,2,323,7535,-839
0,0,2,324,7465,-812
0,0,2,325,7392,-773
0,0,2,326,7532,-808
0,0,2,327,7426,-780
0,0,2,328,7523,-785
0,0,2,329,7404,-760
0,0,2,330,7479,-761
0,0,2,331,7409,-754
0,0,2,332,7414,-712
0,0,2,333,7417,-693
0,0,2,334,7322,-674
0,0,2,335,7480,-682
0,0,2,336,7301,-642
0,0,2,337,7418,-650
0,0,2,338,7340,-621
0,0,2,339,7344,-622
0,0,2,340,7399,-636
0,0,2,341,7323,-605
0,0,2,342,7417,-615
0,0,2,343,7309,-604
0,0,2,344,7399,-588
0,0,2,345,7297,-570
0,0,2,346,7340,-527
0,0,2,347,7278,-513
0,0,2,348,7214,-484
0,0,2,349,7362,-513
0,0,2,350,7203,-459
0,0,2,351,7308,-461
0,0,2,352,7203,-433
0,0,2,353,7291,-416
0,0,2,354,7196,-404
0,0,2,355,7225,-387
0,0,2,356,7222,-376
0,0,2,357,7119,-347
0,0,2,358,7307,-383
0,0,2,359,7119,-342
0,0,2,360,7209,-342
0,0,2,361,7143,-311
0,0,2,362,7134,-302
0,0,2,363,7133,-266
0,0,2,364,7078,-234
0,0,2,365,7171,-242
0,0,2,366,7068,-243
0,0,2,367,7165,-230
0,0,2,368,7020,-217
0,0,2,369,7114,-203
0,0,2,370,7047,-181
0,0,2,371,6995,-174
0,0,2,372,7101,-161
0,0,2,373,6955,-107
0,0,2,374,7058,-106
0,0,2,375,6946,-95
0,0,2,376,6982,-91
0,0,2,377,6943,-74
0,0,2,378,6945,-57
0,0,2,379,6986,-62
0,0,2,380,6892,-62
0,0,2,381,7015,-46
0,0,2,382,6792,4
0,0,2,383,6887,23
0,0,2,384,6829,27
0,0,2,385,6819,45
0,0,2,386,6857,34
0,0,2,387,6749,77
0,0,2,388,6828,89
0,0,2,389,6703,93
0,0,2,390,6825,105
0,0,2,391,6684,99
0,0,2,392,6789,112
0,0,2,393,6680,141
0,0,2,394,6671,136
0,0,2,395,6787,140
0,0,2,396,6593,158
0,0,2,397,6699,191
0,0,2,398,6624,164
0,0,2,399,6675,184
0,0,2,400,6621,184
0,0,2,401,6598,213
0,0,2,402,6610,224
0,0,2,403,6548,228
0,0,2,404,6609,264
0,0,2,405,6457,260
0,0,2,406,6600,274
0,0,2,407,6459,264
0,0,2,408,6492,274
0,0,2,409,6550,275
0,0,2,410,6471,273
0,0,2,411,6541,317
0,0,2,412,6433,314
0,0,2,413,6515,317
0,0,2,414,6406,324
0,0,2,415,6448,343
0,0,2,416,6368,357
0,0,2,417,6383,365
0,0,2,418,6429,370
0,0,2,419,6317,354
0,0,2,420,6455,384
0,0,2,421,6328,377
0,0,2,422,6369,399
0,0,2,423,6332,401
0,0,2,424,6290,409
0,0,2,425,6345,431
0,0,2,426,6269,444
0,0,2,427,6350,452
0,0,2,428,6245,443
0,0,2,429,6337,477
0,0,2,430,6206,468
0,0,2,431,6263,488
0,0,2,432,6246,488
0,0,2,433,6156,489
0,0,2,434,6298,500
0,0,2,435,6205,495
0,0,2,436,6261,528
0,0,2,437,6178,521
0,0,2,438,6175,560
0,0,2,439,6168,552
0,0,2,440,6158,574
0,0,2,441,6168,587
0,0,2,442,6064,591
0,0,2,443,6187,625
0,0,2,444,6019,601
0,0,2,445,6118,622
0,0,2,446,6079,621
0,0,2,447,6049,639
0,0,2,448,6125,628
0,0,2,449,6029,633
0,0,2,450,6108,653
0,0,2,451,6014,649
0,0,2,452,6060,692
0,0,2,453,5986,676
0,0,2,454,6030,698
0,0,2,455,5984,708
0,0,2,456,5945,719
0,0,2,457,6036,735
0,0,2,458,5862,738
0,0,2,459,5974,764
0,0,2,460,5926,733
0,0,2,461,5926,771
0,0,2,462,5919,773
0,0,2,463,5906,767
0,0,2,464,5927,794
0,0,2,465,5861,782
0,0,2,466,5915,832
0,0,2,467,5788,817
0,0,2,468,5884,860
0,0,2,469,5797,838
0,0,2,470,5766,871
0,0,2,471,5842,871
0,0,2,472,5748,866
0,0,2,473,5842,888
0,0,2,474,5741,878
0,0,2,475,5781,906
0,0,2,476,5723,899
0,0,2,477,5743,938
0,0,2,478,5731,936
0,0,2,479,5673,952
0,0,2,480,5714,987
0,0,2,481,5613,963
0,0,2,482,5746,994
0,0,2,483,5593,963
0,0,2,484,5641,982
0,0,2,485,5627,990
0,0,2,486,5596,1014
0,0,2,487,5609,1034
0,0,2,488,5538,1032
0,0,2,489,5605,1049
0,0,2,490,5494,1030
0,0,2,491,5580,1071
0,0,2,492,5464,1050
0,0,2,493,5491,1079
0,0,2,494,5525,1088
0,0,2,495,5441,1061
0,0,2,496,5564,1094
0,0,2,497,5411,1087
0,0,2,498,5481,1122
0,0,2,499,5414,1105
0,0,2,500,5410,1130
0,0,2,501,5394,1144
0,0,2,502,5363,1140
0,0,2,503,5396,1155
0,0,2,504,5312,1133
0,0,2,505,5407,1184
0,0,2,506,5270,1140
0,0,2,507,5332,1170
0,0,2,508,5366,1153
0,0,2,509,5298,1174
0,0,2,510,5332,1207
0,0,2,511,5250,1204
0,0,3,0,7012,-4781
0,0,3,1,7100,-4844
0,0,3,2,7051,-4771
0,0,3,3,7085,-4807
0,0,3,4,7103,-4816
0,0,3,5,7016,-4744
0,0,3,6,7144,-4837
0,0,3,7,7069,-4741
0,0,3,8,7145,-4780
0,0,3,9,7088,-4726
0,0,3,10,7122,-4714
0,0,3,11,7141,-4710
0,0,3,12,7116,-4702
0,0,3,13,7195,-4730
0,0,3,14,7081,-4611
0,0,3,15,7224,-4720
0,0,3,16,7119,-4622
0,0,3,17,7169,-4644
0,0,3,18,7180,-4624
0,0,3,19,7155,-4596
0,0,3,20,7224,-4628
0,0,3,21,7142,-4575
0,0,3,22,7230,-4636
0,0,3,23,7113,-4538
0,0,3,24,7247,-4624
0,0,3,25,7151,-4535
0,0,3,26,7184,-4561
0,0,3,27,7236,-4565
0,0,3,28,7126,-4480
0,0,3,29,7253,-4579
0,0,3,30,7157,-4485
0,0,3,31,7240,-4544
0,0,3,32,7173,-4506
0,0,3,33,7208,-4530
0,0,3,34,7215,-4503
0,0,3,35,7192,-4487
0,0,3,36,7263,-4502
0,0,3,37,7170,-4424
0,0,3,38,7293,-4539
0,0,3,39,7135,-4399
0,0,3,40,7210,-4455
0,0,3,41,7225,-4459
0,0,3,42,7210,-4426
0,0,3,43,7284,-4466
0,0,3,44,7201,-4402
0,0,3,45,7286,-4454
0,0,3,46,7191,-4383
0,0,3,47,7280,-4447
0,0,3,48,7206,-4388
0,0,3,49,7262,-4427
0,0,3,50,7254,-4393
0,0,3,51,7196,-4343
0,0,3,52,7336,-4443
0,0,3,53,7211,-4342
0,0,3,54,7312,-4422
0,0,3,55,7264,-4351
0,0,3,56,7287,-4368
0,0,3,57,7288,-4359
0,0,3,58,7287,-4343
0,0,3,59,7348,-4363
0,0,3,60,7264,-4301
0,0,3,61,7373,-4378
0,0,3,62,7241,-4278
0,0,3,63,7373,-4367
0,0,3,64,7292,-4308
0,0,3,65,7284,-4295
0,0,3,66,7368,-4344
0,0,3,67,7302,-4270
0,0,3,68,7420,-4345
0,0,3,69,7338,-4272
0,0,3,70,7395,-4316
0,0,3,71,7337,-4275
0,0,3,72,7405,-4287
0,0,3,73,7408,-4271
0,0,3,74,7364,-4251
0,0,3,75,7483,-4310
0,0,3,76,7354,-4209
0,0,3,77,7497,-4319
0,0,3,78,7392,-4216
0,0,3,79,7461,-4250
0,0,3,80,7457,-4256
0,0,3,81,7425,-4227
0,0,3,82,7514,-4270
0,0,3,83,7460,-4201
0,0,3,84,7533,-4270
0,0,3,85,7466,-4192
0,0,3,86,7568,-4237
0,0,3,87,7483,-4178
0,0,3,88,7514,-4205
0,0,3,89,7549,-4205
0,0,3,90,7476,-4131
0,0,3,91,7614,-4233
0,0,3,92,7534,-4133
0,0,3,93,7609,-4191
0,0,3,94,7535,-4162
0,0,3,95,7569,-4162
0,0,3,96,7631,-4142
0,0,3,97,7609,-4115
0,0,3,98,7677,-4168
0,0,3,99,7573,-4089
0,0,3,100,7720,-4158
0,0,3,101,7588,-4079
0,0,3,102,7677,-4135
0,0,3,103,7640,-4083
0,0,3,104,7637,-4042
0,0,3,105,7717,-4085
0,0,3,106,7691,-4024
0,0,3,107,7772,-4084
0,0,3,108,7690,-4020
0,0,3,109,7765,-4067
0,0,3,110,7715,-4013
0,0,3,111,7756,-4037
0,0,3,112,7763,-4014
0,0,3,113,7713,-3944
0,0,3,114,7865,-4041
0,0,3,115,7753,-3946
0,0,3,116,7849,-3999
0,0,3,117,7782,-3959
0,0,3,118,7801,-3950
0,0,3,119,7816,-3949
0,0,3,120,7817,-3911
0,0,3,121,7893,-3936
0,0,3,122,7816,-3881
0,0,3,123,7936,-3943
0,0,3,124,7785,-3847
0,0,3,125,7908,-3892
0,0,3,126,7892,-3864
0,0,3,127,7859,-3817
0,0,3,128,7954,-3886
0,0,3,129,7870,-3799
0,0,3,130,7973,-3854
0,0,3,131,7883,-3791
0,0,3,132,7943,-3815
0,0,3,133,7913,-3759
0,0,3,134,7939,-3773
0,0,3,135,7966,-3773
0,0,3,136,7930,-3717
0,0,3,137,8062,-3778
0,0,3,138,7897,-3660
0,0,3,139,8044,-3739
0,0,3,140,7982,-3693
0,0,3,141,7992,-3691
0,0,3,142,8025,-3693
0,0,3,143,7992,-3621
0,0,3,144,8089,-3664
0,0,3,145,8010,-3598
0,0,3,146,8107,-3640
0,0,3,147,7983,-3546
0,0,3,148,8096,-3609
0,0,3,149,8042,-3565
0,0,3,150,8046,-3555
0,0,3,151,8141,-3614
0,0,3,152,8017,-3502
0,0,3,153,8160,-3565
0,0,3,154,8071,-3479
0,0,3,155,8140,-3494
0,0,3,156,8101,-3469
0,0,3,157,8122,-3452
0,0,3,158,8153,-3440
0,0,3,159,8093,-3407
0,0,3,160,8204,-3453
0,0,3,161,8059,-3361
0,0,3,162,8225,-3443
0,0,3,163,8110,-3341
0,0,3,164,8138,-3311
0,0,3,165,8190,-3325
0,0,3,166,8132,-3277
0,0,3,167,8236,-3342
0,0,3,168,8150,-3263
0,0,3,169,8238,-3312
0,0,3,170,8122,-3227
0,0,3,171,8213,-3280
0,0,3,172,8155,-3235
0,0,3,173,8156,-3234
0,0,3,174,8270,-3227
0,0,3,175,8122,-3095
0,0,3,176,8272,-3176
0,0,3,177,8161,-3098
0,0,3,178,8220,-3122
0,0,3,179,8183,-3143
0,0,3,180,8186,-3108
0,0,3,181,8228,-3129
0,0,3,182,8181,-3067
0,0,3,183,8271,-3094
0,0,3,184,8154,-3009
0,0,3,185,8307,-3052
0,0,3,186,8165,-2957
0,0,3,187,8215,-2966
0,0,3,188,8253,-2962
0,0,3,189,8159,-2891
0,0,3,190,8304,-2947
0,0,3,191,8184,-2820
0,0,3,192,8273,-2854
0,0,3,193,8195,-2826
0,0,3,194,8260,-2852
0,0,3,195,8232,-2826
0,0,3,196,8223,-2821
0,0,3,197,8271,-2821
0,0,3,198,8144,-2772
0,0,3,199,8321,-2845
0,0,3,200,8143,-2723
0,0,3,201,8241,-2743
0,0,3,202,8227,-2741
0,0,3,203,8206,-2711
0,0,3,204,8259,-2706
0,0,3,205,8189,-2632
0,0,3,206,8274,-2649
0,0,3,207,8147,-2586
0,0,3,208,8254,-2611
0,0,3,209,8142,-2564
0,0,3,210,8237,-2594
0,0,3,211,8207,-2548
0,0,3,212,8153,-2505
0,0,3,213,8292,-2561
0,0,3,214,8132,-2475
0,0,3,215,8262,-2517
0,0,3,216,8155,-2472
0,0,3,217,8198,-2457
0,0,3,218,8178,-2442
0,0,3,219,8162,-2396
0,0,3,220,8208,-2426
0,0,3,221,8107,-2380
0,0,3,222,8268,-2429
0,0,3,223,8057,-2307
0,0,3,224,8196,-2356
0,0,3,225,8132,-2315
0,0,3,226,8087,-2267
0,0,3,227,8193,-2297
0,0,3,228,8085,-2243
0,0,3,229,8192,-2255
0,0,3,230,8071,-2224
0,0,3,231,8172,-2264
0,0,3,232,8068,-2211
0,0,3,233,8126,-2202
0,0,3,234,8094,-2182
0,0,3,235,8037,-2142
0,0,3,236,8172,-2179
0,0,3,237,7977,-2093
0,0,3,238,8121,-2126
0,0,3,239,8034,-2088
0,0,3,240,8073,-2067
0,0,3,241,8059,-2065
0,0,3,242,8045,-2034
0,0,3,243,8101,-2062
0,0,3,244,8017,-2032
0,0,3,245,8120,-2045
0,0,3,246,7987,-1997
0,0,3,247,8109,-2001
0,0,3,248,7977,-1957
0,0,3,249,7999,-1965
0,0,3,250,8095,-1990
0,0,3,251,7976,-1911
0,0,3,252,8087,-1940
0,0,3,253,7978,-1886
0,0,3,254,8041,-1879
0,0,3,255,7947,-1849
0,0,3,256,8036,-1844
0,0,3,257,7999,-1843
0,0,3,258,7975,-1813
0,0,3,259,8071,-1818
0,0,3,260,7904,-1768
0,0,3,261,8070,-1817
0,0,3,262,7919,-1716
0,0,3,263,7958,-1716
0,0,3,264,7964,-1724
0,0,3,265,7940,-1707
0,0,3,266,8011,-1705
0,0,3,267,7920,-1676
0,0,3,268,8022,-1692
0,0,3,269,7892,-1659
0,0,3,270,8022,-1695
0,0,3,271,7894,-1639
0,0,3,272,7933,-1618
0,0,3,273,7952,-1602
0,0,3,274,7822,-1534
0,0,3,275,7956,-1548
0,0,3,276,7859,-1526
0,0,3,277,7940,-1526
0,0,3,278,7839,-1503
0,0,3,279,7913,-1486
0,0,3,280,7853,-1448
0,0,3,281,7848,-1465
0,0,3,282,7925,-1462
0,0,3,283,7785,-1426
0,0,3,284,7937,-1427
0,0,3,285,7741,-1346
0,0,3,286,7820,-1353
0,0,3,287,7823,-1367
0,0,3,288,7805,-1337
0,0,3,289,7862,-1346
0,0,3,290,7786,-1307
0,0,3,291,7859,-1307
0,0,3,292,7697,-1249
0,0,3,293,7822,-1244
0,0,3,294,7695,-1239
0,0,3,295,7757,-1233
0,0,3,296,7791,-1229
0,0,3,297,7677,-1198
0,0,3,298,7808,-1221
0,0,3,299,7694,-1187
0,0,3,300,7787,-1203
0,0,3,301,7689,-1170
0,0,3,302,7710,-1134
0,0,3,303,7704,-1138
0,0,3,304,7676,-1114
0,0,3,305,7726,-1101
0,0,3,306,7583,-1068
0,0,3,307,7769,-1097
0,0,3,308,7562,-1033
0,0,3,309,7619,-1013
0,0,3,310,7604,-1003
0,0,3,311,7564,-969
0,0,3,312,7646,-991
0,0,3,313,7559,-958
0,0,3,314,7647,-961
0,0,3,315,7510,-936
0,0,3,316,7624,-927
0,0,3,317,7489,-911
0,0,3,318,7552,-914
0,0,3,319,7560,-891
0,0,3,320,7458,-871
0,0,3,321,7615,-886
0,0,3,322,7454,-843
0,0,3,323,7543,-849
0,0,3,324,7468,-834
0,0,3,325,7461,-794
0,0,3,326,7455,-782
0,0,3,327,7432,-775
0,0,3,328,7507,-779
0,0,3,329,7371,-731
0,0,3,330,7515,-747
0,0,3,331,7349,-726
0,0,3,332,7422,-724
0,0,3,333,7423,-749
0,0,3,334,7378,-707
0,0,3,335,7457,-694
0,0,3,336,7367,-671
0,0,3,337,7441,-675
0,0,3,338,7328,-651
0,0,3,339,7409,-648
0,0,3,340,7313,-627
0,0,3,341,7362,-614
0,0,3,342,7357,-613
0,0,3,343,7263,-562
0,0,3,344,7419,-564
0,0,3,345,7250,-534
0,0,3,346,7333,-528
0,0,3,347,7279,-525
0,0,3,348,7295,-492
0,0,3,349,7300,-499
0,0,3,350,7257,-465
0,0,3,351,7323,-456
0,0,3,352,7205,-414
0,0,3,353,7311,-418
0,0,3,354,7171,-416
0,0,3,355,7277,-424
0,0,3,356,7213,-398
0,0,3,357,7162,-395
0,0,3,358,7264,-376
0,0,3,359,7157,-342
0,0,3,360,7252,-332
0,0,3,361,7123,-297
0,0,3,362,7173,-269
0,0,3,363,7091,-257
0,0,3,364,7142,-268
0,0,3,365,7144,-264
0,0,3,366,7056,-241
0,0,3,367,7201,-220
0,0,3,368,6999,-178
0,0,3,369,7082,-159
0,0,3,370,7030,-157
0,0,3,371,7049,-154
0,0,3,372,7073,-163
0,0,3,373,7034,-158
0,0,3,374,7101,-157
0,0,3,375,6964,-126
0,0,3,376,7050,-68
0,0,3,377,6904,-81
0,0,3,378,6996,-54
0,0,3,379,6906,-38
0,0,3,380,6853,-15
0,0,3,381,7025,-44
0,0,3,382,6845,-11
0,0,3,383,6953,10
0,0,3,384,6822,24
0,0,3,385,6846,48
0,0,3,386,6808,62
0,0,3,387,6784,90
0,0,3,388,6802,100
0,0,3,389,6735,89
0,0,3,390,6818,123
0,0,3,391,6629,140
0,0,3,392,6798,138
0,0,3,393,6669,132
0,0,3,394,6680,147
0,0,3,395,6740,145
0,0,3,396,6651,163
0,0,3,397,6729,182
0,0,3,398,6640,175
0,0,3,399,6706,195
0,0,3,400,6572,207
0,0,3,401,6631,224
0,0,3,402,6565,224
0,0,3,403,6543,233
0,0,3,404,6644,246
0,0,3,405,6484,251
0,0,3,406,6598,270
0,0,3,407,6481,277
0,0,3,408,6524,280
0,0,3,409,6514,264
0,0,3,410,6481,294
0,0,3,411,6511,310
0,0,3,412,6426,306
0,0,3,413,6522,327
0,0,3,414,6353,333
0,0,3,415,6475,356
0,0,3,416,6374,332
0,0,3,417,6382,349
0,0,3,418,6422,364
0,0,3,419,6323,380
0,0,3,420,6422,388
0,0,3,421,6337,392
0,0,3,422,6393,402
0,0,3,423,6315,396
0,0,3,424,6322,445
0,0,3,425,6279,443
0,0,3,426,6266,457
0,0,3,427,6322,464
0,0,3,428,6190,458
0,0,3,429,6346,469
0,0,3,430,6223,459
0,0,3,431,6279,466
0,0,3,432,6248,469
0,0,3,433,6209,483
0,0,3,434,6246,523
0,0,3,435,6172,511
0,0,3,436,6244,533
0,0,3,437,6135,521
0,0,3,438,6228,547
0,0,3,439,6120,527
0,0,3,440,6139,574
0,0,3,441,6159,581
0,0,3,442,6071,577
0,0,3,443,6173,606
0,0,3,444,6059,618
0,0,3,445,6127,638
0,0,3,446,6051,624
0,0,3,447,6059,650
0,0,3,448,6078,623
0,0,3,449,6047,640
0,0,3,450,6079,672
0,0,3,451,5981,665
0,0,3,452,6100,691
0,0,3,453,5944,667
0,0,3,454,5998,715
0,0,3,455,5978,714
0,0,3,456,5954,704
0,0,3,457,6052,704
0,0,3,458,5928,728
0,0,3,459,5993,756
0,0,3,460,5921,731
0,0,3,461,5974,754
0,0,3,462,5901,758
0,0,3,463,5921,788
0,0,3,464,5895,806
0,0,3,465,5828,812
0,0,3,466,5932,838
0,0,3,467,5758,830
0,0,3,468,5851,876
0,0,3,469,5781,855
0,0,3,470,5785,881
0,0,3,471,5826,856
0,0,3,472,5772,880
0,0,3,473,5843,890
0,0,3,474,5735,887
0,0,3,475,5801,923
0,0,3,476,5694,889
0,0,3,477,5772,928
0,0,3,478,5698,931
0,0,3,479,5635,948
0,0,3,480,5712,961
0,0,3,481,5633,970
0,0,3,482,5714,999
0,0,3,483,5618,972
0,0,3,484,5672,1008
0,0,3,485,5586,994
0,0,3,486,5606,1020
0,0,3,487,5597,1012
0,0,3,488,5520,1011
0,0,3,489,5654,1053
0,0,3,490,5500,1031
0,0,3,491,5553,1069
0,0,3,492,5477,1068
0,0,3,493,5476,1079
0,0,3,494,5506,1065
0,0,3,495,5460,1081
0,0,3,496,5523,1088
0,0,3,497,5461,1070
0,0,3,498,5497,1120
0,0,3,499,5373,1104
0,0,3,500,5447,1140
0,0,3,501,5364,1117
0,0,3,502,5378,1131
0,0,3,503,5410,1149
0,0,3,504,5299,1135
0,0,3,505,5406,1171
0,0,3,506,5301,1152
0,0,3,507,5338,1167
0,0,3,508,5312,1164
0,0,3,509,5303,1177
0,0,3,510,5338,1183
0,0,3,511,5268,1195
0,0,4,0,6995,-4759
0,0,4,1,7101,-4856
0,0,4,2,7056,-4800
0,0,4,3,7044,-4789
0,0,4,4,7109,-4823
0,0,4,5,7048,-4779
0,0,4,6,7118,-4826
0,0,4,7,7045,-4750
0,0,4,8,7133,-4807
0,0,4,9,7052,-4720
0,0,4,10,7142,-4759
0,0,4,11,7131,-4715
0,0,4,12,7079,-4666
0,0,4,13,7193,-4736
0,0,4,14,7119,-4646
0,0,4,15,7207,-4711
0,0,4,16,7130,-4618
0,0,4,17,7181,-4651
0,0,4,18,7147,-4620
0,0,4,19,7172,-4638
0,0,4,20,7195,-4635
0,0,4,21,7134,-4566
0,0,4,22,7256,-4668
0,0,4,23,7103,-4514
0,0,4,24,7220,-4603
0,0,4,25,7171,-4542
0,0,4,26,7177,-4539
0,0,4,27,7208,-4560
0,0,4,28,7183,-4520
0,0,4,29,7257,-4563
0,0,4,30,7149,-4497
0,0,4,31,7247,-4564
0,0,4,32,7129,-4455
0,0,4,33,7248,-4533
0,0,4,34,7186,-4462
0,0,4,35,7149,-4444
0,0,4,36,7275,-4536
0,0,4,37,7171,-4438
0,0,4,38,7284,-4527
0,0,4,39,7187,-4444
0,0,4,40,7235,-4460
0,0,4,41,7211,-4425
0,0,4,42,7235,-4429
0,0,4,43,7253,-4435
0,0,4,44,7207,-4408
0,0,4,45,7295,-4467
0,0,4,46,7172,-4370
0,0,4,47,7305,-4471
0,0,4,48,7187,-4361
0,0,4,49,7241,-4390
0,0,4,50,7270,-4404
0,0,4,51,7227,-4360
0,0,4,52,7324,-4427
0,0,4,53,7232,-4363
0,0,4,54,7305,-4417
0,0,4,55,7235,-4355
0,0,4,56,7303,-4382
0,0,4,57,7288,-4345
0,0,4,58,7283,-4352
0,0,4,59,7330,-4366
0,0,4,60,7246,-4306
0,0,4,61,7384,-4397
0,0,4,62,7241,-4285
0,0,4,63,7327,-4348
0,0,4,64,7303,-4323
0,0,4,65,7331,-4331
0,0,4,66,7363,-4337
0,0,4,67,7321,-4312
0,0,4,68,7401,-4372
0,0,4,69,7312,-4290
0,0,4,70,7416,-4347
0,0,4,71,7332,-4263
0,0,4,72,7418,-4310
0,0,4,73,7383,-4265
0,0,4,74,7344,-4217
0,0,4,75,7458,-4303
0,0,4,76,7383,-4248
0,0,4,77,7474,-4300
0,0,4,78,7393,-4246
0,0,4,79,7438,-4268
0,0,4,80,7422,-4226
0,0,4,81,7458,-4216
0,0,4,82,7488,-4239
0,0,4,83,7428,-4196
0,0,4,84,7559,-4266
0,0,4,85,7420,-4167
0,0,4,86,7543,-4259
0,0,4,87,7488,-4204
0,0,4,88,7506,-4188
0,0,4,89,7553,-4210
0,0,4,90,7525,-4166
0,0,4,91,7611,-4215
0,0,4,92,7515,-4148
0,0,4,93,7617,-4204
0,0,4,94,7521,-4145
0,0,4,95,7609,-4184
0,0,4,96,7569,-4144
0,0,4,97,7567,-4141
0,0,4,98,7643,-4151
0,0,4,99,7525,-4066
0,0,4,100,7691,-4147
0,0,4,101,7624,-4088
0,0,4,102,7692,-4109
0,0,4,103,7644,-4080
0,0,4,104,7678,-4052
0,0,4,105,7694,-4075
0,0,4,106,7679,-4052
0,0,4,107,7752,-4095
0,0,4,108,7658,-4009
0,0,4,109,7802,-4088
0,0,4,110,7677,-3981
0,0,4,111,7743,-4013
0,0,4,112,7765,-4021
0,0,4,113,7707,-3966
0,0,4,114,7804,-4044
0,0,4,115,7737,-3965
0,0,4,116,7829,-3996
0,0,4,117,7752,-3938
0,0,4,118,7839,-3964
0,0,4,119,7784,-3922
0,0,4,120,7813,-3939
0,0,4,121,7857,-3934
0,0,4,122,7786,-3864
0,0,4,123,7942,-3953
0,0,4,124,7779,-3820
0,0,4,125,7888,-3890
0,0,4,126,7874,-3865
0,0,4,127,7899,-3842
0,0,4,128,7926,-3846
0,0,4,129,7894,-3792
0,0,4,130,7990,-3847
0,0,4,131,7871,-3787
0,0,4,132,7996,-3852
0,0,4,133,7855,-3767
0,0,4,134,7941,-3842
0,0,4,135,7912,-3776
0,0,4,136,7890,-3718
0,0,4,137,8029,-3764
0,0,4,138,7945,-3675
0,0,4,139,8060,-3729
0,0,4,140,7957,-3676
0,0,4,141,8038,-3667
0,0,4,142,7986,-3654
0,0,4,143,8042,-3618
0,0,4,144,8050,-3630
0,0,4,145,7986,-3588
0,0,4,146,8119,-3677
0,0,4,147,7949,-3544
0,0,4,148,8091,-3611
0,0,4,149,8042,-3605
0,0,4,150,8044,-3562
0,0,4,151,8103,-3554
0,0,4,152,8052,-3495
0,0,4,153,8142,-3537
0,0,4,154,8040,-3503
0,0,4,155,8148,-3524
0,0,4,156,8045,-3444
0,0,4,157,8152,-3511
0,0,4,158,8084,-3464
0,0,4,159,8083,-3423
0,0,4,160,8189,-3454
0,0,4,161,8052,-3341
0,0,4,162,8183,-3435
0,0,4,163,8098,-3362
0,0,4,164,8169,-3352
0,0,4,165,8145,-3317
0,0,4,166,8155,-3305
0,0,4,167,8193,-3294
0,0,4,168,8133,-3248
0,0,4,169,8240,-3302
0,0,4,170,8077,-3181
0,0,4,171,8241,-3253
0,0,4,172,8145,-3194
0,0,4,173,8155,-3177
0,0,4,174,8216,-3220
0,0,4,175,8160,-3162
0,0,4,176,8247,-3222
0,0,4,177,8153,-3149
0,0,4,178,8248,-3188
0,0,4,179,8150,-3095
0,0,4,180,8232,-3110
0,0,4,181,8200,-3080
0,0,4,182,8180,-3063
0,0,4,183,8276,-3071
0,0,4,184,8121,-2992
0,0,4,185,8272,-3042
0,0,4,186,8184,-2973
0,0,4,187,8244,-2982
0,0,4,188,8212,-2952
0,0,4,189,8197,-2920
0,0,4,190,8248,-2965
0,0,4,191,8183,-2904
0,0,4,192,8310,-2941
0,0,4,193,8138,-2834
0,0,4,194,8307,-2911
0,0,4,195,8159,-2821
0,0,4,196,8184,-2814
0,0,4,197,8278,-2815
0,0,4,198,8177,-2753
0,0,4,199,8297,-2813
0,0,4,200,8189,-2723
0,0,4,201,8279,-2758
0,0,4,202,8172,-2710
0,0,4,203,8253,-2721
0,0,4,204,8182,-2678
0,0,4,205,8154,-2645
0,0,4,206,8279,-2658
0,0,4,207,8114,-2595
0,0,4,208,8297,-2653
0,0,4,209,8171,-2590
0,0,4,210,8210,-2578
0,0,4,211,8188,-2549
0,0,4,212,8177,-2504
0,0,4,213,8213,-2535
0,0,4,214,8149,-2494
0,0,4,215,8247,-2510
0,0,4,216,8104,-2442
0,0,4,217,8257,-2485
0,0,4,218,8097,-2402
0,0,4,219,8153,-2406
0,0,4,220,8207,-2419
0,0,4,221,8100,-2369
0,0,4,222,8228,-2395
0,0,4,223,8120,-2345
0,0,4,224,8187,-2343
0,0,4,225,8096,-2310
0,0,4,226,8148,-2303
0,0,4,227,8114,-2296
0,0,4,228,8124,-2283
0,0,4,229,8162,-2265
0,0,4,230,8012,-2192
0,0,4,231,8215,-2239
0,0,4,232,8041,-2180
0,0,4,233,8118,-2209
0,0,4,234,8098,-2204
0,0,4,235,8057,-2149
0,0,4,236,8134,-2179
0,0,4,237,8034,-2120
0,0,4,238,8138,-2150
0,0,4,239,8014,-2094
0,0,4,240,8125,-2106
0,0,4,241,7991,-2053
0,0,4,242,8082,-2091
0,0,4,243,8065,-2069
0,0,4,244,7977,-2026
0,0,4,245,8130,-2082
0,0,4,246,7965,-1970
0,0,4,247,8075,-2012
0,0,4,248,8002,-1979
0,0,4,249,8030,-1968
0,0,4,250,8011,-1937
0,0,4,251,7993,-1906
0,0,4,252,8053,-1927
0,0,4,253,7944,-1877
0,0,4,254,8083,-1894
0,0,4,255,7911,-1837
0,0,4,256,8041,-1887
0,0,4,257,7999,-1872
0,0,4,258,7953,-1829
0,0,4,259,8038,-1826
0,0,4,260,7933,-1775
0,0,4,261,8039,-1805
0,0,4,262,7946,-1772
0,0,4,263,7994,-1772
0,0,4,264,7906,-1741
0,0,4,265,7978,-1728
0,0,4,266,7950,-1703
0,0,4,267,7890,-1679
0,0,4,268,8047,-1725
0,0,4,269,7840,-1643
0,0,4,270,7969,-1656
0,0,4,271,7887,-1615
0,0,4,272,7923,-1605
0,0,4,273,7904,-1584
0,0,4,274,7877,-1538
0,0,4,275,7949,-1552
0,0,4,276,7864,-1528
0,0,4,277,7975,-1544
0,0,4,278,7803,-1477
0,0,4,279,7945,-1525
0,0,4,280,7818,-1477
0,0,4,281,7825,-1484
0,0,4,282,7906,-1492
0,0,4,283,7824,-1447
0,0,4,284,7921,-1440
0,0,4,285,7799,-1386
0,0,4,286,7878,-1394
0,0,4,287,7776,-1361
0,0,4,288,7844,-1370
0,0,4,289,7819,-1365
0,0,4,290,7776,-1341
0,0,4,291,7858,-1310
0,0,4,292,7668,-1242
0,0,4,293,7831,-1260
0,0,4,294,7716,-1233
0,0,4,295,7761,-1242
0,0,4,296,7768,-1264
0,0,4,297,7726,-1222
0,0,4,298,7790,-1226
0,0,4,299,7700,-1192
0,0,4,300,7799,-1203
0,0,4,301,7647,-1139
0,0,4,302,7754,-1140
0,0,4,303,7633,-1115
0,0,4,304,7672,-1105
0,0,4,305,7716,-1104
0,0,4,306,7591,-1072
0,0,4,307,7713,-1078
0,0,4,308,7583,-1024
0,0,4,309,7682,-1049
0,0,4,310,7581,-1019
0,0,4,311,7619,-995
0,0,4,312,7589,-989
0,0,4,313,7588,-995
0,0,4,314,7642,-970
0,0,4,315,7497,-934
0,0,4,316,7652,-940
0,0,4,317,7477,-896
0,0,4,318,7531,-886
0,0,4,319,7524,-884
0,0,4,320,7495,-860
0,0,4,321,7558,-860
0,0,4,322,7472,-841
0,0,4,323,7547,-842
0,0,4,324,7421,-839
0,0,4,325,7542,-828
0,0,4,326,7414,-805
0,0,4,327,7490,-806
0,0,4,328,7471,-785
0,0,4,329,7355,-742
0,0,4,330,7529,-774
0,0,4,331,7365,-733
0,0,4,332,7455,-729
0,0,4,333,7364,-707
0,0,4,334,7416,-702
0,0,4,335,7393,-692
0,0,4,336,7383,-672
0,0,4,337,7431,-668
0,0,4,338,7313,-635
0,0,4,339,7446,-642
0,0,4,340,7250,-599
0,0,4,341,7366,-593
0,0,4,342,7351,-592
0,0,4,343,7289,-575
0,0,4,344,7384,-575
0,0,4,345,7265,-550
0,0,4,346,7367,-558
0,0,4,347,7256,-526
0,0,4,348,7321,-508
0,0,4,349,7229,-490
0,0,4,350,7273,-473
0,0,4,351,7267,-464
0,0,4,352,7217,-448
0,0,4,353,7342,-449
0,0,4,354,7124,-399
0,0,4,355,7273,-425
0,0,4,356,7178,-400
0,0,4,357,7179,-378
0,0,4,358,7206,-365
0,0,4,359,7165,-333
0,0,4,360,7222,-335
0,0,4,361,7123,-307
0,0,4,362,7209,-280
0,0,4,363,7056,-257
0,0,4,364,7168,-243
0,0,4,365,7078,-254
0,0,4,366,7049,-225
0,0,4,367,7173,-238
0,0,4,368,7005,-184
0,0,4,369,7120,-186
0,0,4,370,7020,-196
0,0,4,371,7095,-188
0,0,4,372,7004,-150
0,0,4,373,6997,-104
0,0,4,374,7028,-123
0,0,4,375,6953,-96
0,0,4,376,7040,-89
0,0,4,377,6863,-68
0,0,4,378,7073,-107
0,0,4,379,6909,-65
0,0,4,380,6893,-21
0,0,4,381,6958,-36
0,0,4,382,6855,0
0,0,4,383,6922,20
0,0,4,384,6811,23
0,0,4,385,6885,44
0,0,4,386,6766,48
0,0,4,387,6836,70
0,0,4,388,6752,74
0,0,4,389,6761,80
0,0,4,390,6774,121
0,0,4,391,6643,124
0,0,4,392,6802,120
0,0,4,393,6676,129
0,0,4,394,6737,144
0,0,4,395,6656,155
0,0,4,396,6653,167
0,0,4,397,6697,162
0,0,4,398,6602,192
0,0,4,399,6680,200
0,0,4,400,6542,214
0,0,4,401,6650,232
0,0,4,402,6526,208
0,0,4,403,6575,242
0,0,4,404,6597,236
0,0,4,405,6503,239
0,0,4,406,6598,256
0,0,4,407,6476,265
0,0,4,408,6540,282
0,0,4,409,6439,282
0,0,4,410,6498,300
0,0,4,411,6427,298
0,0,4,412,6438,321
0,0,4,413,6426,336
0,0,4,414,6343,330
0,0,4,415,6495,352
0,0,4,416,6319,337
0,0,4,417,6422,353
0,0,4,418,6369,362
0,0,4,419,6376,373
0,0,4,420,6397,372
0,0,4,421,6349,373
0,0,4,422,6407,394
0,0,4,423,6299,395
0,0,4,424,6364,436
0,0,4,425,6222,424
0,0,4,426,6315,439
0,0,4,427,6270,438
0,0,4,428,6198,448
0,0,4,429,6300,471
0,0,4,430,6204,468
0,0,4,431,6291,490
0,0,4,432,6215,462
0,0,4,433,6238,500
0,0,4,434,6168,505
0,0,4,435,6211,517
0,0,4,436,6221,515
0,0,4,437,6133,517
0,0,4,438,6256,552
0,0,4,439,6091,538
0,0,4,440,6176,562
0,0,4,441,6093,568
0,0,4,442,6118,581
0,0,4,443,6122,579
0,0,4,444,6088,597
0,0,4,445,6123,624
0,0,4,446,6032,617
0,0,4,447,6135,637
0,0,4,448,6000,617
0,0,4,449,6093,635
0,0,4,450,6052,628
0,0,4,451,5981,649
0,0,4,452,6078,688
0,0,4,453,5981,674
0,0,4,454,6050,696
0,0,4,455,5970,686
0,0,4,456,5997,703
0,0,4,457,5959,698
0,0,4,458,5935,748
0,0,4,459,5957,733
0,0,4,460,5878,746
0,0,4,461,5981,786
0,0,4,462,5821,771
0,0,4,463,5926,809
0,0,4,464,5829,812
0,0,4,465,5828,812
0,0,4,466,5888,816
0,0,4,467,5819,833
0,0,4,468,5889,849
0,0,4,469,5809,838
0,0,4,470,5860,864
0,0,4,471,5762,859
0,0,4,472,5822,897
0,0,4,473,5787,872
0,0,4,474,5734,889
0,0,4,475,5834,912
0,0,4,476,5689,899
0,0,4,477,5779,945
0,0,4,478,5693,929
0,0,4,479,5698,956
0,0,4,480,5688,943
0,0,4,481,5640,970
0,0,4,482,5684,979
0,0,4,483,5604,974
0,0,4,484,5696,992
0,0,4,485,5532,988
0,0,4,486,5655,1021
0,0,4,487,5555,1013
0,0,4,488,5534,1034
0,0,4,489,5580,1050
0,0,4,490,5527,1036
0,0,4,491,5622,1052
0,0,4,492,5516,1044
0,0,4,493,5536,1095
0,0,4,494,5452,1074
0,0,4,495,5500,1097
0,0,4,496,5437,1090
0,0,4,497,5408,1089
0,0,4,498,5482,1137
0,0,4,499,5351,1101
0,0,4,500,5434,1154
0,0,4,501,5371,1127
0,0,4,502,5422,1129
0,0,4,503,5412,1126
0,0,4,504,5357,1137
0,0,4,505,5393,1161
0,0,4,506,5331,1143
0,0,4,507,5393,1165
0,0,4,508,5255,1160
0,0,4,509,5327,1210
0,0,4,510,5250,1174
0,0,4,511,5256,1189
0,0,5,0,7028,-4825
0,0,5,1,7100,-4878
0,0,5,2,7039,-4810
0,0,5,3,7087,-4830
0,0,5,4,7074,-4790
0,0,5,5,7056,-4783
0,0,5,6,7131,-4809
0,0,5,7,7037,-4700
0,0,5,8,7168,-4802
0,0,5,9,7089,-4695
0,0,5,10,7141,-4736
0,0,5,11,7124,-4728
0,0,5,12,7122,-4696
0,0,5,13,7157,-4724
0,0,5,14,7119,-4668
0,0,5,15,7200,-4704
0,0,5,16,7108,-4617
0,0,5,17,7205,-4671
0,0,5,18,7096,-4594
0,0,5,19,7174,-4629
0,0,5,20,7184,-4610
0,0,5,21,7097,-4559
0,0,5,22,7217,-4630
0,0,5,23,7145,-4551
0,0,5,24,7232,-4622
0,0,5,25,7139,-4538
0,0,5,26,7192,-4557
0,0,5,27,7170,-4512
0,0,5,28,7176,-4532
0,0,5,29,7227,-4528
0,0,5,30,7133,-4476
0,0,5,31,7265,-4570
0,0,5,32,7120,-4449
0,0,5,33,7249,-4544
0,0,5,34,7178,-4470
0,0,5,35,7179,-4467
0,0,5,36,7230,-4515
0,0,5,37,7166,-4455
0,0,5,38,7275,-4506
0,0,5,39,7165,-4424
0,0,5,40,7245,-4502
0,0,5,41,7190,-4435
0,0,5,42,7230,-4469
0,0,5,43,7223,-4430
0,0,5,44,7203,-4412
0,0,5,45,7269,-4445
0,0,5,46,7151,-4362
0,0,5,47,7316,-4476
0,0,5,48,7158,-4364
0,0,5,49,7234,-4411
0,0,5,50,7248,-4407
0,0,5,51,7227,-4380
0,0,5,52,7292,-4409
0,0,5,53,7234,-4348
0,0,5,54,7327,-4405
0,0,5,55,7239,-4337
0,0,5,56,7323,-4384
0,0,5,57,7249,-4318
0,0,5,58,7311,-4361
0,0,5,59,7297,-4336
0,0,5,60,7255,-4299
0,0,5,61,7396,-4379
0,0,5,62,7233,-4268
0,0,5,63,7364,-4355
0,0,5,64,7298,-4307
0,0,5,65,7346,-4332
0,0,5,66,7342,-4321
0,0,5,67,7321,-4309
0,0,5,68,7379,-4346
0,0,5,69,7303,-4277
0,0,5,70,7423,-4348
0,0,5,71,7317,-4250
0,0,5,72,7442,-4325
0,0,5,73,7350,-4255
0,0,5,74,7355,-4235
0,0,5,75,7431,-4292
0,0,5,76,7383,-4229
0,0,5,77,7472,-4308
0,0,5,78,7352,-4233
0,0,5,79,7462,-4286
0,0,5,80,7410,-4216
0,0,5,81,7484,-4232
0,0,5,82,7467,-4217
0,0,5,83,7440,-4209
0,0,5,84,7542,-4245
0,0,5,85,7402,-4156
0,0,5,86,7558,-4261
0,0,5,87,7442,-4166
0,0,5,88,7506,-4198
0,0,5,89,7526,-4188
0,0,5,90,7517,-4147
0,0,5,91,7590,-4190
0,0,5,92,7514,-4157
0,0,5,93,7610,-4208
0,0,5,94,7511,-4134
0,0,5,95,7625,-4181
0,0,5,96,7545,-4116
0,0,5,97,7577,-4149
0,0,5,98,7613,-4141
0,0,5,99,7542,-4067
0,0,5,100,7675,-4147
0,0,5,101,7611,-4075
0,0,5,102,7701,-4133
0,0,5,103,7634,-4071
0,0,5,104,7690,-4083
0,0,5,105,7685,-4071
0,0,5,106,7671,-4067
0,0,5,107,7726,-4095
0,0,5,108,7656,-4015
0,0,5,109,7806,-4103
0,0,5,110,7643,-3982
0,0,5,111,7751,-4046
0,0,5,112,7734,-4016
0,0,5,113,7711,-3991
0,0,5,114,7774,-4034
0,0,5,115,7721,-3971
0,0,5,116,7833,-4029
0,0,5,117,7746,-3944
0,0,5,118,7864,-3985
0,0,5,119,7793,-3903
0,0,5,120,7843,-3936
0,0,5,121,7825,-3920
0,0,5,122,7798,-3864
0,0,5,123,7926,-3961
0,0,5,124,7802,-3844
0,0,5,125,7925,-3900
0,0,5,126,7869,-3827
0,0,5,127,7881,-3865
0,0,5,128,7900,-3839
0,0,5,129,7905,-3814
0,0,5,130,7952,-3859
0,0,5,131,7879,-3786
0,0,5,132,8018,-3859
0,0,5,133,7867,-3740
0,0,5,134,7999,-3812
0,0,5,135,7920,-3731
0,0,5,136,7934,-3702
0,0,5,137,8004,-3787
0,0,5,138,7944,-3678
0,0,5,139,8062,-3730
0,0,5,140,7962,-3691
0,0,5,141,8042,-3694
0,0,5,142,7961,-3653
0,0,5,143,8039,-3671
0,0,5,144,8004,-3651
0,0,5,145,8000,-3610
0,0,5,146,8117,-3677
0,0,5,147,7974,-3574
0,0,5,148,8125,-3649
0,0,5,149,8029,-3532
0,0,5,150,8061,-3548
0,0,5,151,8078,-3550
0,0,5,152,8074,-3517
0,0,5,153,8122,-3551
0,0,5,154,8036,-3489
0,0,5,155,8149,-3534
0,0,5,156,8049,-3416
0,0,5,157,8186,-3445
0,0,5,158,8061,-3406
0,0,5,159,8099,-3407
0,0,5,160,8188,-3430
0,0,5,161,8064,-3353
0,0,5,162,8200,-3425
0,0,5,163,8109,-3345
0,0,5,164,8185,-3386
0,0,5,165,8130,-3328
0,0,5,166,8184,-3307
0,0,5,167,8174,-3297
0,0,5,168,8148,-3285
0,0,5,169,8211,-3319
0,0,5,170,8101,-3227
0,0,5,171,8261,-3307
0,0,5,172,8105,-3181
0,0,5,173,8211,-3242
0,0,5,174,8191,-3217
0,0,5,175,8132,-3190
0,0,5,176,8249,-3193
0,0,5,177,8160,-3119
0,0,5,178,8267,-3136
0,0,5,179,8174,-3100
0,0,5,180,8248,-3087
0,0,5,181,8179,-3065
0,0,5,182,8229,-3085
0,0,5,183,8225,-3080
0,0,5,184,8145,-3007
0,0,5,185,8319,-3082
0,0,5,186,8153,-2954
0,0,5,187,8260,-3001
0,0,5,188,8202,-2961
0,0,5,189,8196,-2930
0,0,5,190,8238,-2935
0,0,5,191,8209,-2903
0,0,5,192,8288,-2917
0,0,5,193,8176,-2845
0,0,5,194,8287,-2873
0,0,5,195,8143,-2774
0,0,5,196,8268,-2838
0,0,5,197,8201,-2792
0,0,5,198,8154,-2736
0,0,5,199,8283,-2786
0,0,5,200,8187,-2716
0,0,5,201,8296,-2750
0,0,5,202,8188,-2695
0,0,5,203,8248,-2669
0,0,5,204,8176,-2639
0,0,5,205,8235,-2649
0,0,5,206,8239,-2668
0,0,5,207,8153,-2595
0,0,5,208,8307,-2669
0,0,5,209,8119,-2569
0,0,5,210,8274,-2641
0,0,5,211,8186,-2575
0,0,5,212,8175,-2518
0,0,5,213,8191,-2500
0,0,5,214,8155,-2450
0,0,5,215,8228,-2487
0,0,5,216,8113,-2436
0,0,5,217,8233,-2437
0,0,5,218,8078,-2361
0,0,5,219,8219,-2436
0,0,5,220,8107,-2384
0,0,5,221,8108,-2395
0,0,5,222,8228,-2439
0,0,5,223,8091,-2332
0,0,5,224,8193,-2352
0,0,5,225,8087,-2293
0,0,5,226,8156,-2292
0,0,5,227,8062,-2264
0,0,5,228,8122,-2249
0,0,5,229,8122,-2259
0,0,5,230,8065,-2211
0,0,5,231,8189,-2252
0,0,5,232,7990,-2164
0,0,5,233,8174,-2248
0,0,5,234,8053,-2175
0,0,5,235,8071,-2158
0,0,5,236,8072,-2110
0,0,5,237,8053,-2116
0,0,5,238,8119,-2119
0,0,5,239,8025,-2084
0,0,5,240,8140,-2106
0,0,5,241,7992,-2057
0,0,5,242,8121,-2085
0,0,5,243,8013,-2065
0,0,5,244,8005,-2038
0,0,5,245,8088,-2052
0,0,5,246,7976,-1981
0,0,5,247,8097,-2005
0,0,5,248,7998,-1968
0,0,5,249,8057,-1975
0,0,5,250,7982,-1924
0,0,5,251,8012,-1898
0,0,5,252,8000,-1898
0,0,5,253,7964,-1875
0,0,5,254,8086,-1900
0,0,5,255,7909,-1851
0,0,5,256,8061,-1879
0,0,5,257,7945,-1824
0,0,5,258,7975,-1826
0,0,5,259,8002,-1837
0,0,5,260,7957,-1806
0,0,5,261,8022,-1798
0,0,5,262,7929,-1767
0,0,5,263,8037,-1776
0,0,5,264,7888,-1711
0,0,5,265,8018,-1741
0,0,5,266,7905,-1687
0,0,5,267,7937,-1685
0,0,5,268,7980,-1690
0,0,5,269,7838,-1620
0,0,5,270,7989,-1648
0,0,5,271,7869,-1601
0,0,5,272,7965,-1612
0,0,5,273,7880,-1573
0,0,5,274,7893,-1538
0,0,5,275,7892,-1532
0,0,5,276,7866,-1532
0,0,5,277,7961,-1551
0,0,5,278,7811,-1504
0,0,5,279,7988,-1545
0,0,5,280,7798,-1472
0,0,5,281,7867,-1475
0,0,5,282,7886,-1509
0,0,5,283,7821,-1456
0,0,5,284,7898,-1435
0,0,5,285,7796,-1364
0,0,5,286,7889,-1396
0,0,5,287,7757,-1349
0,0,5,288,7863,-1351
0,0,5,289,7787,-1328
0,0,5,290,7808,-1308
0,0,5,291,7793,-1293
0,0,5,292,7720,-1262
0,0,5,293,7888,-1292
0,0,5,294,7681,-1239
0,0,5,295,7806,-1281
0,0,5,296,7710,-1223
0,0,5,297,7767,-1186
0,0,5,298,7737,-1194
0,0,5,299,7693,-1164
0,0,5,300,7772,-1136
0,0,5,301,7627,-1112
0,0,5,302,7806,-1165
0,0,5,303,7608,-1125
0,0,5,304,7661,-1121
0,0,5,305,7638,-1089
0,0,5,306,7658,-1071
0,0,5,307,7683,-1060
0,0,5,308,7628,-1048
0,0,5,309,7722,-1056
0,0,5,310,7545,-1012
0,0,5,311,7663,-1013
0,0,5,312,7502,-976
0,0,5,313,7542,-962
0,0,5,314,7597,-956
0,0,5,315,7522,-930
0,0,5,316,7609,-936
0,0,5,317,7487,-895
0,0,5,318,7572,-901
0,0,5,319,7462,-889
0,0,5,320,7554,-890
0,0,5,321,7462,-863
0,0,5,322,7452,-832
0,0,5,323,7551,-845
0,0,5,324,7415,-836
0,0,5,325,7573,-847
0,0,5,326,7393,-798
0,0,5,327,7449,-783
0,0,5,328,7452,-789
0,0,5,329,7405,-750
0,0,5,330,7442,-734
0,0,5,331,7378,-720
0,0,5,332,7474,-735
0,0,5,333,7350,-731
0,0,5,334,7483,-716
0,0,5,335,7319,-682
0,0,5,336,7398,-688
0,0,5,337,7418,-666
0,0,5,338,7293,-645
0,0,5,339,7434,-662
0,0,5,340,7330,-634
0,0,5,341,7393,-610
0,0,5,342,7294,-591
0,0,5,343,7324,-561
0,0,5,344,7276,-514
0,0,5,345,7282,-517
0,0,5,346,7341,-516
0,0,5,347,7216,-512
0,0,5,348,7382,-522
0,0,5,349,7187,-478
0,0,5,350,7288,-479
0,0,5,351,7265,-478
0,0,5,352,7219,-437
0,0,5,353,7295,-452
0,0,5,354,7226,-441
0,0,5,355,7296,-423
0,0,5,356,7177,-405
0,0,5,357,7261,-402
0,0,5,358,7156,-382
0,0,5,359,7197,-353
0,0,5,360,7183,-338
0,0,5,361,7078,-291
0,0,5,362,7259,-330
0,0,5,363,7060,-284
0,0,5,364,7142,-230
0,0,5,365,7081,-235
0,0,5,366,7104,-242
0,0,5,367,7100,-233
0,0,5,368,7065,-197
0,0,5,369,7106,-196
0,0,5,370,6983,-173
0,0,5,371,7110,-165
0,0,5,372,6942,-142
0,0,5,373,7070,-153
0,0,5,374,7004,-145
0,0,5,375,6950,-131
0,0,5,376,7050,-113
0,0,5,377,6903,-58
0,0,5,378,7034,-71
0,0,5,379,6921,-75
0,0,5,380,6970,-56
0,0,5,381,6894,-36
0,0,5,382,6868,19
0,0,5,383,6864,22
0,0,5,384,6775,49
0,0,5,385,6904,56
0,0,5,386,6706,55
0,0,5,387,6825,84
0,0,5,388,6733,86
0,0,5,389,6737,102
0,0,5,390,6756,108
0,0,5,391,6704,119
0,0,5,392,6776,132
0,0,5,393,6670,127
0,0,5,394,6772,132
0,0,5,395,6624,144
0,0,5,396,6732,148
0,0,5,397,6653,150
0,0,5,398,6592,188
0,0,5,399,6719,182
0,0,5,400,6542,202
0,0,5,401,6638,231
0,0,5,402,6535,231
0,0,5,403,6592,238
0,0,5,404,6552,234
0,0,5,405,6539,255
0,0,5,406,6542,260
0,0,5,407,6486,261
0,0,5,408,6569,286
0,0,5,409,6406,269
0,0,5,410,6556,292
0,0,5,411,6433,293
0,0,5,412,6430,317
0,0,5,413,6459,317
0,0,5,414,6407,326
0,0,5,415,6489,345
0,0,5,416,6391,343
0,0,5,417,6445,363
0,0,5,418,6339,355
0,0,5,419,6407,378
0,0,5,420,6355,363
0,0,5,421,6372,367
0,0,5,422,6407,393
0,0,5,423,6256,401
0,0,5,424,6367,443
0,0,5,425,6271,427
0,0,5,426,6325,444
0,0,5,427,6266,440
0,0,5,428,6294,445
0,0,5,429,6300,460
0,0,5,430,6238,459
0,0,5,431,6307,474
0,0,5,432,6153,488
0,0,5,433,6299,505
0,0,5,434,6168,496
0,0,5,435,6184,511
0,0,5,436,6234,518
0,0,5,437,6147,524
0,0,5,438,6216,553
0,0,5,439,6147,541
0,0,5,440,6206,564
0,0,5,441,6106,554
0,0,5,442,6147,603
0,0,5,443,6102,590
0,0,5,444,6090,612
0,0,5,445,6122,618
0,0,5,446,5989,629
0,0,5,447,6151,636
0,0,5,448,6034,619
0,0,5,449,6063,658
0,0,5,450,6025,658
0,0,5,451,5994,681
0,0,5,452,6037,670
0,0,5,453,5988,683
0,0,5,454,6046,705
0,0,5,455,5941,683
0,0,5,456,6027,732
0,0,5,457,5935,692
0,0,5,458,5988,719
0,0,5,459,5943,742
0,0,5,460,5864,745
0,0,5,461,5995,770
0,0,5,462,5874,768
0,0,5,463,5955,785
0,0,5,464,5870,788
0,0,5,465,5888,802
0,0,5,466,5861,798
0,0,5,467,5867,803
0,0,5,468,5891,829
0,0,5,469,5804,814
0,0,5,470,5909,858
0,0,5,471,5735,842
0,0,5,472,5786,896
0,0,5,473,5760,888
0,0,5,474,5720,901
0,0,5,475,5794,915
0,0,5,476,5704,921
0,0,5,477,5742,960
0,0,5,478,5654,940
0,0,5,479,5716,971
0,0,5,480,5621,952
0,0,5,481,5682,973
0,0,5,482,5644,978
0,0,5,483,5595,976
0,0,5,484,5725,993
0,0,5,485,5563,975
0,0,5,486,5649,1016
0,0,5,487,5573,1011
0,0,5,488,5574,1033
0,0,5,489,5558,1038
0,0,5,490,5519,1052
0,0,5,491,5554,1077
0,0,5,492,5485,1057
0,0,5,493,5563,1083
0,0,5,494,5426,1052
0,0,5,495,5528,1085
0,0,5,496,5479,1080
0,0,5,497,5453,1072
0,0,5,498,5487,1111
0,0,5,499,5384,1103
0,0,5,500,5460,1143
0,0,5,501,5389,1114
0,0,5,502,5419,1149
0,0,5,503,5371,1124
0,0,5,504,5401,1145
0,0,5,505,5364,1147
0,0,5,506,5300,1149
0,0,5,507,5386,1191
0,0,5,508,5237,1162
0,0,5,509,5351,1197
0,0,5,510,5296,1182
0,0,5,511,5308,1193
0,0,6,0,7056,-4814
0,0,6,1,7078,-4827
0,0,6,2,7031,-4773
0,0,6,3,7121,-4825
0,0,6,4,7005,-4717
0,0,6,5,7121,-4822
0,0,6,6,7086,-4752
0,0,6,7,7084,-4736
0,0,6,8,7128,-4763
0,0,6,9,7075,-4701
0,0,6,10,7138,-4762
0,0,6,11,7070,-4673
0,0,6,12,7190,-4751
0,0,6,13,7080,-4635
0,0,6,14,7160,-4694
0,0,6,15,7117,-4641
0,0,6,16,7073,-4591
0,0,6,17,7189,-4678
0,0,6,18,7120,-4600
0,0,6,19,7206,-4664
0,0,6,20,7120,-4571
0,0,6,21,7179,-4617
0,0,6,22,7137,-4571
0,0,6,23,7175,-4577
0,0,6,24,7177,-4558
0,0,6,25,7114,-4496
0,0,6,26,7256,-4620
0,0,6,27,7114,-4480
0,0,6,28,7224,-4549
0,0,6,29,7169,-4511
0,0,6,30,7176,-4515
0,0,6,31,7204,-4526
0,0,6,32,7169,-4486
0,0,6,33,7231,-4532
0,0,6,34,7147,-4456
0,0,6,35,7255,-4527
0,0,6,36,7153,-4434
0,0,6,37,7240,-4497
0,0,6,38,7184,-4445
0,0,6,39,7163,-4418
0,0,6,40,7262,-4483
0,0,6,41,7159,-4405
0,0,6,42,7277,-4489
0,0,6,43,7179,-4409
0,0,6,44,7247,-4452
0,0,6,45,7201,-4412
0,0,6,46,7224,-4405
0,0,6,47,7254,-4416
0,0,6,48,7210,-4384
0,0,6,49,7299,-4440
0,0,6,50,7173,-4353
0,0,6,51,7317,-4436
0,0,6,52,7180,-4328
0,0,6,53,7247,-4375
0,0,6,54,7284,-4394
0,0,6,55,7236,-4328
0,0,6,56,7329,-4396
0,0,6,57,7244,-4315
0,0,6,58,7335,-4395
0,0,6,59,7261,-4335
0,0,6,60,7312,-4364
0,0,6,61,7292,-4330
0,0,6,62,7296,-4339
0,0,6,63,7350,-4358
0,0,6,64,7274,-4288
0,0,6,65,7416,-4376
0,0,6,66,7249,-4247
0,0,6,67,7338,-4323
0,0,6,68,7317,-4301
0,0,6,69,7346,-4294
0,0,6,70,7377,-4317
0,0,6,71,7334,-4257
0,0,6,72,7421,-4314
0,0,6,73,7335,-4256
0,0,6,74,7438,-4309
0,0,6,75,7353,-4244
0,0,6,76,7434,-4279
0,0,6,77,7384,-4235
0,0,6,78,7362,-4226
0,0,6,79,7492,-4291
0,0,6,80,7361,-4193
0,0,6,81,7515,-4278
0,0,6,82,7417,-4217
0,0,6,83,7483,-4233
0,0,6,84,7471,-4209
0,0,6,85,7481,-4188
0,0,6,86,7527,-4217
0,0,6,87,7466,-4177
0,0,6,88,7565,-4234
0,0,6,89,7474,-4134
0,0,6,90,7620,-4237
0,0,6,91,7479,-4144
0,0,6,92,7512,-4169
0,0,6,93,7571,-4192
0,0,6,94,7497,-4122
0,0,6,95,7614,-4192
0,0,6,96,7545,-4127
0,0,6,97,7624,-4177
0,0,6,98,7555,-4126
0,0,6,99,7611,-4142
0,0,6,100,7617,-4103
0,0,6,101,7617,-4092
0,0,6,102,7685,-4129
0,0,6,103,7571,-4034
0,0,6,104,7734,-4140
0,0,6,105,7619,-4041
0,0,6,106,7691,-4091
0,0,6,107,7701,-4073
0,0,6,108,7674,-4028
0,0,6,109,7754,-4064
0,0,6,110,7715,-3993
0,0,6,111,7809,-4040
0,0,6,112,7702,-3967
0,0,6,113,7813,-4018
0,0,6,114,7738,-3952
0,0,6,115,7790,-3990
0,0,6,116,7806,-3964
0,0,6,117,7745,-3917
0,0,6,118,7888,-4002
0,0,6,119,7779,-3880
0,0,6,120,7896,-3942
0,0,6,121,7820,-3883
0,0,6,122,7846,-3901
0,0,6,123,7871,-3901
0,0,6,124,7835,-3875
0,0,6,125,7912,-3920
0,0,6,126,7826,-3855
0,0,6,127,7951,-3902
0,0,6,128,7815,-3816
0,0,6,129,7959,-3855
0,0,6,130,7897,-3782
0,0,6,131,7884,-3774
0,0,6,132,7978,-3826
0,0,6,133,7875,-3744
0,0,6,134,8022,-3793
0,0,6,135,7922,-3732
0,0,6,136,7995,-3763
0,0,6,137,7937,-3722
0,0,6,138,7974,-3723
0,0,6,139,7986,-3717
0,0,6,140,7949,-3662
0,0,6,141,8061,-3684
0,0,6,142,7913,-3572
0,0,6,143,8070,-3666
0,0,6,144,7988,-3602
0,0,6,145,8019,-3612
0,0,6,146,8044,-3611
0,0,6,147,8024,-3571
0,0,6,148,8101,-3600
0,0,6,149,8034,-3547
0,0,6,150,8119,-3590
0,0,6,151,8018,-3502
0,0,6,152,8138,-3531
0,0,6,153,8058,-3483
0,0,6,154,8078,-3477
0,0,6,155,8152,-3488
0,0,6,156,8022,-3409
0,0,6,157,8148,-3470
0,0,6,158,8056,-3432
0,0,6,159,8163,-3448
0,0,6,160,8085,-3420
0,0,6,161,8129,-3403
0,0,6,162,8139,-3403
0,0,6,163,8116,-3370
0,0,6,164,8198,-3390
0,0,6,165,8078,-3304
0,0,6,166,8242,-3377
0,0,6,167,8083,-3264
0,0,6,168,8147,-3284
0,0,6,169,8163,-3301
0,0,6,170,8138,-3251
0,0,6,171,8229,-3256
0,0,6,172,8146,-3183
0,0,6,173,8237,-3222
0,0,6,174,8127,-3131
0,0,6,175,8231,-3180
0,0,6,176,8143,-3129
0,0,6,177,8194,-3165
0,0,6,178,8234,-3186
0,0,6,179,8129,-3066
0,0,6,180,8283,-3143
0,0,6,181,8132,-3038
0,0,6,182,8236,-3063
0,0,6,183,8194,-3042
0,0,6,184,8206,-3013
0,0,6,185,8237,-3003
0,0,6,186,8201,-2965
0,0,6,187,8276,-3002
0,0,6,188,8155,-2952
0,0,6,189,8285,-2985
0,0,6,190,8149,-2931
0,0,6,191,8250,-2966
0,0,6,192,8210,-2883
0,0,6,193,8140,-2792
0,0,6,194,8255,-2842
0,0,6,195,8176,-2813
0,0,6,196,8288,-2837
0,0,6,197,8173,-2780
0,0,6,198,8241,-2787
0,0,6,199,8194,-2764
0,0,6,200,8217,-2744
0,0,6,201,8233,-2726
0,0,6,202,8142,-2684
0,0,6,203,8321,-2740
0,0,6,204,8117,-2635
0,0,6,205,8254,-2671
0,0,6,206,8186,-2621
0,0,6,207,8182,-2595
0,0,6,208,8221,-2622
0,0,6,209,8176,-2589
0,0,6,210,8257,-2588
0,0,6,211,8139,-2525
0,0,6,212,8251,-2547
0,0,6,213,8102,-2477
0,0,6,214,8225,-2534
0,0,6,215,8152,-2489
0,0,6,216,8095,-2426
0,0,6,217,8233,-2464
0,0,6,218,8115,-2417
0,0,6,219,8207,-2423
0,0,6,220,8099,-2367
0,0,6,221,8167,-2390
0,0,6,222,8092,-2342
0,0,6,223,8145,-2353
0,0,6,224,8134,-2315
0,0,6,225,8081,-2305
0,0,6,226,8220,-2347
0,0,6,227,8015,-2246
0,0,6,228,8164,-2291
0,0,6,229,8071,-2263
0,0,6,230,8088,-2242
0,0,6,231,8117,-2223
0,0,6,232,8049,-2190
0,0,6,233,8142,-2209
0,0,6,234,8023,-2142
0,0,6,235,8139,-2174
0,0,6,236,7991,-2091
0,0,6,237,8104,-2133
0,0,6,238,8025,-2108
0,0,6,239,7994,-2056
0,0,6,240,8134,-2099
0,0,6,241,7971,-2038
0,0,6,242,8126,-2079
0,0,6,243,8030,-2060
0,0,6,244,8071,-2047
0,0,6,245,8031,-2029
0,0,6,246,8025,-1973
0,0,6,247,8048,-1982
0,0,6,248,7982,-1961
0,0,6,249,8083,-1973
0,0,6,250,7918,-1911
0,0,6,251,8082,-1938
0,0,6,252,7947,-1881
0,0,6,253,7966,-1886
0,0,6,254,8021,-1914
0,0,6,255,7960,-1863
0,0,6,256,8033,-1857
0,0,6,257,7940,-1819
0,0,6,258,8043,-1859
0,0,6,259,7920,-1798
0,0,6,260,8012,-1798
0,0,6,261,7941,-1762
0,0,6,262,7940,-1755
0,0,6,263,8031,-1767
0,0,6,264,7860,-1722
0,0,6,265,8001,-1734
0,0,6,266,7917,-1709
0,0,6,267,7971,-1689
0,0,6,268,7894,-1659
0,0,6,269,7920,-1636
0,0,6,270,7947,-1652
0,0,6,271,7881,-1605
0,0,6,272,7999,-1630
0,0,6,273,7819,-1554
0,0,6,274,7984,-1594
0,0,6,275,7816,-1537
0,0,6,276,7857,-1525
0,0,6,277,7882,-1526
0,0,6,278,7848,-1510
0,0,6,279,7927,-1507
0,0,6,280,7840,-1475
0,0,6,281,7908,-1476
0,0,6,282,7791,-1448
0,0,6,283,7893,-1449
0,0,6,284,7795,-1398
0,0,6,285,7809,-1397
0,0,6,286,7865,-1405
0,0,6,287,7736,-1353
0,0,6,288,7902,-1391
0,0,6,289,7746,-1331
0,0,6,290,7811,-1328
0,0,6,291,7769,-1313
0,0,6,292,7759,-1299
0,0,6,293,7794,-1271
0,0,6,294,7715,-1238
0,0,6,295,7815,-1239
0,0,6,296,7677,-1212
0,0,6,297,7802,-1229
0,0,6,298,7663,-1196
0,0,6,299,7756,-1198
0,0,6,300,7720,-1176
0,0,6,301,7615,-1128
0,0,6,302,7745,-1135
0,0,6,303,7630,-1090
0,0,6,304,7717,-1093
0,0,6,305,7600,-1064
0,0,6,306,7664,-1069
0,0,6,307,7613,-1065
0,0,6,308,7661,-1073
0,0,6,309,7659,-1045
0,0,6,310,7557,-1012
0,0,6,311,7689,-1005
0,0,6,312,7487,-945
0,0,6,313,7589,-959
0,0,6,314,7527,-935
0,0,6,315,7534,-902
0,0,6,316,7555,-930
0,0,6,317,7513,-918
0,0,6,318,7595,-931
0,0,6,319,7500,-917
0,0,6,320,7577,-883
0,0,6,321,7417,-842
0,0,6,322,7504,-832
0,0,6,323,7463,-832
0,0,6,324,7395,-799
0,0,6,325,7528,-817
0,0,6,326,7432,-812
0,0,6,327,7526,-807
0,0,6,328,7417,-797
0,0,6,329,7465,-789
0,0,6,330,7396,-753
0,0,6,331,7408,-730
0,0,6,332,7440,-727
0,0,6,333,7378,-710
0,0,6,334,7496,-706
0,0,6,335,7290,-669
0,0,6,336,7417,-669
0,0,6,337,7328,-641
0,0,6,338,7315,-616
0,0,6,339,7356,-610
0,0,6,340,7317,-612
0,0,6,341,7392,-620
0,0,6,342,7263,-583
0,0,6,343,7378,-573
0,0,6,344,7256,-563
0,0,6,345,7368,-567
0,0,6,346,7289,-539
0,0,6,347,7236,-517
0,0,6,348,7346,-525
0,0,6,349,7210,-490
0,0,6,350,7321,-483
0,0,6,351,7209,-453
0,0,6,352,7253,-431
0,0,6,353,7206,-437
0,0,6,354,7229,-432
0,0,6,355,7234,-426
0,0,6,356,7167,-399
0,0,6,357,7246,-379
0,0,6,358,7073,-346
0,0,6,359,7218,-358
0,0,6,360,7148,-340
0,0,6,361,7135,-310
0,0,6,362,7181,-318
0,0,6,363,7074,-264
0,0,6,364,7185,-268
0,0,6,365,7077,-250
0,0,6,366,7158,-233
0,0,6,367,7045,-232
0,0,6,368,7121,-200
0,0,6,369,7020,-175
0,0,6,370,6996,-163
0,0,6,371,7114,-190
0,0,6,372,6952,-155
0,0,6,373,7055,-125
0,0,6,374,6939,-99
0,0,6,375,7006,-96
0,0,6,376,6921,-80
0,0,6,377,6930,-52
0,0,6,378,6973,-70
0,0,6,379,6901,-57
0,0,6,380,7010,-56
0,0,6,381,6842,-50
0,0,6,382,6980,-29
0,0,6,383,6797,7
0,0,6,384,6811,32
0,0,6,385,6854,28
0,0,6,386,6762,60
0,0,6,387,6832,76
0,0,6,388,6751,75
0,0,6,389,6820,81
0,0,6,390,6697,82
0,0,6,391,6765,125
0,0,6,392,6676,130
0,0,6,393,6711,132
0,0,6,394,6724,142
0,0,6,395,6596,146
0,0,6,396,6726,174
0,0,6,397,6620,164
0,0,6,398,6661,182
0,0,6,399,6607,173
0,0,6,400,6620,199
0,0,6,401,6616,193
0,0,6,402,6559,212
0,0,6,403,6651,223
0,0,6,404,6522,223
0,0,6,405,6614,265
0,0,6,406,6464,241
0,0,6,407,6517,256
0,0,6,408,6530,266
0,0,6,409,6462,274
0,0,6,410,6534,300
0,0,6,411,6432,307
0,0,6,412,6506,319
0,0,6,413,6391,314
0,0,6,414,6446,344
0,0,6,415,6374,327
0,0,6,416,6399,332
0,0,6,417,6426,350
0,0,6,418,6303,348
0,0,6,419,6452,369
0,0,6,420,6329,368
0,0,6,421,6395,379
0,0,6,422,6342,377
0,0,6,423,6300,411
0,0,6,424,6330,424
0,0,6,425,6293,415
0,0,6,426,6350,440
0,0,6,427,6243,418
0,0,6,428,6353,453
0,0,6,429,6185,448
0,0,6,430,6277,475
0,0,6,431,6242,469
0,0,6,432,6166,476
0,0,6,433,6244,496
0,0,6,434,6203,484
0,0,6,435,6259,516
0,0,6,436,6155,508
0,0,6,437,6215,521
0,0,6,438,6151,522
0,0,6,439,6152,552
0,0,6,440,6177,564
0,0,6,441,6105,555
0,0,6,442,6199,599
0,0,6,443,6007,591
0,0,6,444,6081,627
0,0,6,445,6044,602
0,0,6,446,6104,621
0,0,6,447,6071,614
0,0,6,448,6052,622
0,0,6,449,6109,635
0,0,6,450,5996,647
0,0,6,451,6076,690
0,0,6,452,5931,662
0,0,6,453,6000,664
0,0,6,454,5983,685
0,0,6,455,5977,713
0,0,6,456,5995,719
0,0,6,457,5941,711
0,0,6,458,6018,728
0,0,6,459,5877,739
0,0,6,460,5964,790
0,0,6,461,5828,774
0,0,6,462,5877,787
0,0,6,463,5952,772
0,0,6,464,5881,760
0,0,6,465,5972,789
0,0,6,466,5821,816
0,0,6,467,5879,838
0,0,6,468,5820,817
0,0,6,469,5821,848
0,0,6,470,5793,856
0,0,6,471,5789,858
0,0,6,472,5832,886
0,0,6,473,5714,869
0,0,6,474,5855,902
0,0,6,475,5682,895
0,0,6,476,5741,915
0,0,6,477,5726,919
0,0,6,478,5674,932
0,0,6,479,5716,964
0,0,6,480,5661,948
0,0,6,481,5697,984
0,0,6,482,5593,984
0,0,6,483,5663,997
0,0,6,484,5592,977
0,0,6,485,5621,998
0,0,6,486,5602,1012
0,0,6,487,5514,1002
0,0,6,488,5637,1039
0,0,6,489,5531,1017
0,0,6,490,5576,1058
0,0,6,491,5526,1043
0,0,6,492,5489,1066
0,0,6,493,5505,1082
0,0,6,494,5456,1089
0,0,6,495,5502,1099
0,0,6,496,5400,1083
0,0,6,497,5505,1121
0,0,6,498,5379,1084
0,0,6,499,5453,1117
0,0,6,500,5395,1110
0,0,6,501,5370,1105
0,0,6,502,5458,1134
0,0,6,503,5337,1132
0,0,6,504,5409,1164
0,0,6,505,5342,1132
0,0,6,506,5339,1173
0,0,6,507,5288,1172
0,0,6,508,5302,1195
0,0,6,509,5308,1189
0,0,6,510,5250,1180
0,0,6,511,5347,1227
0,0,7,0,7103,-4856
0,0,7,1,7013,-4772
0,0,7,2,7028,-4760
0,0,7,3,7091,-4813
0,0,7,4,7053,-4770
0,0,7,5,7115,-4832
0,0,7,6,7055,-4740
0,0,7,7,7128,-4794
0,0,7,8,7046,-4712
0,0,7,9,7133,-4773
0,0,7,10,7096,-4720
0,0,7,11,7060,-4665
0,0,7,12,7175,-4737
0,0,7,13,7097,-4656
0,0,7,14,7187,-4703
0,0,7,15,7110,-4616
0,0,7,16,7161,-4663
0,0,7,17,7118,-4610
0,0,7,18,7147,-4629
0,0,7,19,7166,-4619
0,0,7,20,7090,-4575
0,0,7,21,7259,-4672
0,0,7,22,7084,-4510
0,0,7,23,7194,-4593
0,0,7,24,7155,-4558
0,0,7,25,7174,-4549
0,0,7,26,7191,-4563
0,0,7,27,7160,-4526
0,0,7,28,7245,-4575
0,0,7,29,7147,-4495
0,0,7,30,7240,-4563
0,0,7,31,7134,-4462
0,0,7,32,7223,-4515
0,0,7,33,7164,-4458
0,0,7,34,7148,-4451
0,0,7,35,7240,-4524
0,0,7,36,7161,-4452
0,0,7,37,7259,-4508
0,0,7,38,7172,-4441
0,0,7,39,7220,-4486
0,0,7,40,7179,-4427
0,0,7,41,7221,-4457
0,0,7,42,7225,-4423
0,0,7,43,7188,-4410
0,0,7,44,7291,-4455
0,0,7,45,7167,-4354
0,0,7,46,7298,-4459
0,0,7,47,7165,-4367
0,0,7,48,7219,-4386
0,0,7,49,7242,-4395
0,0,7,50,7224,-4373
0,0,7,51,7284,-4394
0,0,7,52,7219,-4355
0,0,7,53,7308,-4418
0,0,7,54,7201,-4346
0,0,7,55,7298,-4407
0,0,7,56,7226,-4340
0,0,7,57,7274,-4350
0,0,7,58,7304,-4359
0,0,7,59,7216,-4288
0,0,7,60,7358,-4399
0,0,7,61,7256,-4301
0,0,7,62,7331,-4356
0,0,7,63,7273,-4318
0,0,7,64,7300,-4314
0,0,7,65,7328,-4312
0,0,7,66,7300,-4300
0,0,7,67,7381,-4332
0,0,7,68,7287,-4272
0,0,7,69,7416,-4342
0,0,7,70,7304,-4238
0,0,7,71,7381,-4309
0,0,7,72,7355,-4266
0,0,7,73,7339,-4236
0,0,7,74,7442,-4294
0,0,7,75,7365,-4239
0,0,7,76,7464,-4297
0,0,7,77,7371,-4234
0,0,7,78,7434,-4269
0,0,7,79,7393,-4233
0,0,7,80,7431,-4239
0,0,7,81,7463,-4237
0,0,7,82,7415,-4208
0,0,7,83,7515,-4263
0,0,7,84,7406,-4160
0,0,7,85,7543,-4240
0,0,7,86,7461,-4182
0,0,7,87,7491,-4191
0,0,7,88,7507,-4208
0,0,7,89,7480,-4155
0,0,7,90,7557,-4220
0,0,7,91,7482,-4165
0,0,7,92,7589,-4218
0,0,7,93,7503,-4139
0,0,7,94,7589,-4180
0,0,7,95,7532,-4137
0,0,7,96,7569,-4132
0,0,7,97,7624,-4165
0,0,7,98,7518,-4080
0,0,7,99,7657,-4160
0,0,7,100,7570,-4091
0,0,7,101,7637,-4149
0,0,7,102,7596,-4084
0,0,7,103,7648,-4062
0,0,7,104,7692,-4075
0,0,7,105,7646,-4063
0,0,7,106,7723,-4103
0,0,7,107,7629,-4036
0,0,7,108,7764,-4098
0,0,7,109,7637,-3991
0,0,7,110,7728,-4022
0,0,7,111,7727,-4030
0,0,7,112,7695,-3943
0,0,7,113,7808,-4004
0,0,7,114,7738,-3953
0,0,7,115,7818,-4028
0,0,7,116,7744,-3951
0,0,7,117,7823,-3984
0,0,7,118,7788,-3920
0,0,7,119,7819,-3927
0,0,7,120,7845,-3953
0,0,7,121,7776,-3874
0,0,7,122,7931,-3963
0,0,7,123,7753,-3851
0,0,7,124,7894,-3892
0,0,7,125,7862,-3868
0,0,7,126,7874,-3833
0,0,7,127,7917,-3859
0,0,7,128,7875,-3809
0,0,7,129,7952,-3845
0,0,7,130,7872,-3795
0,0,7,131,7975,-3830
0,0,7,132,7859,-3758
0,0,7,133,7962,-3793
0,0,7,134,7908,-3758
0,0,7,135,7889,-3715
0,0,7,136,8001,-3789
0,0,7,137,7913,-3671
0,0,7,138,8026,-3740
0,0,7,139,7939,-3682
0,0,7,140,8000,-3700
0,0,7,141,7969,-3673
0,0,7,142,8008,-3649
0,0,7,143,8040,-3653
0,0,7,144,7976,-3596
0,0,7,145,8080,-3660
0,0,7,146,7937,-3567
0,0,7,147,8096,-3672
0,0,7,148,7979,-3570
0,0,7,149,8007,-3558
0,0,7,150,8063,-3553
0,0,7,151,8056,-3506
0,0,7,152,8139,-3540
0,0,7,153,8030,-3483
0,0,7,154,8151,-3523
0,0,7,155,8043,-3438
0,0,7,156,8153,-3485
0,0,7,157,8065,-3434
0,0,7,158,8052,-3400
0,0,7,159,8178,-3452
0,0,7,160,8072,-3369
0,0,7,161,8194,-3438
0,0,7,162,8086,-3370
0,0,7,163,8155,-3387
0,0,7,164,8101,-3341
0,0,7,165,8149,-3330
0,0,7,166,8170,-3315
0,0,7,167,8116,-3274
0,0,7,168,8232,-3328
0,0,7,169,8069,-3206
0,0,7,170,8210,-3286
0,0,7,171,8142,-3233
0,0,7,172,8163,-3251
0,0,7,173,8199,-3234
0,0,7,174,8137,-3184
0,0,7,175,8242,-3215
0,0,7,176,8149,-3133
0,0,7,177,8237,-3172
0,0,7,178,8132,-3112
0,0,7,179,8242,-3125
0,0,7,180,8171,-3071
0,0,7,181,8162,-3041
0,0,7,182,8269,-3079
0,0,7,183,8120,-2997
0,0,7,184,8277,-3067
0,0,7,185,8164,-2986
0,0,7,186,8233,-2988
0,0,7,187,8194,-2988
0,0,7,188,8198,-3002
0,0,7,189,8241,-2972
0,0,7,190,8186,-2881
0,0,7,191,8276,-2901
0,0,7,192,8133,-2822
0,0,7,193,8290,-2897
0,0,7,194,8145,-2792
0,0,7,195,8207,-2806
0,0,7,196,8266,-2851
0,0,7,197,8153,-2771
0,0,7,198,8286,-2842
0,0,7,199,8184,-2755
0,0,7,200,8272,-2786
0,0,7,201,8164,-2730
0,0,7,202,8250,-2750
0,0,7,203,8195,-2706
0,0,7,204,8204,-2667
0,0,7,205,8265,-2672
0,0,7,206,8102,-2573
0,0,7,207,8279,-2666
0,0,7,208,8156,-2593
0,0,7,209,8209,-2572
0,0,7,210,8166,-2541
0,0,7,211,8162,-2534
0,0,7,212,8232,-2576
0,0,7,213,8142,-2517
0,0,7,214,8218,-2501
0,0,7,215,8089,-2438
0,0,7,216,8236,-2481
0,0,7,217,8085,-2395
0,0,7,218,8136,-2423
0,0,7,219,8174,-2410
0,0,7,220,8074,-2337
0,0,7,221,8215,-2400
0,0,7,222,8084,-2326
0,0,7,223,8182,-2372
0,0,7,224,8080,-2311
0,0,7,225,8154,-2330
0,0,7,226,8100,-2288
0,0,7,227,8100,-2284
0,0,7,228,8162,-2288
0,0,7,229,8010,-2193
0,0,7,230,8206,-2274
0,0,7,231,8031,-2220
0,0,7,232,8108,-2235
0,0,7,233,8086,-2223
0,0,7,234,8071,-2184
0,0,7,235,8118,-2174
0,0,7,236,8039,-2126
0,0,7,237,8143,-2141
0,0,7,238,8004,-2087
0,0,7,239,8119,-2106
0,0,7,240,7972,-2043
0,0,7,241,8034,-2057
0,0,7,242,8077,-2063
0,0,7,243,7976,-2016
0,0,7,244,8108,-2034
0,0,7,245,7976,-1982
0,0,7,246,8072,-1988
0,0,7,247,7988,-1966
0,0,7,248,8033,-1971
0,0,7,249,8003,-1954
0,0,7,250,7992,-1920
0,0,7,251,8071,-1944
0,0,7,252,7920,-1900
0,0,7,253,8101,-1938
0,0,7,254,7913,-1873
0,0,7,255,7986,-1870
0,0,7,256,7983,-1878
0,0,7,257,7966,-1839
0,0,7,258,8025,-1838
0,0,7,259,7949,-1813
0,0,7,260,8022,-1818
0,0,7,261,7884,-1770
0,0,7,262,8021,-1779
0,0,7,263,7898,-1741
0,0,7,264,7976,-1759
0,0,7,265,7944,-1707
0,0,7,266,7861,-1671
0,0,7,267,8002,-1701
0,0,7,268,7882,-1640
0,0,7,269,7993,-1662
0,0,7,270,7883,-1603
0,0,7,271,7933,-1606
0,0,7,272,7900,-1590
0,0,7,273,7886,-1571
0,0,7,274,7940,-1584
0,0,7,275,7810,-1536
0,0,7,276,7973,-1578
0,0,7,277,7782,-1515
0,0,7,278,7882,-1524
0,0,7,279,7847,-1515
0,0,7,280,7833,-1447
0,0,7,281,7878,-1458
0,0,7,282,7822,-1438
0,0,7,283,7905,-1459
0,0,7,284,7761,-1382
0,0,7,285,7887,-1389
0,0,7,286,7750,-1362
0,0,7,287,7853,-1384
0,0,7,288,7821,-1367
0,0,7,289,7739,-1327
0,0,7,290,7887,-1359
0,0,7,291,7752,-1293
0,0,7,292,7854,-1323
0,0,7,293,7728,-1265
0,0,7,294,7758,-1252
0,0,7,295,7731,-1226
0,0,7,296,7728,-1198
0,0,7,297,7767,-1223
0,0,7,298,7677,-1197
0,0,7,299,7814,-1187
0,0,7,300,7601,-1131
0,0,7,301,7711,-1133
0,0,7,302,7666,-1109
0,0,7,303,7630,-1099
0,0,7,304,7687,-1098
0,0,7,305,7627,-1072
0,0,7,306,7706,-1077
0,0,7,307,7609,-1066
0,0,7,308,7696,-1068
0,0,7,309,7566,-1025
0,0,7,310,7625,-1002
0,0,7,311,7588,-995
0,0,7,312,7515,-962
0,0,7,313,7676,-995
0,0,7,314,7487,-931
0,0,7,315,7591,-933
0,0,7,316,7490,-906
0,0,7,317,7514,-879
0,0,7,318,7496,-900
0,0,7,319,7491,-878
0,0,7,320,7548,-874
0,0,7,321,7439,-846
0,0,7,322,7568,-873
0,0,7,323,7395,-842
0,0,7,324,7519,-844
0,0,7,325,7433,-823
0,0,7,326,7401,-780
0,0,7,327,7457,-775
0,0,7,328,7393,-758
0,0,7,329,7485,-765
0,0,7,330,7359,-734
0,0,7,331,7458,-737
0,0,7,332,7354,-723
0,0,7,333,7441,-715
0,0,7,334,7372,-702
0,0,7,335,7332,-690
0,0,7,336,7478,-700
0,0,7,337,7307,-676
0,0,7,338,7415,-665
0,0,7,339,7318,-639
0,0,7,340,7369,-619
0,0,7,341,7312,-590
0,0,7,342,7318,-577
0,0,7,343,7356,-573
0,0,7,344,7272,-563
0,0,7,345,7375,-537
0,0,7,346,7189,-488
0,0,7,347,7346,-525
0,0,7,348,7255,-518
0,0,7,349,7253,-507
0,0,7,350,7328,-523
0,0,7,351,7225,-462
0,0,7,352,7286,-426
0,0,7,353,7189,-424
0,0,7,354,7272,-430
0,0,7,355,7160,-398
0,0,7,356,7233,-382
0,0,7,357,7176,-364
0,0,7,358,7143,-343
0,0,7,359,7283,-371
0,0,7,360,7089,-318
0,0,7,361,7207,-307
0,0,7,362,7100,-297
0,0,7,363,7138,-288
0,0,7,364,7113,-262
0,0,7,365,7091,-247
0,0,7,366,7108,-208
0,0,7,367,7021,-200
0,0,7,368,7114,-198
0,0,7,369,6995,-189
0,0,7,370,7098,-176
0,0,7,371,6978,-162
0,0,7,372,6986,-122
0,0,7,373,7026,-107
0,0,7,374,6885,-72
0,0,7,375,7029,-91
0,0,7,376,6911,-76
0,0,7,377,7013,-82
0,0,7,378,6926,-82
0,0,7,379,6949,-61
0,0,7,380,6932,-60
0,0,7,381,6902,-53
0,0,7,382,6951,-26
0,0,7,383,6752,25
0,0,7,384,6958,2
0,0,7,385,6720,59
0,0,7,386,6795,51
0,0,7,387,6800,49
0,0,7,388,6774,73
0,0,7,389,6804,94
0,0,7,390,6718,94
0,0,7,391,6793,108
0,0,7,392,6661,112
0,0,7,393,6757,129
0,0,7,394,6654,127
0,0,7,395,6702,130
0,0,7,396,6700,162
0,0,7,397,6563,186
0,0,7,398,6700,190
0,0,7,399,6596,177
0,0,7,400,6674,187
0,0,7,401,6606,187
0,0,7,402,6583,223
0,0,7,403,6571,234
0,0,7,404,6551,242
0,0,7,405,6569,265
0,0,7,406,6454,252
0,0,7,407,6571,293
0,0,7,408,6404,278
0,0,7,409,6468,301
0,0,7,410,6479,290
0,0,7,411,6435,304
0,0,7,412,6504,315
0,0,7,413,6414,324
0,0,7,414,6454,348
0,0,7,415,6356,333
0,0,7,416,6457,352
0,0,7,417,6348,342
0,0,7,418,6390,359
0,0,7,419,6365,375
0,0,7,420,6284,381
0,0,7,421,6428,402
0,0,7,422,6271,395
0,0,7,423,6376,406
0,0,7,424,6302,395
0,0,7,425,6353,411
0,0,7,426,6296,426
0,0,7,427,6263,455
0,0,7,428,6311,456
0,0,7,429,6218,455
0,0,7,430,6320,477
0,0,7,431,6163,464
0,0,7,432,6248,484
0,0,7,433,6237,481
0,0,7,434,6172,508
0,0,7,435,6196,532
0,0,7,436,6118,536
0,0,7,437,6212,552
0,0,7,438,6103,547
0,0,7,439,6197,557
0,0,7,440,6094,555
0,0,7,441,6138,577
0,0,7,442,6138,560
0,0,7,443,6068,569
0,0,7,444,6192,587
0,0,7,445,6033,587
0,0,7,446,6121,631
0,0,7,447,6075,597
0,0,7,448,6064,634
0,0,7,449,6043,639
0,0,7,450,5993,669
0,0,7,451,6048,690
0,0,7,452,5957,683
0,0,7,453,6044,694
0,0,7,454,5929,672
0,0,7,455,6042,698
0,0,7,456,5946,696
0,0,7,457,5921,716
0,0,7,458,6001,720
0,0,7,459,5907,743
0,0,7,460,5980,765
0,0,7,461,5902,743
0,0,7,462,5924,790
0,0,7,463,5871,777
0,0,7,464,5888,796
0,0,7,465,5867,790
0,0,7,466,5823,794
0,0,7,467,5936,824
0,0,7,468,5791,806
0,0,7,469,5862,859
0,0,7,470,5766,870
0,0,7,471,5793,868
0,0,7,472,5802,865
0,0,7,473,5759,880
0,0,7,474,5789,900
0,0,7,475,5712,893
0,0,7,476,5799,921
0,0,7,477,5683,899
0,0,7,478,5758,952
0,0,7,479,5660,940
0,0,7,480,5626,958
0,0,7,481,5726,953
0,0,7,482,5617,955
0,0,7,483,5679,1008
0,0,7,484,5601,982
0,0,7,485,5639,1014
0,0,7,486,5567,1000
0,0,7,487,5604,1020
0,0,7,488,5568,1031
0,0,7,489,5520,1041
0,0,7,490,5578,1060
0,0,7,491,5448,1029
0,0,7,492,5566,1073
0,0,7,493,5442,1073
0,0,7,494,5475,1076
0,0,7,495,5489,1080
0,0,7,496,5450,1084
0,0,7,497,5487,1113
0,0,7,498,5408,1097
0,0,7,499,5474,1133
0,0,7,500,5384,1095
0,0,7,501,5481,1123
0,0,7,502,5361,1110
0,0,7,503,5355,1140
0,0,7,504,5404,1165
0,0,7,505,5288,1146
0,0,7,506,5392,1175
0,0,7,507,5304,1160
0,0,7,508,5328,1187
0,0,7,509,5274,1175
0,0,7,510,5270,1198
0,0,7,511,5269,1201
0,0,8,0,7082,-4867
0,0,8,1,7018,-4786
0,0,8,2,7076,-4847
0,0,8,3,7050,-4791
0,0,8,4,7079,-4784
0,0,8,5,7083,-4773
0,0,8,6,7048,-4736
0,0,8,7,7163,-4801
0,0,8,8,7015,-4677
0,0,8,9,7147,-4755
0,0,8,10,7080,-4696
0,0,8,11,7126,-4727
0,0,8,12,7124,-4682
0,0,8,13,7138,-4680
0,0,8,14,7156,-4684
0,0,8,15,7090,-4633
0,0,8,16,7211,-4706
0,0,8,17,7067,-4585
0,0,8,18,7177,-4664
0,0,8,19,7141,-4609
0,0,8,20,7121,-4606
0,0,8,21,7181,-4632
0,0,8,22,7137,-4566
0,0,8,23,7202,-4605
0,0,8,24,7108,-4534
0,0,8,25,7216,-4589
0,0,8,26,7129,-4492
0,0,8,27,7209,-4552
0,0,8,28,7171,-4517
0,0,8,29,7121,-4476
0,0,8,30,7242,-4577
0,0,8,31,7122,-4465
0,0,8,32,7245,-4539
0,0,8,33,7151,-4467
0,0,8,34,7214,-4494
0,0,8,35,7190,-4468
0,0,8,36,7191,-4445
0,0,8,37,7223,-4468
0,0,8,38,7158,-4434
0,0,8,39,7260,-4495
0,0,8,40,7140,-4396
0,0,8,41,7267,-4493
0,0,8,42,7155,-4381
0,0,8,43,7193,-4416
0,0,8,44,7247,-4443
0,0,8,45,7185,-4382
0,0,8,46,7291,-4445
0,0,8,47,7190,-4359
0,0,8,48,7265,-4434
0,0,8,49,7183,-4374
0,0,8,50,7247,-4397
0,0,8,51,7238,-4367
0,0,8,52,7228,-4364
0,0,8,53,7281,-4394
0,0,8,54,7181,-4324
0,0,8,55,7333,-4415
0,0,8,56,7183,-4299
0,0,8,57,7281,-4355
0,0,8,58,7271,-4341
0,0,8,59,7250,-4332
0,0,8,60,7303,-4357
0,0,8,61,7274,-4315
0,0,8,62,7351,-4367
0,0,8,63,7257,-4285
0,0,8,64,7367,-4357
0,0,8,65,7265,-4276
0,0,8,66,7338,-4324
0,0,8,67,7334,-4312
0,0,8,68,7280,-4261
0,0,8,69,7428,-4350
0,0,8,70,7301,-4249
0,0,8,71,7400,-4305
0,0,8,72,7355,-4261
0,0,8,73,7414,-4275
0,0,8,74,7398,-4241
0,0,8,75,7398,-4246
0,0,8,76,7439,-4276
0,0,8,77,7364,-4228
0,0,8,78,7483,-4296
0,0,8,79,7336,-4188
0,0,8,80,7465,-4277
0,0,8,81,7408,-4212
0,0,8,82,7397,-4204
0,0,8,83,7471,-4222
0,0,8,84,7448,-4190
0,0,8,85,7535,-4232
0,0,8,86,7438,-4176
0,0,8,87,7560,-4235
0,0,8,88,7452,-4157
0,0,8,89,7551,-4211
0,0,8,90,7503,-4164
0,0,8,91,7482,-4137
0,0,8,92,7600,-4220
0,0,8,93,7476,-4122
0,0,8,94,7594,-4181
0,0,8,95,7533,-4117
0,0,8,96,7593,-4153
0,0,8,97,7579,-4120
0,0,8,98,7571,-4120
0,0,8,99,7628,-4134
0,0,8,100,7569,-4079
0,0,8,101,7677,-4163
0,0,8,102,7562,-4032
0,0,8,103,7681,-4125
0,0,8,104,7621,-4071
0,0,8,105,7634,-4057
0,0,8,106,7697,-4082
0,0,8,107,7651,-4024
0,0,8,108,7755,-4070
0,0,8,109,7689,-3996
0,0,8,110,7787,-4043
0,0,8,111,7691,-3981
0,0,8,112,7771,-4012
0,0,8,113,7737,-3981
0,0,8,114,7731,-3950
0,0,8,115,7833,-4038
0,0,8,116,7697,-3919
0,0,8,117,7846,-3978
0,0,8,118,7779,-3928
0,0,8,119,7834,-3953
0,0,8,120,7810,-3920
0,0,8,121,7805,-3909
0,0,8,122,7865,-3924
0,0,8,123,7814,-3870
0,0,8,124,7899,-3921
0,0,8,125,7795,-3816
0,0,8,126,7923,-3921
0,0,8,127,7823,-3817
0,0,8,128,7845,-3831
0,0,8,129,7921,-3829
0,0,8,130,7890,-3783
0,0,8,131,7979,-3843
0,0,8,132,7911,-3768
0,0,8,133,8011,-3777
0,0,8,134,7908,-3712
0,0,8,135,7990,-3756
0,0,8,136,7940,-3716
0,0,8,137,7931,-3709
0,0,8,138,8030,-3745
0,0,8,139,7887,-3643
0,0,8,140,8031,-3718
0,0,8,141,7946,-3663
0,0,8,142,8030,-3681
0,0,8,143,7987,-3658
0,0,8,144,8018,-3642
0,0,8,145,8034,-3641
0,0,8,146,7998,-3591
0,0,8,147,8099,-3605
0,0,8,148,7967,-3515
0,0,8,149,8134,-3613
0,0,8,150,8001,-3508
0,0,8,151,8039,-3527
0,0,8,152,8066,-3548
0,0,8,153,8049,-3495
0,0,8,154,8131,-3483
0,0,8,155,8051,-3429
0,0,8,156,8141,-3504
0,0,8,157,8050,-3415
0,0,8,158,8138,-3476
0,0,8,159,8085,-3422
0,0,8,160,8109,-3412
0,0,8,161,8159,-3410
0,0,8,162,8045,-3316
0,0,8,163,8206,-3406
0,0,8,164,8089,-3309
0,0,8,165,8178,-3334
0,0,8,166,8125,-3332
0,0,8,167,8115,-3279
0,0,8,168,8176,-3269
0,0,8,169,8137,-3238
0,0,8,170,8222,-3261
0,0,8,171,8123,-3174
0,0,8,172,8257,-3208
0,0,8,173,8107,-3132
0,0,8,174,8194,-3205
0,0,8,175,8166,-3179
0,0,8,176,8098,-3128
0,0,8,177,8254,-3196
0,0,8,178,8171,-3133
0,0,8,179,8250,-3155
0,0,8,180,8161,-3107
0,0,8,181,8217,-3099
0,0,8,182,8179,-3078
0,0,8,183,8207,-3052
0,0,8,184,8226,-3051
0,0,8,185,8154,-2988
0,0,8,186,8298,-3050
0,0,8,187,8107,-2929
0,0,8,188,8240,-2977
0,0,8,189,8194,-2939
0,0,8,190,8202,-2911
0,0,8,191,8233,-2914
0,0,8,192,8184,-2853
0,0,8,193,8274,-2881
0,0,8,194,8166,-2813
0,0,8,195,8279,-2840
0,0,8,196,8155,-2791
0,0,8,197,8265,-2852
0,0,8,198,8194,-2765
0,0,8,199,8158,-2725
0,0,8,200,8295,-2789
0,0,8,201,8147,-2713
0,0,8,202,8275,-2737
0,0,8,203,8160,-2651
0,0,8,204,8228,-2661
0,0,8,205,8175,-2618
0,0,8,206,8206,-2623
0,0,8,207,8220,-2639
0,0,8,208,8146,-2581
0,0,8,209,8280,-2620
0,0,8,210,8095,-2501
0,0,8,211,8266,-2566
0,0,8,212,8130,-2521
0,0,8,213,8139,-2496
0,0,8,214,8197,-2518
0,0,8,215,8150,-2476
0,0,8,216,8225,-2491
0,0,8,217,8119,-2428
0,0,8,218,8228,-2437
0,0,8,219,8079,-2381
0,0,8,220,8191,-2426
0,0,8,221,8115,-2375
0,0,8,222,8090,-2345
0,0,8,223,8233,-2406
0,0,8,224,8040,-2286
0,0,8,225,8178,-2326
0,0,8,226,8083,-2274
0,0,8,227,8131,-2284
0,0,8,228,8090,-2250
0,0,8,229,8097,-2257
0,0,8,230,8139,-2250
0,0,8,231,8059,-2235
0,0,8,232,8156,-2220
0,0,8,233,7992,-2153
0,0,8,234,8165,-2208
0,0,8,235,8019,-2127
0,0,8,236,8050,-2123
0,0,8,237,8102,-2148
0,0,8,238,8027,-2092
0,0,8,239,8138,-2118
0,0,8,240,8017,-2069
0,0,8,241,8100,-2088
0,0,8,242,7989,-2036
0,0,8,243,8086,-2044
0,0,8,244,8027,-2031
0,0,8,245,8024,-2015
0,0,8,246,8090,-2021
0,0,8,247,7944,-1956
0,0,8,248,8099,-2013
0,0,8,249,7973,-1945
0,0,8,250,8016,-1938
0,0,8,251,7981,-1905
0,0,8,252,7974,-1879
0,0,8,253,8036,-1923
0,0,8,254,7968,-1881
0,0,8,255,8071,-1888
0,0,8,256,7928,-1833
0,0,8,257,8048,-1854
0,0,8,258,7898,-1801
0,0,8,259,7958,-1803
0,0,8,260,7998,-1800
0,0,8,261,7924,-1753
0,0,8,262,8031,-1791
0,0,8,263,7928,-1762
0,0,8,264,8016,-1783
0,0,8,265,7909,-1722
0,0,8,266,7956,-1694
0,0,8,267,7908,-1671
0,0,8,268,7924,-1667
0,0,8,269,7978,-1679
0,0,8,270,7831,-1596
0,0,8,271,8012,-1644
0,0,8,272,7822,-1576
0,0,8,273,7957,-1618
0,0,8,274,7871,-1556
0,0,8,275,7812,-1514
0,0,8,276,7905,-1530
0,0,8,277,7830,-1501
0,0,8,278,7941,-1537
0,0,8,279,7832,-1507
0,0,8,280,7932,-1517
0,0,8,281,7818,-1461
0,0,8,282,7857,-1428
0,0,8,283,7827,-1423
0,0,8,284,7754,-1375
0,0,8,285,7914,-1413
0,0,8,286,7715,-1367
0,0,8,287,7862,-1397
0,0,8,288,7770,-1357
0,0,8,289,7801,-1339
0,0,8,290,7786,-1331
0,0,8,291,7732,-1260
0,0,8,292,7799,-1256
0,0,8,293,7710,-1251
0,0,8,294,7801,-1255
0,0,8,295,7651,-1198
0,0,8,296,7781,-1218
0,0,8,297,7687,-1210
0,0,8,298,7686,-1171
0,0,8,299,7771,-1192
0,0,8,300,7622,-1152
0,0,8,301,7767,-1168
0,0,8,302,7637,-1108
0,0,8,303,7702,-1109
0,0,8,304,7645,-1108
0,0,8,305,7675,-1109
0,0,8,306,7673,-1091
0,0,8,307,7615,-1072
0,0,8,308,7695,-1062
0,0,8,309,7524,-1020
0,0,8,310,7680,-1041
0,0,8,311,7567,-1010
0,0,8,312,7586,-998
0,0,8,313,7586,-986
0,0,8,314,7523,-922
0,0,8,315,7601,-935
0,0,8,316,7498,-912
0,0,8,317,7602,-909
0,0,8,318,7440,-884
0,0,8,319,7577,-897
0,0,8,320,7464,-881
0,0,8,321,7438,-852
0,0,8,322,7541,-859
0,0,8,323,7431,-831
0,0,8,324,7543,-838
0,0,8,325,7445,-814
0,0,8,326,7493,-809
0,0,8,327,7431,-797
0,0,8,328,7455,-781
0,0,8,329,7417,-752
0,0,8,330,7353,-760
0,0,8,331,7501,-755
0,0,8,332,7325,-689
0,0,8,333,7411,-703
0,0,8,334,7341,-701
0,0,8,335,7402,-678
0,0,8,336,7346,-677
0,0,8,337,7357,-676
0,0,8,338,7412,-648
0,0,8,339,7268,-625
0,0,8,340,7426,-627
0,0,8,341,7290,-601
0,0,8,342,7327,-560
0,0,8,343,7306,-592
0,0,8,344,7299,-568
0,0,8,345,7334,-565
0,0,8,346,7262,-554
0,0,8,347,7388,-536
0,0,8,348,7203,-500
0,0,8,349,7347,-526
0,0,8,350,7236,-478
0,0,8,351,7227,-457
0,0,8,352,7284,-461
0,0,8,353,7205,-437
0,0,8,354,7271,-407
0,0,8,355,7182,-420
0,0,8,356,7260,-394
0,0,8,357,7124,-382
0,0,8,358,7211,-374
0,0,8,359,7171,-383
0,0,8,360,7116,-349
0,0,8,361,7223,-330
0,0,8,362,7057,-260
0,0,8,363,7158,-246
0,0,8,364,7057,-240
0,0,8,365,7113,-234
0,0,8,366,7063,-231
0,0,8,367,7092,-220
0,0,8,368,7093,-208
0,0,8,369,6980,-165
0,0,8,370,7130,-165
0,0,8,371,6943,-136
0,0,8,372,7046,-145
0,0,8,373,6989,-141
0,0,8,374,6982,-107
0,0,8,375,7005,-105
0,0,8,376,6928,-62
0,0,8,377,7002,-71
0,0,8,378,6851,-43
0,0,8,379,6973,-17
0,0,8,380,6817,-40
0,0,8,381,6899,-37
0,0,8,382,6920,-21
0,0,8,383,6838,3
0,0,8,384,6886,38
0,0,8,385,6804,40
0,0,8,386,6881,37
0,0,8,387,6737,64
0,0,8,388,6819,84
0,0,8,389,6720,77
0,0,8,390,6747,90
0,0,8,391,6792,101
0,0,8,392,6625,120
0,0,8,393,6781,119
0,0,8,394,6669,128
0,0,8,395,6697,163
0,0,8,396,6642,157
0,0,8,397,6636,178
0,0,8,398,6621,186
0,0,8,399,6581,190
0,0,8,400,6675,215
0,0,8,401,6504,203
0,0,8,402,6622,226
0,0,8,403,6571,192
0,0,8,404,6588,224
0,0,8,405,6551,235
0,0,8,406,6490,268
0,0,8,407,6544,271
0,0,8,408,6447,279
0,0,8,409,6547,300
0,0,8,410,6367,296
0,0,8,411,6461,315
0,0,8,412,6441,314
0,0,8,413,6384,336
0,0,8,414,6464,333
0,0,8,415,6362,340
0,0,8,416,6451,347
0,0,8,417,6325,353
0,0,8,418,6419,375
0,0,8,419,6309,348
0,0,8,420,6374,364
0,0,8,421,6354,396
0,0,8,422,6264,391
0,0,8,423,6377,411
0,0,8,424,6282,412
0,0,8,425,6335,435
0,0,8,426,6249,425
0,0,8,427,6299,445
0,0,8,428,6268,431
0,0,8,429,6251,451
0,0,8,430,6295,469
0,0,8,431,6150,465
0,0,8,432,6296,484
0,0,8,433,6211,475
0,0,8,434,6237,499
0,0,8,435,6195,496
0,0,8,436,6173,518
0,0,8,437,6197,523
0,0,8,438,6111,544
0,0,8,439,6175,578
0,0,8,440,6051,559
0,0,8,441,6195,584
0,0,8,442,6089,565
0,0,8,443,6069,599
0,0,8,444,6129,591
0,0,8,445,6061,620
0,0,8,446,6117,640
0,0,8,447,6037,624
0,0,8,448,6086,650
0,0,8,449,5996,641
0,0,8,450,6066,664
0,0,8,451,6019,642
0,0,8,452,5967,669
0,0,8,453,6083,665
0,0,8,454,5938,673
0,0,8,455,6038,706
0,0,8,456,5957,693
0,0,8,457,5974,727
0,0,8,458,5961,709
0,0,8,459,5966,729
0,0,8,460,5955,746
0,0,8,461,5882,748
0,0,8,462,5980,787
0,0,8,463,5821,781
0,0,8,464,5894,816
0,0,8,465,5849,805
0,0,8,466,5829,814
0,0,8,467,5865,828
0,0,8,468,5815,835
0,0,8,469,5860,858
0,0,8,470,5780,840
0,0,8,471,5867,890
0,0,8,472,5728,866
0,0,8,473,5795,890
0,0,8,474,5757,906
0,0,8,475,5696,897
0,0,8,476,5781,934
0,0,8,477,5670,937
0,0,8,478,5739,965
0,0,8,479,5675,925
0,0,8,480,5710,966
0,0,8,481,5647,954
0,0,8,482,5650,974
0,0,8,483,5671,975
0,0,8,484,5573,973
0,0,8,485,5712,1012
0,0,8,486,5530,1000
0,0,8,487,5594,1012
0,0,8,488,5550,1018
0,0,8,489,5532,1047
0,0,8,490,5536,1063
0,0,8,491,5522,1050
0,0,8,492,5594,1066
0,0,8,493,5480,1048
0,0,8,494,5554,1091
0,0,8,495,5416,1067
0,0,8,496,5474,1097
0,0,8,497,5431,1090
0,0,8,498,5363,1100
0,0,8,499,5447,1129
0,0,8,500,5371,1114
0,0,8,501,5455,1148
0,0,8,502,5368,1126
0,0,8,503,5404,1138
0,0,8,504,5362,1141
0,0,8,505,5311,1164
0,0,8,506,5347,1168
0,0,8,507,5300,1160
0,0,8,508,5357,1198
0,0,8,509,5237,1167
0,0,8,510,5323,1235
0,0,8,511,5216,1190
0,0,9,0,7026,-4792
0,0,9,1,7124,-4882
0,0,9,2,7013,-4772
0,0,9,3,7106,-4831
0,0,9,4,7040,-4760
0,0,9,5,7116,-4802
0,0,9,6,7062,-4742
0,0,9,7,7107,-4772
0,0,9,8,7122,-4766
0,0,9,9,7040,-4694
0,0,9,10,7183,-4789
0,0,9,11,7062,-4663
0,0,9,12,7159,-4731
0,0,9,13,7097,-4678
0,0,9,14,7140,-4686
0,0,9,15,7129,-4658
0,0,9,16,7111,-4644
0,0,9,17,7188,-4691
0,0,9,18,7062,-4585
0,0,9,19,7208,-4674
0,0,9,20,7134,-4562
0,0,9,21,7172,-4588
0,0,9,22,7169,-4590
0,0,9,23,7149,-4552
0,0,9,24,7223,-4600
0,0,9,25,7148,-4549
0,0,9,26,7240,-4609
0,0,9,27,7113,-4496
0,0,9,28,7240,-4593
0,0,9,29,7136,-4497
0,0,9,30,7155,-4501
0,0,9,31,7235,-4530
0,0,9,32,7157,-4481
0,0,9,33,7258,-4530
0,0,9,34,7166,-4466
0,0,9,35,7247,-4510
0,0,9,36,7148,-4435
0,0,9,37,7240,-4504
0,0,9,38,7202,-4458
0,0,9,39,7174,-4427
0,0,9,40,7287,-4484
0,0,9,41,7147,-4388
0,0,9,42,7260,-4470
0,0,9,43,7187,-4413
0,0,9,44,7252,-4447
0,0,9,45,7217,-4412
0,0,9,46,7232,-4410
0,0,9,47,7258,-4406
0,0,9,48,7211,-4368
0,0,9,49,7312,-4436
0,0,9,50,7164,-4341
0,0,9,51,7307,-4448
0,0,9,52,7212,-4359
0,0,9,53,7235,-4355
0,0,9,54,7300,-4383
0,0,9,55,7248,-4349
0,0,9,56,7332,-4391
0,0,9,57,7239,-4330
0,0,9,58,7333,-4407
0,0,9,59,7244,-4315
0,0,9,60,7339,-4370
0,0,9,61,7270,-4314
0,0,9,62,7278,-4300
0,0,9,63,7386,-4375
0,0,9,64,7242,-4274
0,0,9,65,7374,-4353
0,0,9,66,7299,-4287
0,0,9,67,7369,-4310
0,0,9,68,7332,-4290
0,0,9,69,7347,-4273
0,0,9,70,7390,-4293
0,0,9,71,7321,-4256
0,0,9,72,7454,-4321
0,0,9,73,7312,-4224
0,0,9,74,7444,-4316
0,0,9,75,7345,-4232
0,0,9,76,7364,-4248
0,0,9,77,7428,-4271
0,0,9,78,7396,-4242
0,0,9,79,7495,-4280
0,0,9,80,7407,-4213
0,0,9,81,7502,-4277
0,0,9,82,7414,-4190
0,0,9,83,7503,-4256
0,0,9,84,7455,-4206
0,0,9,85,7432,-4195
0,0,9,86,7564,-4250
0,0,9,87,7448,-4145
0,0,9,88,7572,-4225
0,0,9,89,7491,-4177
0,0,9,90,7542,-4202
0,0,9,91,7513,-4166
0,0,9,92,7566,-4161
0,0,9,93,7590,-4167
0,0,9,94,7529,-4128
0,0,9,95,7634,-4187
0,0,9,96,7508,-4076
0,0,9,97,7631,-4155
0,0,9,98,7581,-4122
0,0,9,99,7601,-4103
0,0,9,100,7639,-4119
0,0,9,101,7610,-4070
0,0,9,102,7700,-4113
0,0,9,103,7608,-4045
0,0,9,104,7725,-4108
0,0,9,105,7634,-4013
0,0,9,106,7708,-4100
0,0,9,107,7650,-4055
0,0,9,108,7637,-4021
0,0,9,109,7767,-4072
0,0,9,110,7680,-3999
0,0,9,111,7777,-4053
0,0,9,112,7705,-3989
0,0,9,113,7783,-4009
0,0,9,114,7748,-3966
0,0,9,115,7790,-3976
0,0,9,116,7798,-3970
0,0,9,117,7740,-3896
0,0,9,118,7915,-3992
0,0,9,119,7738,-3886
0,0,9,120,7857,-3937
0,0,9,121,7810,-3911
0,0,9,122,7842,-3899
0,0,9,123,7856,-3893
0,0,9,124,7835,-3874
0,0,9,125,7914,-3893
0,0,9,126,7817,-3800
0,0,9,127,7961,-3908
0,0,9,128,7811,-3790
0,0,9,129,7894,-3848
0,0,9,130,7902,-3841
0,0,9,131,7864,-3764
0,0,9,132,7969,-3815
0,0,9,133,7902,-3749
0,0,9,134,7970,-3802
0,0,9,135,7894,-3723
0,0,9,136,8011,-3743
0,0,9,137,7929,-3699
0,0,9,138,7980,-3722
0,0,9,139,8004,-3711
0,0,9,140,7919,-3622
0,0,9,141,8052,-3707
0,0,9,142,7977,-3623
0,0,9,143,8070,-3659
0,0,9,144,7995,-3638
0,0,9,145,8017,-3620
0,0,9,146,8030,-3581
0,0,9,147,7998,-3560
0,0,9,148,8088,-3600
0,0,9,149,7951,-3509
0,0,9,150,8117,-3598
0,0,9,151,8019,-3533
0,0,9,152,8062,-3537
0,0,9,153,8065,-3533
0,0,9,154,8045,-3481
0,0,9,155,8133,-3500
0,0,9,156,8057,-3430
0,0,9,157,8154,-3497
0,0,9,158,8037,-3374
0,0,9,159,8159,-3481
0,0,9,160,8060,-3359
0,0,9,161,8072,-3343
0,0,9,162,8154,-3399
0,0,9,163,8111,-3355
0,0,9,164,8204,-3390
0,0,9,165,8099,-3301
0,0,9,166,8173,-3338
0,0,9,167,8074,-3274
0,0,9,168,8168,-3328
0,0,9,169,8135,-3233
0,0,9,170,8110,-3187
0,0,9,171,8249,-3274
0,0,9,172,8118,-3159
0,0,9,173,8233,-3232
0,0,9,174,8143,-3198
0,0,9,175,8184,-3198
0,0,9,176,8163,-3156
0,0,9,177,8171,-3134
0,0,9,178,8204,-3143
0,0,9,179,8134,-3076
0,0,9,180,8271,-3117
0,0,9,181,8106,-2998
0,0,9,182,8220,-3068
0,0,9,183,8172,-3042
0,0,9,184,8178,-2999
0,0,9,185,8231,-3036
0,0,9,186,8170,-2982
0,0,9,187,8262,-3040
0,0,9,188,8150,-2959
0,0,9,189,8276,-2989
0,0,9,190,8135,-2897
0,0,9,191,8209,-2920
0,0,9,192,8225,-2913
0,0,9,193,8142,-2833
0,0,9,194,8282,-2904
0,0,9,195,8169,-2813
0,0,9,196,8271,-2823
0,0,9,197,8170,-2765
0,0,9,198,8239,-2784
0,0,9,199,8170,-2731
0,0,9,200,8186,-2725
0,0,9,201,8251,-2730
0,0,9,202,8136,-2656
0,0,9,203,8303,-2716
0,0,9,204,8117,-2632
0,0,9,205,8214,-2648
0,0,9,206,8179,-2656
0,0,9,207,8174,-2607
0,0,9,208,8210,-2618
0,0,9,209,8160,-2588
0,0,9,210,8247,-2594
0,0,9,211,8108,-2515
0,0,9,212,8268,-2566
0,0,9,213,8104,-2503
0,0,9,214,8149,-2495
0,0,9,215,8202,-2498
0,0,9,216,8129,-2444
0,0,9,217,8240,-2492
0,0,9,218,8125,-2424
0,0,9,219,8220,-2444
0,0,9,220,8079,-2373
0,0,9,221,8177,-2387
0,0,9,222,8083,-2333
0,0,9,223,8086,-2314
0,0,9,224,8189,-2342
0,0,9,225,8050,-2266
0,0,9,226,8190,-2309
0,0,9,227,8072,-2273
0,0,9,228,8134,-2286
0,0,9,229,8064,-2245
0,0,9,230,8104,-2249
0,0,9,231,8102,-2221
0,0,9,232,8034,-2199
0,0,9,233,8189,-2247
0,0,9,234,7984,-2169
0,0,9,235,8130,-2183
0,0,9,236,8032,-2134
0,0,9,237,8035,-2134
0,0,9,238,8089,-2134
0,0,9,239,8030,-2079
0,0,9,240,8105,-2110
0,0,9,241,7998,-2067
0,0,9,242,8119,-2088
0,0,9,243,7966,-2020
0,0,9,244,8076,-2040
0,0,9,245,7987,-2009
0,0,9,246,7964,-1982
0,0,9,247,8093,-2021
0,0,9,248,7976,-1965
0,0,9,249,8059,-1980
0,0,9,250,7956,-1925
0,0,9,251,8033,-1923
0,0,9,252,7971,-1902
0,0,9,253,8001,-1908
0,0,9,254,7998,-1879
0,0,9,255,7908,-1834
0,0,9,256,8080,-1875
0,0,9,257,7883,-1792
0,0,9,258,8022,-1826
0,0,9,259,7936,-1775
0,0,9,260,7961,-1771
0,0,9,261,7978,-1788
0,0,9,262,7930,-1740
0,0,9,263,8014,-1761
0,0,9,264,7875,-1722
0,0,9,265,8030,-1763
0,0,9,266,7827,-1649
0,0,9,267,7935,-1679
0,0,9,268,7925,-1656
0,0,9,269,7854,-1614
0,0,9,270,7975,-1640
0,0,9,271,7874,-1591
0,0,9,272,7973,-1626
0,0,9,273,7871,-1608
0,0,9,274,7954,-1609
0,0,9,275,7857,-1568
0,0,9,276,7886,-1537
0,0,9,277,7911,-1526
0,0,9,278,7790,-1476
0,0,9,279,7938,-1504
0,0,9,280,7826,-1473
0,0,9,281,7903,-1464
0,0,9,282,7832,-1448
0,0,9,283,7864,-1437
0,0,9,284,7836,-1412
0,0,9,285,7803,-1391
0,0,9,286,7891,-1388
0,0,9,287,7710,-1336
0,0,9,288,7872,-1386
0,0,9,289,7740,-1305
0,0,9,290,7776,-1295
0,0,9,291,7782,-1311
0,0,9,292,7737,-1274
0,0,9,293,7809,-1276
0,0,9,294,7708,-1239
0,0,9,295,7815,-1243
0,0,9,296,7677,-1223
0,0,9,297,7810,-1247
0,0,9,298,7704,-1195
0,0,9,299,7657,-1155
0,0,9,300,7756,-1198
0,0,9,301,7667,-1130
0,0,9,302,7760,-1146
0,0,9,303,7658,-1125
0,0,9,304,7710,-1107
0,0,9,305,7592,-1062
0,0,9,306,7654,-1054
0,0,9,307,7634,-1060
0,0,9,308,7548,-1036
0,0,9,309,7708,-1066
0,0,9,310,7538,-991
0,0,9,311,7654,-1009
0,0,9,312,7540,-981
0,0,9,313,7582,-970
0,0,9,314,7526,-946
0,0,9,315,7538,-931
0,0,9,316,7594,-938
0,0,9,317,7452,-902
0,0,9,318,7645,-932
0,0,9,319,7453,-893
0,0,9,320,7527,-884
0,0,9,321,7490,-885
0,0,9,322,7483,-854
0,0,9,323,7490,-837
0,0,9,324,7428,-812
0,0,9,325,7484,-797
0,0,9,326,7358,-773
0,0,9,327,7505,-782
0,0,9,328,7358,-777
0,0,9,329,7405,-769
0,0,9,330,7445,-761
0,0,9,331,7384,-733
0,0,9,332,7457,-717
0,0,9,333,7362,-714
0,0,9,334,7429,-702
0,0,9,335,7309,-676
0,0,9,336,7410,-671
0,0,9,337,7326,-651
0,0,9,338,7292,-627
0,0,9,339,7399,-643
0,0,9,340,7295,-618
0,0,9,341,7404,-615
0,0,9,342,7285,-596
0,0,9,343,7336,-569
0,0,9,344,7258,-557
0,0,9,345,7309,-553
0,0,9,346,7296,-525
0,0,9,347,7249,-521
0,0,9,348,7366,-503
0,0,9,349,7173,-499
0,0,9,350,7302,-493
0,0,9,351,7247,-497
0,0,9,352,7254,-461
0,0,9,353,7248,-457
0,0,9,354,7209,-419
0,0,9,355,7232,-393
0,0,9,356,7128,-377
0,0,9,357,7261,-365
0,0,9,358,7064,-323
0,0,9,359,7152,-309
0,0,9,360,7133,-322
0,0,9,361,7100,-292
0,0,9,362,7174,-302
0,0,9,363,7100,-288
0,0,9,364,7179,-274
0,0,9,365,7053,-261
0,0,9,366,7164,-251
0,0,9,367,7039,-235
0,0,9,368,7062,-223
0,0,9,369,7096,-202
0,0,9,370,6960,-169
0,0,9,371,7108,-186
0,0,9,372,6960,-128
0,0,9,373,7023,-111
0,0,9,374,6946,-111
0,0,9,375,6972,-79
0,0,9,376,6953,-89
0,0,9,377,6931,-79
0,0,9,378,6993,-62
0,0,9,379,6817,-37
0,0,9,380,6971,-23
0,0,9,381,6832,0
0,0,9,382,6877,-5
0,0,9,383,6883,-8
0,0,9,384,6811,30
0,0,9,385,6862,44
0,0,9,386,6800,30
0,0,9,387,6891,52
0,0,9,388,6723,68
0,0,9,389,6866,74
0,0,9,390,6694,100
0,0,9,391,6694,103
0,0,9,392,6755,116
0,0,9,393,6665,151
0,0,9,394,6731,163
0,0,9,395,6609,165
0,0,9,396,6652,191
0,0,9,397,6578,180
0,0,9,398,6650,181
0,0,9,399,6587,194
0,0,9,400,6522,198
0,0,9,401,6657,219
0,0,9,402,6501,221
0,0,9,403,6613,245
0,0,9,404,6512,243
0,0,9,405,6527,251
0,0,9,406,6519,237
0,0,9,407,6529,261
0,0,9,408,6550,251
0,0,9,409,6457,263
0,0,9,410,6545,305
0,0,9,411,6378,293
0,0,9,412,6492,299
0,0,9,413,6455,293
0,0,9,414,6410,324
0,0,9,415,6438,333
0,0,9,416,6379,351
0,0,9,417,6450,352
0,0,9,418,6344,353
0,0,9,419,6465,360
0,0,9,420,6302,356
0,0,9,421,6358,370
0,0,9,422,6362,381
0,0,9,423,6291,393
0,0,9,424,6370,416
0,0,9,425,6246,431
0,0,9,426,6314,437
0,0,9,427,6231,437
0,0,9,428,6298,471
0,0,9,429,6216,460
0,0,9,430,6216,473
0,0,9,431,6288,480
0,0,9,432,6145,481
0,0,9,433,6262,510
0,0,9,434,6171,505
0,0,9,435,6207,537
0,0,9,436,6154,518
0,0,9,437,6162,543
0,0,9,438,6168,532
0,0,9,439,6136,541
0,0,9,440,6228,557
0,0,9,441,6067,551
0,0,9,442,6158,586
0,0,9,443,6091,575
0,0,9,444,6130,588
0,0,9,445,6090,606
0,0,9,446,6056,617
0,0,9,447,6110,629
0,0,9,448,6022,622
0,0,9,449,6124,648
0,0,9,450,5973,637
0,0,9,451,6055,658
0,0,9,452,6003,676
0,0,9,453,5972,673
0,0,9,454,6018,696
0,0,9,455,5951,702
0,0,9,456,6027,712
0,0,9,457,5913,717
0,0,9,458,5976,753
0,0,9,459,5887,739
0,0,9,460,5940,760
0,0,9,461,5935,755
0,0,9,462,5840,762
0,0,9,463,5948,796
0,0,9,464,5859,774
0,0,9,465,5923,798
0,0,9,466,5819,806
0,0,9,467,5855,818
0,0,9,468,5813,825
0,0,9,469,5794,841
0,0,9,470,5874,846
0,0,9,471,5726,846
0,0,9,472,5843,881
0,0,9,473,5720,883
0,0,9,474,5775,894
0,0,9,475,5743,897
0,0,9,476,5689,927
0,0,9,477,5747,931
0,0,9,478,5670,937
0,0,9,479,5743,966
0,0,9,480,5591,944
0,0,9,481,5714,977
0,0,9,482,5610,959
0,0,9,483,5594,974
0,0,9,484,5658,981
0,0,9,485,5605,988
0,0,9,486,5643,1017
0,0,9,487,5553,1003
0,0,9,488,5627,1027
0,0,9,489,5508,1022
0,0,9,490,5563,1059
0,0,9,491,5504,1045
0,0,9,492,5463,1051
0,0,9,493,5594,1072
0,0,9,494,5438,1064
0,0,9,495,5528,1098
0,0,9,496,5455,1077
0,0,9,497,5458,1099
0,0,9,498,5408,1096
0,0,9,499,5416,1113
0,0,9,500,5432,1122
0,0,9,501,5347,1114
0,0,9,502,5454,1152
0,0,9,503,5310,1117
0,0,9,504,5356,1169
0,0,9,505,5331,1146
0,0,9,506,5322,1154
0,0,9,507,5327,1173
0,0,9,508,5279,1178
0,0,9,509,5318,1203
0,0,9,510,5236,1171
0,0,9,511,5318,1215
0,0,10,0,7077,-4827
0,0,10,1,7019,-4782
0,0,10,2,7089,-4825
0,0,10,3,7003,-4742
0,0,10,4,7102,-4836
0,0,10,5,7015,-4732
0,0,10,6,7049,-4737
0,0,10,7,7113,-4772
0,0,10,8,7068,-4685
0,0,10,9,7169,-4757
0,0,10,10,7072,-4675
0,0,10,11,7133,-4726
0,0,10,12,7087,-4667
0,0,10,13,7133,-4687
0,0,10,14,7128,-4667
0,0,10,15,7115,-4633
0,0,10,16,7175,-4690
0,0,10,17,7076,-4575
0,0,10,18,7222,-4676
0,0,10,19,7087,-4545
0,0,10,20,7163,-4614
0,0,10,21,7155,-4585
0,0,10,22,7111,-4543
0,0,10,23,7201,-4600
0,0,10,24,7127,-4538
0,0,10,25,7204,-4566
0,0,10,26,7104,-4502
0,0,10,27,7215,-4558
0,0,10,28,7128,-4470
0,0,10,29,7176,-4516
0,0,10,30,7190,-4518
0,0,10,31,7106,-4451
0,0,10,32,7228,-4528
0,0,10,33,7158,-4454
0,0,10,34,7236,-4514
0,0,10,35,7153,-4451
0,0,10,36,7207,-4468
0,0,10,37,7170,-4454
0,0,10,38,7181,-4443
0,0,10,39,7227,-4462
0,0,10,40,7128,-4383
0,0,10,41,7290,-4504
0,0,10,42,7170,-4387
0,0,10,43,7233,-4425
0,0,10,44,7205,-4404
0,0,10,45,7207,-4392
0,0,10,46,7250,-4414
0,0,10,47,7186,-4372
0,0,10,48,7284,-4437
0,0,10,49,7165,-4330
0,0,10,50,7305,-4434
0,0,10,51,7181,-4341
0,0,10,52,7235,-4362
0,0,10,53,7278,-4392
0,0,10,54,7201,-4319
0,0,10,55,7306,-4399
0,0,10,56,7227,-4328
0,0,10,57,7302,-4394
0,0,10,58,7233,-4324
0,0,10,59,7312,-4369
0,0,10,60,7288,-4322
0,0,10,61,7275,-4316
0,0,10,62,7340,-4346
0,0,10,63,7221,-4268
0,0,10,64,7380,-4366
0,0,10,65,7281,-4283
0,0,10,66,7346,-4318
0,0,10,67,7328,-4302
0,0,10,68,7334,-4283
0,0,10,69,7370,-4293
0,0,10,70,7316,-4255
0,0,10,71,7407,-4309
0,0,10,72,7306,-4223
0,0,10,73,7440,-4307
0,0,10,74,7323,-4229
0,0,10,75,7364,-4243
0,0,10,76,7418,-4264
0,0,10,77,7367,-4218
0,0,10,78,7439,-4278
0,0,10,79,7353,-4230
0,0,10,80,7443,-4279
0,0,10,81,7383,-4179
0,0,10,82,7492,-4239
0,0,10,83,7425,-4188
0,0,10,84,7430,-4183
0,0,10,85,7542,-4230
0,0,10,86,7405,-4141
0,0,10,87,7537,-4227
0,0,10,88,7455,-4160
0,0,10,89,7517,-4193
0,0,10,90,7501,-4165
0,0,10,91,7517,-4153
0,0,10,92,7557,-4167
0,0,10,93,7503,-4123
0,0,10,94,7629,-4194
0,0,10,95,7495,-4084
0,0,10,96,7608,-4184
0,0,10,97,7540,-4114
0,0,10,98,7541,-4100
0,0,10,99,7601,-4131
0,0,10,100,7581,-4105
0,0,10,101,7643,-4151
0,0,10,102,7586,-4055
0,0,10,103,7692,-4123
0,0,10,104,7589,-4037
0,0,10,105,7684,-4102
0,0,10,106,7651,-4037
0,0,10,107,7634,-3989
0,0,10,108,7734,-4066
0,0,10,109,7669,-3998
0,0,10,110,7759,-4058
0,0,10,111,7694,-3987
0,0,10,112,7751,-4013
0,0,10,113,7725,-3971
0,0,10,114,7761,-3997
0,0,10,115,7786,-3993
0,0,10,116,7709,-3938
0,0,10,117,7869,-4004
0,0,10,118,7710,-3899
0,0,10,119,7811,-3973
0,0,10,120,7777,-3919
0,0,10,121,7829,-3917
0,0,10,122,7834,-3888
0,0,10,123,7821,-3872
0,0,10,124,7904,-3897
0,0,10,125,7816,-3831
0,0,10,126,7954,-3873
0,0,10,127,7812,-3767
0,0,10,128,7902,-3833
0,0,10,129,7902,-3825
0,0,10,130,7856,-3771
0,0,10,131,7958,-3818
0,0,10,132,7899,-3771
0,0,10,133,7991,-3792
0,0,10,134,7877,-3734
0,0,10,135,7988,-3781
0,0,10,136,7890,-3703
0,0,10,137,7947,-3726
0,0,10,138,8000,-3733
0,0,10,139,7899,-3642
0,0,10,140,8032,-3717
0,0,10,141,7946,-3647
0,0,10,142,8039,-3681
0,0,10,143,7971,-3623
0,0,10,144,8017,-3619
0,0,10,145,8019,-3610
0,0,10,146,7979,-3590
0,0,10,147,8071,-3635
0,0,10,148,7966,-3543
0,0,10,149,8138,-3613
0,0,10,150,7991,-3516
0,0,10,151,8053,-3519
0,0,10,152,8051,-3522
0,0,10,153,8050,-3478
0,0,10,154,8125,-3512
0,0,10,155,8044,-3476
0,0,10,156,8136,-3513
0,0,10,157,8012,-3449
0,0,10,158,8135,-3488
0,0,10,159,8050,-3395
0,0,10,160,8075,-3371
0,0,10,161,8166,-3415
0,0,10,162,8084,-3327
0,0,10,163,8204,-3364
0,0,10,164,8092,-3292
0,0,10,165,8172,-3338
0,0,10,166,8099,-3297
0,0,10,167,8166,-3310
0,0,10,168,8132,-3279
0,0,10,169,8106,-3238
0,0,10,170,8236,-3283
0,0,10,171,8073,-3165
0,0,10,172,8212,-3239
0,0,10,173,8122,-3195
0,0,10,174,8190,-3181
0,0,10,175,8155,-3158
0,0,10,176,8169,-3136
0,0,10,177,8214,-3166
0,0,10,178,8128,-3117
0,0,10,179,8267,-3128
0,0,10,180,8091,-3016
0,0,10,181,8205,-3050
0,0,10,182,8180,-3042
0,0,10,183,8185,-3013
0,0,10,184,8210,-3021
0,0,10,185,8171,-2991
0,0,10,186,8250,-3000
0,0,10,187,8125,-2935
0,0,10,188,8275,-2992
0,0,10,189,8108,-2882
0,0,10,190,8217,-2906
0,0,10,191,8219,-2889
0,0,10,192,8139,-2839
0,0,10,193,8262,-2895
0,0,10,194,8164,-2837
0,0,10,195,8277,-2863
0,0,10,196,8158,-2788
0,0,10,197,8267,-2824
0,0,10,198,8164,-2777
0,0,10,199,8213,-2767
0,0,10,200,8256,-2762
0,0,10,201,8117,-2663
0,0,10,202,8284,-2768
0,0,10,203,8160,-2652
0,0,10,204,8240,-2677
0,0,10,205,8167,-2623
0,0,10,206,8177,-2627
0,0,10,207,8179,-2593
0,0,10,208,8134,-2556
0,0,10,209,8243,-2595
0,0,10,210,8092,-2500
0,0,10,211,8268,-2589
0,0,10,212,8110,-2493
0,0,10,213,8170,-2484
0,0,10,214,8176,-2516
0,0,10,215,8113,-2439
0,0,10,216,8210,-2461
0,0,10,217,8105,-2435
0,0,10,218,8220,-2458
0,0,10,219,8074,-2390
0,0,10,220,8195,-2414
0,0,10,221,8086,-2363
0,0,10,222,8066,-2331
0,0,10,223,8192,-2361
0,0,10,224,8060,-2313
0,0,10,225,8189,-2345
0,0,10,226,8053,-2258
0,0,10,227,8131,-2287
0,0,10,228,8042,-2240
0,0,10,229,8106,-2257
0,0,10,230,8099,-2250
0,0,10,231,8024,-2207
0,0,10,232,8164,-2242
0,0,10,233,7976,-2163
0,0,10,234,8112,-2206
0,0,10,235,8030,-2161
0,0,10,236,8063,-2152
0,0,10,237,8048,-2120
0,0,10,238,8033,-2118
0,0,10,239,8064,-2124
0,0,10,240,7956,-2056
0,0,10,241,8127,-2108
0,0,10,242,7943,-2032
0,0,10,243,8038,-2039
0,0,10,244,8006,-2026
0,0,10,245,7990,-2000
0,0,10,246,8040,-1997
0,0,10,247,7965,-1942
0,0,10,248,8047,-1983
0,0,10,249,7932,-1949
0,0,10,250,8060,-1963
0,0,10,251,7926,-1914
0,0,10,252,7996,-1937
0,0,10,253,8020,-1907
0,0,10,254,7907,-1853
0,0,10,255,8049,-1890
0,0,10,256,7946,-1836
0,0,10,257,8021,-1851
0,0,10,258,7908,-1795
0,0,10,259,7985,-1781
0,0,10,260,7925,-1762
0,0,10,261,7933,-1767
0,0,10,262,7996,-1772
0,0,10,263,7836,-1708
0,0,10,264,7997,-1731
0,0,10,265,7892,-1695
0,0,10,266,7963,-1721
0,0,10,267,7915,-1720
0,0,10,268,7903,-1682
0,0,10,269,7947,-1684
0,0,10,270,7880,-1626
0,0,10,271,7978,-1654
0,0,10,272,7800,-1564
0,0,10,273,7940,-1604
0,0,10,274,7859,-1558
0,0,10,275,7852,-1525
0,0,10,276,7904,-1550
0,0,10,277,7839,-1525
0,0,10,278,7933,-1541
0,0,10,279,7807,-1488
0,0,10,280,7917,-1488
0,0,10,281,7743,-1415
0,0,10,282,7861,-1450
0,0,10,283,7801,-1407
0,0,10,284,7741,-1373
0,0,10,285,7882,-1403
0,0,10,286,7772,-1375
0,0,10,287,7856,-1355
0,0,10,288,7738,-1318
0,0,10,289,7803,-1327
0,0,10,290,7734,-1311
0,0,10,291,7786,-1312
0,0,10,292,7812,-1341
0,0,10,293,7672,-1267
0,0,10,294,7840,-1288
0,0,10,295,7682,-1220
0,0,10,296,7753,-1220
0,0,10,297,7705,-1223
0,0,10,298,7682,-1181
0,0,10,299,7706,-1168
0,0,10,300,7648,-1150
0,0,10,301,7731,-1146
0,0,10,302,7600,-1115
0,0,10,303,7754,-1118
0,0,10,304,7567,-1089
0,0,10,305,7615,-1059
0,0,10,306,7646,-1076
0,0,10,307,7584,-1034
0,0,10,308,7664,-1028
0,0,10,309,7548,-988
0,0,10,310,7646,-998
0,0,10,311,7520,-979
0,0,10,312,7635,-991
0,0,10,313,7517,-970
0,0,10,314,7527,-953
0,0,10,315,7617,-970
0,0,10,316,7466,-917
0,0,10,317,7568,-908
0,0,10,318,7464,-905
0,0,10,319,7547,-903
0,0,10,320,7460,-886
0,0,10,321,7533,-895
0,0,10,322,7498,-879
0,0,10,323,7425,-835
0,0,10,324,7534,-830
0,0,10,325,7359,-803
0,0,10,326,7508,-822
0,0,10,327,7403,-777
0,0,10,328,7417,-769
0,0,10,329,7421,-776
0,0,10,330,7381,-744
0,0,10,331,7437,-747
0,0,10,332,7337,-717
0,0,10,333,7459,-715
0,0,10,334,7307,-689
0,0,10,335,7409,-696
0,0,10,336,7316,-661
0,0,10,337,7305,-653
0,0,10,338,7387,-662
0,0,10,339,7301,-622
0,0,10,340,7387,-622
0,0,10,341,7279,-602
0,0,10,342,7355,-583
0,0,10,343,7247,-583
0,0,10,344,7307,-553
0,0,10,345,7283,-536
0,0,10,346,7207,-526
0,0,10,347,7355,-545
0,0,10,348,7230,-503
0,0,10,349,7312,-500
0,0,10,350,7221,-481
0,0,10,351,7254,-466
0,0,10,352,7219,-441
0,0,10,353,7222,-444
0,0,10,354,7251,-430
0,0,10,355,7137,-399
0,0,10,356,7273,-394
0,0,10,357,7092,-366
0,0,10,358,7185,-365
0,0,10,359,7160,-362
0,0,10,360,7150,-342
0,0,10,361,7182,-321
0,0,10,362,7122,-320
0,0,10,363,7174,-291
0,0,10,364,7033,-256
0,0,10,365,7149,-236
0,0,10,366,7012,-233
0,0,10,367,7058,-215
0,0,10,368,7108,-219
0,0,10,369,7000,-198
0,0,10,370,7113,-203
0,0,10,371,6978,-155
0,0,10,372,7057,-156
0,0,10,373,6925,-119
0,0,10,374,6996,-113
0,0,10,375,6926,-100
0,0,10,376,6931,-101
0,0,10,377,7004,-89
0,0,10,378,6818,-55
0,0,10,379,6939,-22
0,0,10,380,6825,-7
0,0,10,381,6890,-1
0,0,10,382,6832,3
0,0,10,383,6796,24
0,0,10,384,6840,24
0,0,10,385,6792,21
0,0,10,386,6879,46
0,0,10,387,6695,60
0,0,10,388,6829,70
0,0,10,389,6702,97
0,0,10,390,6699,106
0,0,10,391,6745,106
0,0,10,392,6669,127
0,0,10,393,6737,142
0,0,10,394,6648,118
0,0,10,395,6734,161
0,0,10,396,6581,164
0,0,10,397,6688,167
0,0,10,398,6592,196
0,0,10,399,6539,198
0,0,10,400,6651,206
0,0,10,401,6540,200
0,0,10,402,6603,231
0,0,10,403,6493,235
0,0,10,404,6563,244
0,0,10,405,6477,243
0,0,10,406,6528,250
0,0,10,407,6532,257
0,0,10,408,6458,255
0,0,10,409,6624,260
0,0,10,410,6446,258
0,0,10,411,6503,291
0,0,10,412,6446,289
0,0,10,413,6437,320
0,0,10,414,6432,323
0,0,10,415,6376,340
0,0,10,416,6442,349
0,0,10,417,6324,348
0,0,10,418,6447,372
0,0,10,419,6289,359
0,0,10,420,6342,388
0,0,10,421,6364,381
0,0,10,422,6287,381
0,0,10,423,6380,402
0,0,10,424,6267,423
0,0,10,425,6341,435
0,0,10,426,6250,412
0,0,10,427,6329,440
0,0,10,428,6222,444
0,0,10,429,6247,458
0,0,10,430,6273,481
0,0,10,431,6141,484
0,0,10,432,6257,513
0,0,10,433,6164,500
0,0,10,434,6208,528
0,0,10,435,6151,511
0,0,10,436,6176,523
0,0,10,437,6175,527
0,0,10,438,6129,535
0,0,10,439,6222,548
0,0,10,440,6070,540
0,0,10,441,6225,550
0,0,10,442,6083,548
0,0,10,443,6092,572
0,0,10,444,6116,583
0,0,10,445,6074,595
0,0,10,446,6132,605
0,0,10,447,6060,601
0,0,10,448,6096,640
0,0,10,449,5968,635
0,0,10,450,6081,663
0,0,10,451,5992,636
0,0,10,452,5930,682
0,0,10,453,6029,687
0,0,10,454,5975,679
0,0,10,455,6032,704
0,0,10,456,5940,701
0,0,10,457,5980,729
0,0,10,458,5890,722
0,0,10,459,5952,743
0,0,10,460,5931,741
0,0,10,461,5847,753
0,0,10,462,5949,791
0,0,10,463,5834,796
0,0,10,464,5906,806
0,0,10,465,5833,797
0,0,10,466,5853,808
0,0,10,467,5821,813
0,0,10,468,5837,825
0,0,10,469,5867,840
0,0,10,470,5750,841
0,0,10,471,5894,862
0,0,10,472,5731,855
0,0,10,473,5774,871
0,0,10,474,5789,864
0,0,10,475,5727,893
0,0,10,476,5766,911
0,0,10,477,5671,928
0,0,10,478,5763,926
0,0,10,479,5629,930
0,0,10,480,5737,976
0,0,10,481,5617,941
0,0,10,482,5621,975
0,0,10,483,5649,1000
0,0,10,484,5537,991
0,0,10,485,5648,1023
0,0,10,486,5560,996
0,0,10,487,5601,1038
0,0,10,488,5533,1008
0,0,10,489,5557,1041
0,0,10,490,5528,1033
0,0,10,491,5489,1046
0,0,10,492,5587,1057
0,0,10,493,5440,1036
0,0,10,494,5559,1081
0,0,10,495,5472,1047
0,0,10,496,5497,1077
0,0,10,497,5440,1087
0,0,10,498,5409,1109
0,0,10,499,5442,1126
0,0,10,500,5378,1121
0,0,10,501,5454,1144
0,0,10,502,5309,1109
0,0,10,503,5388,1154
0,0,10,504,5352,1143
0,0,10,505,5328,1147
0,0,10,506,5366,1166
0,0,10,507,5291,1159
0,0,10,508,5338,1186
0,0,10,509,5233,1177
0,0,10,510,5326,1205
0,0,10,511,5216,1176
0,0,11,0,6970,-4755
0,0,11,1,7069,-4819
0,0,11,2,7024,-4790
0,0,11,3,7087,-4810
0,0,11,4,7080,-4784
0,0,11,5,7064,-4765
0,0,11,6,7106,-4795
0,0,11,7,6999,-4675
0,0,11,8,7141,-4779
0,0,11,9,7062,-4698
0,0,11,10,7101,-4747
0,0,11,11,7088,-4734
0,0,11,12,7084,-4699
0,0,11,13,7135,-4707
0,0,11,14,7088,-4658
0,0,11,15,7183,-4717
0,0,11,16,7054,-4586
0,0,11,17,7180,-4689
0,0,11,18,7102,-4594
0,0,11,19,7106,-4577
0,0,11,20,7166,-4606
0,0,11,21,7132,-4554
0,0,11,22,7199,-4613
0,0,11,23,7111,-4548
0,0,11,24,7216,-4629
0,0,11,25,7096,-4511
0,0,11,26,7191,-4577
0,0,11,27,7158,-4540
0,0,11,28,7113,-4480
0,0,11,29,7220,-4560
0,0,11,30,7126,-4476
0,0,11,31,7218,-4553
0,0,11,32,7130,-4483
0,0,11,33,7206,-4517
0,0,11,34,7148,-4468
0,0,11,35,7181,-4487
0,0,11,36,7210,-4478
0,0,11,37,7143,-4415
0,0,11,38,7288,-4521
0,0,11,39,7119,-4396
0,0,11,40,7230,-4466
0,0,11,41,7176,-4419
0,0,11,42,7200,-4423
0,0,11,43,7218,-4424
0,0,11,44,7193,-4394
0,0,11,45,7248,-4427
0,0,11,46,7156,-4366
0,0,11,47,7289,-4450
0,0,11,48,7150,-4352
0,0,11,49,7266,-4428
0,0,11,50,7224,-4367
0,0,11,51,7190,-4337
0,0,11,52,7278,-4408
0,0,11,53,7209,-4339
0,0,11,54,7305,-4410
0,0,11,55,7212,-4333
0,0,11,56,7292,-4376
0,0,11,57,7235,-4331
0,0,11,58,7301,-4349
0,0,11,59,7278,-4347
0,0,11,60,7231,-4301
0,0,11,61,7372,-4385
0,0,11,62,7227,-4273
0,0,11,63,7341,-4346
0,0,11,64,7284,-4300
0,0,11,65,7306,-4317
0,0,11,66,7317,-4339
0,0,11,67,7300,-4294
0,0,11,68,7380,-4323
0,0,11,69,7291,-4255
0,0,11,70,7401,-4346
0,0,11,71,7292,-4258
0,0,11,72,7387,-4321
0,0,11,73,7360,-4266
0,0,11,74,7344,-4236
0,0,11,75,7444,-4287
0,0,11,76,7373,-4218
0,0,11,77,7453,-4283
0,0,11,78,7365,-4224
0,0,11,79,7450,-4267
0,0,11,80,7390,-4211
0,0,11,81,7433,-4226
0,0,11,82,7451,-4226
0,0,11,83,7402,-4176
0,0,11,84,7549,-4267
0,0,11,85,7401,-4157
0,0,11,86,7496,-4219
0,0,11,87,7444,-4193
0,0,11,88,7502,-4203
0,0,11,89,7494,-4195
0,0,11,90,7487,-4182
0,0,11,91,7545,-4201
0,0,11,92,7475,-4135
0,0,11,93,7612,-4192
0,0,11,94,7486,-4090
0,0,11,95,7577,-4129
0,0,11,96,7580,-4127
0,0,11,97,7565,-4086
0,0,11,98,7651,-4141
0,0,11,99,7581,-4087
0,0,11,100,7664,-4145
0,0,11,101,7571,-4074
0,0,11,102,7673,-4140
0,0,11,103,7595,-4043
0,0,11,104,7653,-4084
0,0,11,105,7695,-4067
0,0,11,106,7602,-4020
0,0,11,107,7739,-4095
0,0,11,108,7667,-4012
0,0,11,109,7749,-4070
0,0,11,110,7669,-4007
0,0,11,111,7718,-4010
0,0,11,112,7720,-3973
0,0,11,113,7705,-3977
0,0,11,114,7772,-4010
0,0,11,115,7687,-3915
0,0,11,116,7842,-4022
0,0,11,117,7721,-3924
0,0,11,118,7775,-3962
0,0,11,119,7772,-3941
0,0,11,120,7782,-3900
0,0,11,121,7857,-3931
0,0,11,122,7793,-3884
0,0,11,123,7867,-3928
0,0,11,124,7779,-3839
0,0,11,125,7926,-3907
0,0,11,126,7814,-3823
0,0,11,127,7845,-3828
0,0,11,128,7900,-3870
0,0,11,129,7841,-3797
0,0,11,130,7968,-3837
0,0,11,131,7869,-3760
0,0,11,132,7953,-3807
0,0,11,133,7869,-3735
0,0,11,134,7968,-3787
0,0,11,135,7921,-3736
0,0,11,136,7908,-3742
0,0,11,137,8009,-3762
0,0,11,138,7877,-3643
0,0,11,139,8030,-3708
0,0,11,140,7943,-3663
0,0,11,141,8011,-3668
0,0,11,142,7966,-3650
0,0,11,143,8002,-3649
0,0,11,144,8028,-3641
0,0,11,145,7979,-3593
0,0,11,146,8097,-3619
0,0,11,147,7943,-3512
0,0,11,148,8072,-3599
0,0,11,149,8030,-3529
0,0,11,150,8038,-3530
0,0,11,151,8058,-3548
0,0,11,152,8026,-3529
0,0,11,153,8116,-3537
0,0,11,154,8020,-3464
0,0,11,155,8152,-3522
0,0,11,156,8028,-3398
0,0,11,157,8139,-3458
0,0,11,158,8098,-3427
0,0,11,159,8037,-3408
0,0,11,160,8148,-3454
0,0,11,161,8072,-3379
0,0,11,162,8170,-3402
0,0,11,163,8084,-3336
0,0,11,164,8161,-3357
0,0,11,165,8093,-3278
0,0,11,166,8144,-3307
0,0,11,167,8140,-3292
0,0,11,168,8080,-3218
0,0,11,169,8231,-3314
0,0,11,170,8096,-3210
0,0,11,171,8191,-3270
0,0,11,172,8123,-3204
0,0,11,173,8142,-3204
0,0,11,174,8166,-3192
0,0,11,175,8156,-3158
0,0,11,176,8235,-3162
0,0,11,177,8114,-3091
0,0,11,178,8277,-3178
0,0,11,179,8098,-3051
0,0,11,180,8177,-3072
0,0,11,181,8189,-3102
0,0,11,182,8146,-3050
0,0,11,183,8233,-3055
0,0,11,184,8157,-3000
0,0,11,185,8246,-3030
0,0,11,186,8115,-2941
0,0,11,187,8267,-2970
0,0,11,188,8146,-2898
0,0,11,189,8166,-2893
0,0,11,190,8242,-2932
0,0,11,191,8120,-2870
0,0,11,192,8257,-2899
0,0,11,193,8164,-2851
0,0,11,194,8247,-2882
0,0,11,195,8163,-2795
0,0,11,196,8223,-2803
0,0,11,197,8193,-2784
0,0,11,198,8165,-2752
0,0,11,199,8279,-2808
0,0,11,200,8102,-2716
0,0,11,201,8242,-2748
0,0,11,202,8154,-2700
0,0,11,203,8222,-2687
0,0,11,204,8195,-2660
0,0,11,205,8181,-2639
0,0,11,206,8223,-2643
0,0,11,207,8132,-2609
0,0,11,208,8264,-2665
0,0,11,209,8087,-2568
0,0,11,210,8215,-2571
0,0,11,211,8158,-2538
0,0,11,212,8124,-2501
0,0,11,213,8190,-2510
0,0,11,214,8135,-2473
0,0,11,215,8228,-2502
0,0,11,216,8095,-2455
0,0,11,217,8215,-2480
0,0,11,218,8072,-2398
0,0,11,219,8166,-2437
0,0,11,220,8147,-2421
0,0,11,221,8055,-2350
0,0,11,222,8189,-2365
0,0,11,223,8100,-2339
0,0,11,224,8172,-2349
0,0,11,225,8073,-2333
0,0,11,226,8136,-2305
0,0,11,227,8070,-2249
0,0,11,228,8082,-2261
0,0,11,229,8113,-2236
0,0,11,230,7996,-2190
0,0,11,231,8159,-2254
0,0,11,232,8027,-2211
0,0,11,233,8099,-2212
0,0,11,234,8058,-2190
0,0,11,235,8053,-2166
0,0,11,236,8076,-2156
0,0,11,237,8026,-2124
0,0,11,238,8111,-2130
0,0,11,239,7943,-2038
0,0,11,240,8108,-2097
0,0,11,241,7953,-2026
0,0,11,242,8010,-2042
0,0,11,243,8031,-2045
0,0,11,244,7984,-2012
0,0,11,245,8068,-2034
0,0,11,246,7977,-1989
0,0,11,247,8059,-1986
0,0,11,248,7927,-1933
0,0,11,249,8051,-1977
0,0,11,250,7945,-1930
0,0,11,251,7924,-1898
0,0,11,252,8036,-1913
0,0,11,253,7926,-1870
0,0,11,254,8040,-1903
0,0,11,255,7934,-1863
0,0,11,256,8009,-1860
0,0,11,257,7926,-1844
0,0,11,258,7990,-1854
0,0,11,259,7965,-1825
0,0,11,260,7877,-1752
0,0,11,261,8049,-1805
0,0,11,262,7848,-1717
0,0,11,263,7966,-1737
0,0,11,264,7898,-1719
0,0,11,265,7925,-1700
0,0,11,266,7914,-1688
0,0,11,267,7907,-1667
0,0,11,268,7953,-1671
0,0,11,269,7844,-1643
0,0,11,270,8000,-1675
0,0,11,271,7810,-1600
0,0,11,272,7908,-1591
0,0,11,273,7888,-1593
0,0,11,274,7842,-1554
0,0,11,275,7930,-1581
0,0,11,276,7821,-1511
0,0,11,277,7904,-1548
0,0,11,278,7787,-1497
0,0,11,279,7901,-1512
0,0,11,280,7790,-1464
0,0,11,281,7824,-1466
0,0,11,282,7854,-1465
0,0,11,283,7725,-1400
0,0,11,284,7870,-1420
0,0,11,285,7757,-1385
0,0,11,286,7858,-1407
0,0,11,287,7774,-1408
0,0,11,288,7807,-1361
0,0,11,289,7771,-1328
0,0,11,290,7758,-1316
0,0,11,291,7817,-1330
0,0,11,292,7681,-1290
0,0,11,293,7859,-1319
0,0,11,294,7709,-1264
0,0,11,295,7735,-1239
0,0,11,296,7707,-1217
0,0,11,297,7673,-1183
0,0,11,298,7732,-1186
0,0,11,299,7643,-1164
0,0,11,300,7750,-1156
0,0,11,301,7578,-1112
0,0,11,302,7756,-1157
0,0,11,303,7605,-1100
0,0,11,304,7596,-1072
0,0,11,305,7658,-1074
0,0,11,306,7581,-1044
0,0,11,307,7693,-1074
0,0,11,308,7567,-1033
0,0,11,309,7666,-1047
0,0,11,310,7501,-975
0,0,11,311,7607,-1001
0,0,11,312,7556,-994
0,0,11,313,7509,-986
0,0,11,314,7659,-999
0,0,11,315,7502,-945
0,0,11,316,7588,-934
0,0,11,317,7496,-921
0,0,11,318,7520,-902
0,0,11,319,7475,-890
0,0,11,320,7459,-856
0,0,11,321,7515,-857
0,0,11,322,7413,-835
0,0,11,323,7583,-859
0,0,11,324,7372,-812
0,0,11,325,7483,-822
0,0,11,326,7443,-830
0,0,11,327,7431,-807
0,0,11,328,7448,-785
0,0,11,329,7399,-771
0,0,11,330,7463,-770
0,0,11,331,7342,-749
0,0,11,332,7464,-726
0,0,11,333,7316,-702
0,0,11,334,7365,-676
0,0,11,335,7382,-665
0,0,11,336,7296,-662
0,0,11,337,7425,-678
0,0,11,338,7309,-634
0,0,11,339,7383,-630
0,0,11,340,7282,-618
0,0,11,341,7357,-612
0,0,11,342,7295,-591
0,0,11,343,7304,-590
0,0,11,344,7350,-573
0,0,11,345,7205,-525
0,0,11,346,7368,-555
0,0,11,347,7247,-519
0,0,11,348,7287,-506
0,0,11,349,7241,-485
0,0,11,350,7253,-482
0,0,11,351,7282,-478
0,0,11,352,7225,-456
0,0,11,353,7287,-442
0,0,11,354,7128,-405
0,0,11,355,7264,-388
0,0,11,356,7128,-385
0,0,11,357,7159,-383
0,0,11,358,7181,-376
0,0,11,359,7142,-341
0,0,11,360,7204,-318
0,0,11,361,7092,-293
0,0,11,362,7181,-296
0,0,11,363,7068,-293
0,0,11,364,7133,-247
0,0,11,365,7036,-233
0,0,11,366,7011,-220
0,0,11,367,7125,-229
0,0,11,368,7023,-198
0,0,11,369,7119,-200
0,0,11,370,7010,-195
0,0,11,371,7049,-171
0,0,11,372,6958,-152
0,0,11,373,7000,-133
0,0,11,374,6989,-130
0,0,11,375,6915,-108
0,0,11,376,7057,-102
0,0,11,377,6872,-78
0,0,11,378,6967,-69
0,0,11,379,6901,-79
0,0,11,380,6887,-31
0,0,11,381,6880,-25
0,0,11,382,6843,-16
0,0,11,383,6897,11
0,0,11,384,6728,63
0,0,11,385,6884,50
0,0,11,386,6703,56
0,0,11,387,6786,59
0,0,11,388,6794,54
0,0,11,389,6735,74
0,0,11,390,6790,105
0,0,11,391,6696,108
0,0,11,392,6766,116
0,0,11,393,6619,135
0,0,11,394,6720,156
0,0,11,395,6592,170
0,0,11,396,6636,180
0,0,11,397,6646,182
0,0,11,398,6503,198
0,0,11,399,6665,202
0,0,11,400,6560,200
0,0,11,401,6637,216
0,0,11,402,6526,227
0,0,11,403,6556,247
0,0,11,404,6521,243
0,0,11,405,6502,246
0,0,11,406,6547,266
0,0,11,407,6412,261
0,0,11,408,6556,287
0,0,11,409,6407,296
0,0,11,410,6456,297
0,0,11,411,6463,287
0,0,11,412,6440,307
0,0,11,413,6462,318
0,0,11,414,6399,316
0,0,11,415,6469,335
0,0,11,416,6302,343
0,0,11,417,6442,353
0,0,11,418,6334,351
0,0,11,419,6310,373
0,0,11,420,6374,373
0,0,11,421,6309,388
0,0,11,422,6376,403
0,0,11,423,6289,387
0,0,11,424,6355,414
0,0,11,425,6222,428
0,0,11,426,6288,440
0,0,11,427,6256,438
0,0,11,428,6197,455
0,0,11,429,6325,456
0,0,11,430,6189,461
0,0,11,431,6282,471
0,0,11,432,6165,490
0,0,11,433,6193,512
0,0,11,434,6162,510
0,0,11,435,6167,528
0,0,11,436,6200,524
0,0,11,437,6116,510
0,0,11,438,6242,555
0,0,11,439,6059,543
0,0,11,440,6120,586
0,0,11,441,6100,579
0,0,11,442,6093,575
0,0,11,443,6127,598
0,0,11,444,6058,607
0,0,11,445,6122,617
0,0,11,446,6019,614
0,0,11,447,6096,646
0,0,11,448,5999,600
0,0,11,449,6056,635
0,0,11,450,6043,640
0,0,11,451,5975,636
0,0,11,452,6085,674
0,0,11,453,5982,676
0,0,11,454,6026,712
0,0,11,455,5949,683
0,0,11,456,5983,722
0,0,11,457,5907,738
0,0,11,458,5924,746
0,0,11,459,5975,746
0,0,11,460,5877,720
0,0,11,461,5980,759
0,0,11,462,5871,761
0,0,11,463,5906,798
0,0,11,464,5872,775
0,0,11,465,5848,796
0,0,11,466,5852,817
0,0,11,467,5835,806
0,0,11,468,5899,843
0,0,11,469,5755,833
0,0,11,470,5868,869
0,0,11,471,5739,853
0,0,11,472,5736,893
0,0,11,473,5762,894
0,0,11,474,5708,902
0,0,11,475,5780,908
0,0,11,476,5691,909
0,0,11,477,5752,940
0,0,11,478,5637,915
0,0,11,479,5723,958
0,0,11,480,5643,944
0,0,11,481,5607,979
0,0,11,482,5673,996
0,0,11,483,5560,967
0,0,11,484,5666,997
0,0,11,485,5586,981
0,0,11,486,5605,1010
0,0,11,487,5563,1007
0,0,11,488,5563,1021
0,0,11,489,5579,1029
0,0,11,490,5523,1010
0,0,11,491,5610,1059
0,0,11,492,5437,1033
0,0,11,493,5527,1073
0,0,11,494,5443,1070
0,0,11,495,5439,1093
0,0,11,496,5459,1096
0,0,11,497,5408,1096
0,0,11,498,5460,1118
0,0,11,499,5391,1079
0,0,11,500,5471,1129
0,0,11,501,5316,1119
0,0,11,502,5397,1150
0,0,11,503,5332,1147
0,0,11,504,5288,1141
0,0,11,505,5369,1170
0,0,11,506,5290,1150
0,0,11,507,5349,1181
0,0,11,508,5275,1159
0,0,11,509,5326,1183
0,0,11,510,5258,1162
0,0,11,511,5287,1182
0,0,12,0,7011,-4793
0,0,12,1,7029,-4820
0,0,12,2,7020,-4780
0,0,12,3,7085,-4833
0,0,12,4,7021,-4767
0,0,12,5,7120,-4818
0,0,12,6,7007,-4706
0,0,12,7,7104,-4767
0,0,12,8,7094,-4750
0,0,12,9,7052,-4686
0,0,12,10,7123,-4737
0,0,12,11,7067,-4696
0,0,12,12,7151,-4727
0,0,12,13,7054,-4638
0,0,12,14,7176,-4696
0,0,12,15,7068,-4608
0,0,12,16,7120,-4634
0,0,12,17,7181,-4657
0,0,12,18,7078,-4558
0,0,12,19,7206,-4626
0,0,12,20,7107,-4559
0,0,12,21,7193,-4610
0,0,12,22,7124,-4556
0,0,12,23,7172,-4577
0,0,12,24,7135,-4539
0,0,12,25,7127,-4519
0,0,12,26,7227,-4572
0,0,12,27,7100,-4470
0,0,12,28,7234,-4587
0,0,12,29,7132,-4495
0,0,12,30,7176,-4518
0,0,12,31,7179,-4506
0,0,12,32,7170,-4475
0,0,12,33,7211,-4499
0,0,12,34,7141,-4456
0,0,12,35,7238,-4523
0,0,12,36,7113,-4432
0,0,12,37,7243,-4526
0,0,12,38,7140,-4424
0,0,12,39,7159,-4425
0,0,12,40,7226,-4468
0,0,12,41,7161,-4403
0,0,12,42,7252,-4465
0,0,12,43,7168,-4396
0,0,12,44,7244,-4443
0,0,12,45,7170,-4369
0,0,12,46,7234,-4407
0,0,12,47,7205,-4377
0,0,12,48,7171,-4364
0,0,12,49,7311,-4439
0,0,12,50,7158,-4324
0,0,12,51,7284,-4409
0,0,12,52,7211,-4341
0,0,12,53,7241,-4382
0,0,12,54,7236,-4358
0,0,12,55,7232,-4349
0,0,12,56,7286,-4378
0,0,12,57,7214,-4319
0,0,12,58,7327,-4383
0,0,12,59,7177,-4276
0,0,12,60,7303,-4367
0,0,12,61,7249,-4323
0,0,12,62,7252,-4305
0,0,12,63,7331,-4337
0,0,12,64,7271,-4285
0,0,12,65,7367,-4341
0,0,12,66,7263,-4276
0,0,12,67,7359,-4327
0,0,12,68,7281,-4254
0,0,12,69,7352,-4306
0,0,12,70,7326,-4268
0,0,12,71,7297,-4248
0,0,12,72,7431,-4331
0,0,12,73,7291,-4228
0,0,12,74,7415,-4308
0,0,12,75,7354,-4252
0,0,12,76,7395,-4255
0,0,12,77,7382,-4249
0,0,12,78,7387,-4225
0,0,12,79,7432,-4254
0,0,12,80,7383,-4210
0,0,12,81,7504,-4266
0,0,12,82,7372,-4174
0,0,12,83,7498,-4262
0,0,12,84,7436,-4169
0,0,12,85,7451,-4170
0,0,12,86,7510,-4217
0,0,12,87,7456,-4152
0,0,12,88,7544,-4222
0,0,12,89,7463,-4150
0,0,12,90,7562,-4193
0,0,12,91,7487,-4133
0,0,12,92,7566,-4171
0,0,12,93,7524,-4133
0,0,12,94,7509,-4119
0,0,12,95,7624,-4202
0,0,12,96,7477,-4097
0,0,12,97,7604,-4161
0,0,12,98,7516,-4115
0,0,12,99,7595,-4121
0,0,12,100,7589,-4094
0,0,12,101,7599,-4083
0,0,12,102,7634,-4097
0,0,12,103,7581,-4055
0,0,12,104,7706,-4115
0,0,12,105,7573,-4000
0,0,12,106,7700,-4080
0,0,12,107,7670,-4032
0,0,12,108,7658,-4019
0,0,12,109,7726,-4046
0,0,12,110,7684,-3988
0,0,12,111,7773,-4041
0,0,12,112,7680,-3975
0,0,12,113,7785,-4036
0,0,12,114,7716,-3944
0,0,12,115,7784,-4000
0,0,12,116,7758,-3922
0,0,12,117,7718,-3895
0,0,12,118,7831,-3985
0,0,12,119,7733,-3892
0,0,12,120,7853,-3949
0,0,12,121,7773,-3891
0,0,12,122,7842,-3900
0,0,12,123,7801,-3852
0,0,12,124,7832,-3859
0,0,12,125,7873,-3865
0,0,12,126,7794,-3802
0,0,12,127,7955,-3892
0,0,12,128,7789,-3785
0,0,12,129,7904,-3822
0,0,12,130,7861,-3789
0,0,12,131,7900,-3762
0,0,12,132,7935,-3772
0,0,12,133,7907,-3747
0,0,12,134,7980,-3769
0,0,12,135,7875,-3680
0,0,12,136,8011,-3765
0,0,12,137,7861,-3660
0,0,12,138,7959,-3708
0,0,12,139,7979,-3697
0,0,12,140,7906,-3655
0,0,12,141,8026,-3704
0,0,12,142,7959,-3636
0,0,12,143,8025,-3686
0,0,12,144,7931,-3611
0,0,12,145,8040,-3645
0,0,12,146,7962,-3577
0,0,12,147,8006,-3581
0,0,12,148,8062,-3590
0,0,12,149,7957,-3514
0,0,12,150,8127,-3594
0,0,12,151,8011,-3501
0,0,12,152,8087,-3519
0,0,12,153,8038,-3465
0,0,12,154,8066,-3454
0,0,12,155,8094,-3467
0,0,12,156,8056,-3418
0,0,12,157,8145,-3490
0,0,12,158,8026,-3388
0,0,12,159,8175,-3471
0,0,12,160,8022,-3354
0,0,12,161,8115,-3353
0,0,12,162,8116,-3334
0,0,12,163,8080,-3313
0,0,12,164,8164,-3367
0,0,12,165,8090,-3296
0,0,12,166,8177,-3329
0,0,12,167,8064,-3249
0,0,12,168,8181,-3323
0,0,12,169,8077,-3236
0,0,12,170,8095,-3225
0,0,12,171,8181,-3249
0,0,12,172,8082,-3174
0,0,12,173,8217,-3228
0,0,12,174,8117,-3160
0,0,12,175,8209,-3173
0,0,12,176,8107,-3148
0,0,12,177,8182,-3169
0,0,12,178,8152,-3125
0,0,12,179,8136,-3084
0,0,12,180,8255,-3128
0,0,12,181,8070,-3019
0,0,12,182,8239,-3088
0,0,12,183,8146,-3023
0,0,12,184,8180,-3010
0,0,12,185,8181,-2999
0,0,12,186,8172,-2973
0,0,12,187,8225,-2994
0,0,12,188,8137,-2947
0,0,12,189,8282,-2982
0,0,12,190,8099,-2879
0,0,12,191,8236,-2920
0,0,12,192,8177,-2874
0,0,12,193,8159,-2843
0,0,12,194,8222,-2878
0,0,12,195,8151,-2827
0,0,12,196,8259,-2870
0,0,12,197,8141,-2766
0,0,12,198,8253,-2797
0,0,12,199,8134,-2721
0,0,12,200,8234,-2775
0,0,12,201,8180,-2736
0,0,12,202,8095,-2667
0,0,12,203,8249,-2700
0,0,12,204,8133,-2621
0,0,12,205,8254,-2668
0,0,12,206,8138,-2601
0,0,12,207,8189,-2597
0,0,12,208,8145,-2573
0,0,12,209,8162,-2572
0,0,12,210,8215,-2576
0,0,12,211,8085,-2503
0,0,12,212,8266,-2591
0,0,12,213,8079,-2475
0,0,12,214,8159,-2480
0,0,12,215,8126,-2464
0,0,12,216,8134,-2430
0,0,12,217,8158,-2418
0,0,12,218,8111,-2430
0,0,12,219,8198,-2440
0,0,12,220,8058,-2381
0,0,12,221,8220,-2423
0,0,12,222,8061,-2359
0,0,12,223,8115,-2362
0,0,12,224,8126,-2348
0,0,12,225,8065,-2298
0,0,12,226,8164,-2315
0,0,12,227,8060,-2270
0,0,12,228,8156,-2307
0,0,12,229,8030,-2245
0,0,12,230,8121,-2254
0,0,12,231,8014,-2183
0,0,12,232,8016,-2168
0,0,12,233,8126,-2204
0,0,12,234,7980,-2124
0,0,12,235,8108,-2167
0,0,12,236,8015,-2136
0,0,12,237,8087,-2150
0,0,12,238,8008,-2109
0,0,12,239,8048,-2110
0,0,12,240,8049,-2103
0,0,12,241,7989,-2069
0,0,12,242,8100,-2109
0,0,12,243,7922,-2044
0,0,12,244,8070,-2049
0,0,12,245,7959,-1976
0,0,12,246,7984,-1981
0,0,12,247,7989,-1984
0,0,12,248,7952,-1950
0,0,12,249,8045,-1959
0,0,12,250,7950,-1945
0,0,12,251,8054,-1958
0,0,12,252,7925,-1917
0,0,12,253,8038,-1942
0,0,12,254,7934,-1884
0,0,12,255,7968,-1866
0,0,12,256,8024,-1876
0,0,12,257,7881,-1807
0,0,12,258,8031,-1842
0,0,12,259,7899,-1747
0,0,12,260,7993,-1797
0,0,12,261,7938,-1781
0,0,12,262,7942,-1765
0,0,12,263,7955,-1747
0,0,12,264,7917,-1720
0,0,12,265,7983,-1739
0,0,12,266,7869,-1694
0,0,12,267,7983,-1693
0,0,12,268,7829,-1625
0,0,12,269,7947,-1664
0,0,12,270,7887,-1645
0,0,12,271,7819,-1594
0,0,12,272,7937,-1617
0,0,12,273,7845,-1550
0,0,12,274,7950,-1598
0,0,12,275,7860,-1590
0,0,12,276,7913,-1560
0,0,12,277,7812,-1511
0,0,12,278,7838,-1506
0,0,12,279,7873,-1491
0,0,12,280,7817,-1484
0,0,12,281,7902,-1491
0,0,12,282,7747,-1445
0,0,12,283,7926,-1480
0,0,12,284,7752,-1391
0,0,12,285,7779,-1388
0,0,12,286,7804,-1382
0,0,12,287,7757,-1337
0,0,12,288,7839,-1368
0,0,12,289,7739,-1330
0,0,12,290,7844,-1348
0,0,12,291,7707,-1301
0,0,12,292,7779,-1288
0,0,12,293,7712,-1274
0,0,12,294,7716,-1233
0,0,12,295,7759,-1237
0,0,12,296,7648,-1192
0,0,12,297,7800,-1218
0,0,12,298,7603,-1174
0,0,12,299,7743,-1196
0,0,12,300,7690,-1191
0,0,12,301,7655,-1168
0,0,12,302,7714,-1171
0,0,12,303,7605,-1105
0,0,12,304,7690,-1099
0,0,12,305,7570,-1064
0,0,12,306,7671,-1057
0,0,12,307,7532,-1034
0,0,12,308,7621,-1052
0,0,12,309,7597,-1024
0,0,12,310,7504,-1006
0,0,12,311,7643,-1016
0,0,12,312,7529,-978
0,0,12,313,7607,-993
0,0,12,314,7509,-973
0,0,12,315,7559,-963
0,0,12,316,7500,-923
0,0,12,317,7502,-916
0,0,12,318,7538,-905
0,0,12,319,7409,-866
0,0,12,320,7569,-875
0,0,12,321,7397,-851
0,0,12,322,7483,-853
0,0,12,323,7441,-843
0,0,12,324,7424,-806
0,0,12,325,7458,-810
0,0,12,326,7408,-797
0,0,12,327,7487,-814
0,0,12,328,7344,-773
0,0,12,329,7492,-771
0,0,12,330,7342,-767
0,0,12,331,7348,-740
0,0,12,332,7395,-724
0,0,12,333,7349,-712
0,0,12,334,7410,-708
0,0,12,335,7344,-689
0,0,12,336,7412,-685
0,0,12,337,7266,-659
0,0,12,338,7377,-651
0,0,12,339,7288,-645
0,0,12,340,7275,-624
0,0,12,341,7375,-641
0,0,12,342,7257,-588
0,0,12,343,7349,-567
0,0,12,344,7242,-558
0,0,12,345,7317,-557
0,0,12,346,7233,-532
0,0,12,347,7272,-499
0,0,12,348,7250,-493
0,0,12,349,7177,-473
0,0,12,350,7334,-470
0,0,12,351,7138,-439
0,0,12,352,7255,-445
0,0,12,353,7187,-444
0,0,12,354,7233,-453
0,0,12,355,7220,-441
0,0,12,356,7167,-404
0,0,12,357,7235,-392
0,0,12,358,7101,-375
0,0,12,359,7229,-340
0,0,12,360,7050,-324
0,0,12,361,7122,-312
0,0,12,362,7126,-298
0,0,12,363,7067,-279
0,0,12,364,7146,-281
0,0,12,365,7047,-239
0,0,12,366,7104,-205
0,0,12,367,6988,-188
0,0,12,368,7082,-188
0,0,12,369,6962,-176
0,0,12,370,7013,-171
0,0,12,371,7058,-173
0,0,12,372,6928,-145
0,0,12,373,7046,-124
0,0,12,374,6942,-134
0,0,12,375,7018,-120
0,0,12,376,6908,-94
0,0,12,377,6938,-69
0,0,12,378,6910,-61
0,0,12,379,6890,-62
0,0,12,380,6964,-56
0,0,12,381,6780,-19
0,0,12,382,6892,3
0,0,12,383,6806,15
0,0,12,384,6855,20
0,0,12,385,6821,18
0,0,12,386,6823,14
0,0,12,387,6845,51
0,0,12,388,6712,80
0,0,12,389,6848,66
0,0,12,390,6687,72
0,0,12,391,6798,96
0,0,12,392,6677,105
0,0,12,393,6653,128
0,0,12,394,6710,142
0,0,12,395,6578,181
0,0,12,396,6697,181
0,0,12,397,6598,170
0,0,12,398,6650,186
0,0,12,399,6556,175
0,0,12,400,6635,192
0,0,12,401,6594,192
0,0,12,402,6502,210
0,0,12,403,6657,219
0,0,12,404,6461,238
0,0,12,405,6553,256
0,0,12,406,6476,251
0,0,12,407,6496,276
0,0,12,408,6487,260
0,0,12,409,6464,291
0,0,12,410,6489,306
0,0,12,411,6359,306
0,0,12,412,6502,334
0,0,12,413,6325,324
0,0,12,414,6384,346
0,0,12,415,6391,336
0,0,12,416,6361,334
0,0,12,417,6426,344
0,0,12,418,6354,351
0,0,12,419,6417,363
0,0,12,420,6283,379
0,0,12,421,6394,401
0,0,12,422,6254,389
0,0,12,423,6286,408
0,0,12,424,6334,425
0,0,12,425,6240,422
0,0,12,426,6323,437
0,0,12,427,6225,443
0,0,12,428,6303,441
0,0,12,429,6220,442
0,0,12,430,6258,476
0,0,12,431,6211,468
0,0,12,432,6205,485
0,0,12,433,6244,499
0,0,12,434,6116,476
0,0,12,435,6243,507
0,0,12,436,6137,516
0,0,12,437,6178,537
0,0,12,438,6145,538
0,0,12,439,6119,542
0,0,12,440,6147,561
0,0,12,441,6102,546
0,0,12,442,6179,567
0,0,12,443,6033,550
0,0,12,444,6143,604
0,0,12,445,6037,598
0,0,12,446,6029,623
0,0,12,447,6088,611
0,0,12,448,6030,631
0,0,12,449,6080,659
0,0,12,450,5984,648
0,0,12,451,6056,669
0,0,12,452,5937,662
0,0,12,453,6001,696
0,0,12,454,5965,672
0,0,12,455,5912,685
0,0,12,456,6017,707
0,0,12,457,5894,717
0,0,12,458,5970,750
0,0,12,459,5894,727
0,0,12,460,5931,763
0,0,12,461,5872,745
0,0,12,462,5886,780
0,0,12,463,5889,781
0,0,12,464,5815,767
0,0,12,465,5961,791
0,0,12,466,5810,792
0,0,12,467,5870,816
0,0,12,468,5812,815
0,0,12,469,5792,853
0,0,12,470,5803,852
0,0,12,471,5747,878
0,0,12,472,5803,886
0,0,12,473,5698,869
0,0,12,474,5829,886
0,0,12,475,5663,876
0,0,12,476,5694,921
0,0,12,477,5707,924
0,0,12,478,5648,929
0,0,12,479,5724,946
0,0,12,480,5631,953
0,0,12,481,5696,973
0,0,12,482,5599,949
0,0,12,483,5650,992
0,0,12,484,5584,965
0,0,12,485,5589,983
0,0,12,486,5647,1007
0,0,12,487,5498,1003
0,0,12,488,5573,1034
0,0,12,489,5527,1003
0,0,12,490,5561,1039
0,0,12,491,5497,1024
0,0,12,492,5515,1049
0,0,12,493,5499,1049
0,0,12,494,5439,1055
0,0,12,495,5510,1100
0,0,12,496,5372,1057
0,0,12,497,5465,1105
0,0,12,498,5398,1085
0,0,12,499,5410,1106
0,0,12,500,5407,1101
0,0,12,501,5363,1121
0,0,12,502,5385,1129
0,0,12,503,5322,1112
0,0,12,504,5404,1161
0,0,12,505,5265,1123
0,0,12,506,5314,1168
0,0,12,507,5304,1155
0,0,12,508,5275,1168
0,0,12,509,5312,1180
0,0,12,510,5243,1182
0,0,12,511,5308,1202
0,0,13,0,7010,-4804
0,0,13,1,6986,-4774
0,0,13,2,7050,-4831
0,0,13,3,7010,-4775
0,0,13,4,7099,-4833
0,0,13,5,7013,-4743
0,0,13,6,7122,-4823
0,0,13,7,7000,-4709
0,0,13,8,7057,-4740
0,0,13,9,7099,-4769
0,0,13,10,7044,-4676
0,0,13,11,7149,-4722
0,0,13,12,7077,-4654
0,0,13,13,7162,-4693
0,0,13,14,7075,-4606
0,0,13,15,7172,-4705
0,0,13,16,7091,-4613
0,0,13,17,7086,-4589
0,0,13,18,7180,-4666
0,0,13,19,7079,-4565
0,0,13,20,7184,-4640
0,0,13,21,7118,-4558
0,0,13,22,7162,-4597
0,0,13,23,7105,-4538
0,0,13,24,7156,-4565
0,0,13,25,7147,-4553
0,0,13,26,7108,-4513
0,0,13,27,7230,-4598
0,0,13,28,7067,-4462
0,0,13,29,7204,-4561
0,0,13,30,7139,-4507
0,0,13,31,7164,-4517
0,0,13,32,7171,-4503
0,0,13,33,7160,-4479
0,0,13,34,7206,-4510
0,0,13,35,7124,-4447
0,0,13,36,7246,-4515
0,0,13,37,7098,-4406
0,0,13,38,7228,-4490
0,0,13,39,7164,-4434
0,0,13,40,7134,-4408
0,0,13,41,7223,-4471
0,0,13,42,7157,-4411
0,0,13,43,7248,-4470
0,0,13,44,7152,-4403
0,0,13,45,7234,-4449
0,0,13,46,7163,-4377
0,0,13,47,7231,-4433
0,0,13,48,7210,-4400
0,0,13,49,7164,-4349
0,0,13,50,7319,-4424
0,0,13,51,7147,-4324
0,0,13,52,7267,-4405
0,0,13,53,7205,-4360
0,0,13,54,7252,-4376
0,0,13,55,7226,-4357
0,0,13,56,7236,-4356
0,0,13,57,7290,-4371
0,0,13,58,7207,-4326
0,0,13,59,7322,-4390
0,0,13,60,7181,-4285
0,0,13,61,7297,-4345
0,0,13,62,7277,-4328
0,0,13,63,7271,-4313
0,0,13,64,7321,-4340
0,0,13,65,7275,-4292
0,0,13,66,7360,-4344
0,0,13,67,7263,-4287
0,0,13,68,7375,-4355
0,0,13,69,7274,-4257
0,0,13,70,7358,-4310
0,0,13,71,7338,-4270
0,0,13,72,7296,-4226
0,0,13,73,7415,-4308
0,0,13,74,7314,-4227
0,0,13,75,7435,-4289
0,0,13,76,7350,-4228
0,0,13,77,7393,-4248
0,0,13,78,7365,-4250
0,0,13,79,7410,-4252
0,0,13,80,7443,-4264
0,0,13,81,7380,-4204
0,0,13,82,7520,-4267
0,0,13,83,7371,-4154
0,0,13,84,7490,-4230
0,0,13,85,7429,-4197
0,0,13,86,7439,-4192
0,0,13,87,7507,-4205
0,0,13,88,7451,-4149
0,0,13,89,7538,-4209
0,0,13,90,7451,-4144
0,0,13,91,7567,-4204
0,0,13,92,7461,-4120
0,0,13,93,7543,-4176
0,0,13,94,7519,-4136
0,0,13,95,7474,-4096
0,0,13,96,7597,-4179
0,0,13,97,7531,-4101
0,0,13,98,7627,-4150
0,0,13,99,7553,-4077
0,0,13,100,7612,-4104
0,0,13,101,7581,-4063
0,0,13,102,7606,-4081
0,0,13,103,7655,-4093
0,0,13,104,7588,-4025
0,0,13,105,7717,-4115
0,0,13,106,7576,-3984
0,0,13,107,7671,-4046
0,0,13,108,7653,-4033
0,0,13,109,7661,-4044
0,0,13,110,7707,-4051
0,0,13,111,7683,-4003
0,0,13,112,7768,-4030
0,0,13,113,7679,-3960
0,0,13,114,7817,-4012
0,0,13,115,7688,-3919
0,0,13,116,7773,-3964
0,0,13,117,7794,-3946
0,0,13,118,7737,-3899
0,0,13,119,7845,-3937
0,0,13,120,7780,-3893
0,0,13,121,7846,-3945
0,0,13,122,7768,-3859
0,0,13,123,7849,-3874
0,0,13,124,7783,-3841
0,0,13,125,7825,-3866
0,0,13,126,7865,-3871
0,0,13,127,7770,-3798
0,0,13,128,7907,-3887
0,0,13,129,7831,-3788
0,0,13,130,7924,-3831
0,0,13,131,7869,-3788
0,0,13,132,7887,-3803
0,0,13,133,7910,-3776
0,0,13,134,7877,-3737
0,0,13,135,8003,-3773
0,0,13,136,7848,-3689
0,0,13,137,8019,-3803
0,0,13,138,7878,-3678
0,0,13,139,7939,-3685
0,0,13,140,7964,-3673
0,0,13,141,7963,-3632
0,0,13,142,8030,-3686
0,0,13,143,7941,-3618
0,0,13,144,8053,-3665
0,0,13,145,7931,-3561
0,0,13,146,8054,-3618
0,0,13,147,7964,-3552
0,0,13,148,7986,-3544
0,0,13,149,8067,-3592
0,0,13,150,7983,-3506
0,0,13,151,8099,-3573
0,0,13,152,8017,-3502
0,0,13,153,8091,-3507
0,0,13,154,8019,-3438
0,0,13,155,8099,-3456
0,0,13,156,8068,-3462
0,0,13,157,8036,-3444
0,0,13,158,8155,-3488
0,0,13,159,7985,-3350
0,0,13,160,8136,-3428
0,0,13,161,8068,-3367
0,0,13,162,8117,-3383
0,0,13,163,8101,-3357
0,0,13,164,8118,-3332
0,0,13,165,8168,-3344
0,0,13,166,8073,-3271
0,0,13,167,8197,-3334
0,0,13,168,8033,-3222
0,0,13,169,8166,-3296
0,0,13,170,8127,-3250
0,0,13,171,8134,-3214
0,0,13,172,8172,-3224
0,0,13,173,8126,-3162
0,0,13,174,8199,-3196
0,0,13,175,8095,-3145
0,0,13,176,8217,-3194
0,0,13,177,8074,-3127
0,0,13,178,8170,-3163
0,0,13,179,8166,-3092
0,0,13,180,8093,-3038
0,0,13,181,8230,-3061
0,0,13,182,8137,-2996
0,0,13,183,8239,-3043
0,0,13,184,8137,-3004
0,0,13,185,8209,-3017
0,0,13,186,8150,-2973
0,0,13,187,8160,-2976
0,0,13,188,8228,-2990
0,0,13,189,8097,-2885
0,0,13,190,8285,-2980
0,0,13,191,8102,-2864
0,0,13,192,8194,-2876
0,0,13,193,8171,-2875
0,0,13,194,8165,-2847
0,0,13,195,8214,-2840
0,0,13,196,8147,-2788
0,0,13,197,8261,-2815
0,0,13,198,8107,-2742
0,0,13,199,8270,-2788
0,0,13,200,8110,-2728
0,0,13,201,8151,-2728
0,0,13,202,8213,-2762
0,0,13,203,8151,-2682
0,0,13,204,8245,-2674
0,0,13,205,8146,-2648
0,0,13,206,8255,-2685
0,0,13,207,8115,-2583
0,0,13,208,8210,-2605
0,0,13,209,8114,-2560
0,0,13,210,8110,-2535
0,0,13,211,8241,-2601
0,0,13,212,8097,-2509
0,0,13,213,8210,-2516
0,0,13,214,8105,-2464
0,0,13,215,8179,-2488
0,0,13,216,8107,-2424
0,0,13,217,8126,-2390
0,0,13,218,8149,-2415
0,0,13,219,8081,-2396
0,0,13,220,8230,-2429
0,0,13,221,8019,-2339
0,0,13,222,8157,-2366
0,0,13,223,8091,-2343
0,0,13,224,8118,-2328
0,0,13,225,8118,-2307
0,0,13,226,8078,-2268
0,0,13,227,8137,-2283
0,0,13,228,8006,-2219
0,0,13,229,8162,-2252
0,0,13,230,7992,-2186
0,0,13,231,8094,-2218
0,0,13,232,8088,-2211
0,0,13,233,8002,-2165
0,0,13,234,8114,-2200
0,0,13,235,8013,-2128
0,0,13,236,8110,-2164
0,0,13,237,7971,-2101
0,0,13,238,8081,-2130
0,0,13,239,7988,-2082
0,0,13,240,8034,-2083
0,0,13,241,8044,-2081
0,0,13,242,7936,-2020
0,0,13,243,8092,-2055
0,0,13,244,7965,-2000
0,0,13,245,8061,-2029
0,0,13,246,7970,-1988
0,0,13,247,8005,-1977
0,0,13,248,7989,-1977
0,0,13,249,7974,-1968
0,0,13,250,8053,-1990
0,0,13,251,7909,-1904
0,0,13,252,8085,-1950
0,0,13,253,7904,-1864
0,0,13,254,7981,-1888
0,0,13,255,7964,-1878
0,0,13,256,7944,-1843
0,0,13,257,8001,-1843
0,0,13,258,7933,-1816
0,0,13,259,8023,-1804
0,0,13,260,7874,-1766
0,0,13,261,8002,-1778
0,0,13,262,7871,-1735
0,0,13,263,7885,-1733
0,0,13,264,7971,-1758
0,0,13,265,7880,-1686
0,0,13,266,7995,-1703
0,0,13,267,7872,-1654
0,0,13,268,7955,-1664
0,0,13,269,7836,-1624
0,0,13,270,7914,-1633
0,0,13,271,7865,-1602
0,0,13,272,7823,-1579
0,0,13,273,7979,-1629
0,0,13,274,7823,-1580
0,0,13,275,7933,-1587
0,0,13,276,7838,-1545
0,0,13,277,7881,-1525
0,0,13,278,7836,-1501
0,0,13,279,7832,-1462
0,0,13,280,7871,-1459
0,0,13,281,7762,-1439
0,0,13,282,7940,-1478
0,0,13,283,7737,-1409
0,0,13,284,7832,-1439
0,0,13,285,7788,-1420
0,0,13,286,7791,-1386
0,0,13,287,7820,-1393
0,0,13,288,7762,-1346
0,0,13,289,7827,-1339
0,0,13,290,7680,-1264
0,0,13,291,7846,-1304
0,0,13,292,7672,-1263
0,0,13,293,7769,-1282
0,0,13,294,7718,-1232
0,0,13,295,7651,-1210
0,0,13,296,7774,-1250
0,0,13,297,7653,-1206
0,0,13,298,7738,-1196
0,0,13,299,7645,-1189
0,0,13,300,7710,-1169
0,0,13,301,7647,-1147
0,0,13,302,7666,-1147
0,0,13,303,7679,-1127
0,0,13,304,7554,-1088
0,0,13,305,7683,-1083
0,0,13,306,7567,-1057
0,0,13,307,7647,-1051
0,0,13,308,7581,-1052
0,0,13,309,7591,-1042
0,0,13,310,7581,-1020
0,0,13,311,7507,-969
0,0,13,312,7622,-977
0,0,13,313,7449,-938
0,0,13,314,7615,-960
0,0,13,315,7485,-941
0,0,13,316,7508,-930
0,0,13,317,7506,-916
0,0,13,318,7489,-912
0,0,13,319,7550,-903
0,0,13,320,7447,-885
0,0,13,321,7540,-868
0,0,13,322,7385,-852
0,0,13,323,7508,-857
0,0,13,324,7409,-832
0,0,13,325,7397,-821
0,0,13,326,7503,-829
0,0,13,327,7383,-779
0,0,13,328,7474,-769
0,0,13,329,7371,-757
0,0,13,330,7426,-743
0,0,13,331,7322,-725
0,0,13,332,7378,-718
0,0,13,333,7380,-725
0,0,13,334,7315,-714
0,0,13,335,7456,-707
0,0,13,336,7261,-659
0,0,13,337,7383,-662
0,0,13,338,7310,-664
0,0,13,339,7336,-647
0,0,13,340,7328,-636
0,0,13,341,7300,-611
0,0,13,342,7352,-602
0,0,13,343,7232,-569
0,0,13,344,7357,-543
0,0,13,345,7176,-506
0,0,13,346,7272,-526
0,0,13,347,7264,-507
0,0,13,348,7214,-496
0,0,13,349,7276,-498
0,0,13,350,7208,-487
0,0,13,351,7301,-486
0,0,13,352,7168,-462
0,0,13,353,7277,-447
0,0,13,354,7145,-434
0,0,13,355,7207,-440
0,0,13,356,7195,-394
0,0,13,357,7076,-346
0,0,13,358,7197,-346
0,0,13,359,7109,-325
0,0,13,360,7194,-345
0,0,13,361,7097,-341
0,0,13,362,7129,-292
0,0,13,363,7077,-272
0,0,13,364,7065,-276
0,0,13,365,7138,-259
0,0,13,366,6976,-236
0,0,13,367,7135,-232
0,0,13,368,6979,-188
0,0,13,369,7006,-156
0,0,13,370,7031,-184
0,0,13,371,7001,-167
0,0,13,372,7054,-177
0,0,13,373,6969,-157
0,0,13,374,7045,-136
0,0,13,375,6873,-109
0,0,13,376,7007,-94
0,0,13,377,6856,-72
0,0,13,378,6863,-65
0,0,13,379,6942,-69
0,0,13,380,6851,-33
0,0,13,381,6927,-15
0,0,13,382,6815,-16
0,0,13,383,6886,1
0,0,13,384,6766,5
0,0,13,385,6835,31
0,0,13,386,6778,35
0,0,13,387,6712,68
0,0,13,388,6849,62
0,0,13,389,6676,72
0,0,13,390,6781,102
0,0,13,391,6678,96
0,0,13,392,6690,127
0,0,13,393,6661,115
0,0,13,394,6658,141
0,0,13,395,6697,146
0,0,13,396,6575,166
0,0,13,397,6700,179
0,0,13,398,6501,175
0,0,13,399,6597,209
0,0,13,400,6561,196
0,0,13,401,6572,194
0,0,13,402,6605,204
0,0,13,403,6515,234
0,0,13,404,6594,240
0,0,13,405,6485,235
0,0,13,406,6581,260
0,0,13,407,6438,238
0,0,13,408,6508,253
0,0,13,409,6512,267
0,0,13,410,6395,288
0,0,13,411,6496,302
0,0,13,412,6399,303
0,0,13,413,6472,322
0,0,13,414,6347,328
0,0,13,415,6409,347
0,0,13,416,6338,335
0,0,13,417,6373,336
0,0,13,418,6449,331
0,0,13,419,6300,338
0,0,13,420,6409,368
0,0,13,421,6301,362
0,0,13,422,6325,408
0,0,13,423,6279,407
0,0,13,424,6258,437
0,0,13,425,6286,429
0,0,13,426,6241,434
0,0,13,427,6333,438
0,0,13,428,6178,439
0,0,13,429,6305,462
0,0,13,430,6182,461
0,0,13,431,6198,472
0,0,13,432,6237,479
0,0,13,433,6176,487
0,0,13,434,6229,519
0,0,13,435,6129,517
0,0,13,436,6211,534
0,0,13,437,6117,519
0,0,13,438,6200,544
0,0,13,439,6118,549
0,0,13,440,6086,555
0,0,13,441,6189,555
0,0,13,442,6044,574
0,0,13,443,6143,607
0,0,13,444,6056,577
0,0,13,445,6104,599
0,0,13,446,6054,593
0,0,13,447,6062,632
0,0,13,448,6057,624
0,0,13,449,6004,616
0,0,13,450,6096,664
0,0,13,451,5941,631
0,0,13,452,6043,657
0,0,13,453,5972,660
0,0,13,454,5979,694
0,0,13,455,5966,703
0,0,13,456,5930,706
0,0,13,457,5983,730
0,0,13,458,5882,724
0,0,13,459,5978,746
0,0,13,460,5831,732
0,0,13,461,5901,751
0,0,13,462,5902,765
0,0,13,463,5856,771
0,0,13,464,5919,789
0,0,13,465,5843,781
0,0,13,466,5904,803
0,0,13,467,5788,801
0,0,13,468,5874,842
0,0,13,469,5764,825
0,0,13,470,5779,852
0,0,13,471,5815,868
0,0,13,472,5692,864
0,0,13,473,5789,904
0,0,13,474,5700,884
0,0,13,475,5761,906
0,0,13,476,5703,902
0,0,13,477,5698,940
0,0,13,478,5709,917
0,0,13,479,5657,937
0,0,13,480,5708,960
0,0,13,481,5556,943
0,0,13,482,5694,980
0,0,13,483,5595,957
0,0,13,484,5611,997
0,0,13,485,5590,992
0,0,13,486,5563,999
0,0,13,487,5602,1021
0,0,13,488,5528,1009
0,0,13,489,5616,1041
0,0,13,490,5472,1019
0,0,13,491,5576,1061
0,0,13,492,5445,1043
0,0,13,493,5432,1062
0,0,13,494,5513,1072
0,0,13,495,5418,1070
0,0,13,496,5524,1096
0,0,13,497,5403,1086
0,0,13,498,5445,1116
0,0,13,499,5404,1097
0,0,13,500,5386,1127
0,0,13,501,5376,1131
0,0,13,502,5363,1128
0,0,13,503,5406,1147
0,0,13,504,5300,1128
0,0,13,505,5407,1174
0,0,13,506,5267,1132
0,0,13,507,5332,1163
0,0,13,508,5317,1163
0,0,13,509,5277,1167
0,0,13,510,5318,1190
0,0,13,511,5249,1180
0,0,14,0,7046,-4836
0,0,14,1,7005,-4789
0,0,14,2,6987,-4775
0,0,14,3,7099,-4850
0,0,14,4,7008,-4754
0,0,14,5,7092,-4821
0,0,14,6,7017,-4738
0,0,14,7,7103,-4775
0,0,14,8,7033,-4703
0,0,14,9,7091,-4736
0,0,14,10,7097,-4719
0,0,14,11,7022,-4646
0,0,14,12,7154,-4749
0,0,14,13,7073,-4642
0,0,14,14,7146,-4695
0,0,14,15,7093,-4643
0,0,14,16,7120,-4663
0,0,14,17,7115,-4625
0,0,14,18,7098,-4607
0,0,14,19,7185,-4651
0,0,14,20,7063,-4534
0,0,14,21,7208,-4649
0,0,14,22,7092,-4547
0,0,14,23,7138,-4566
0,0,14,24,7134,-4557
0,0,14,25,7140,-4519
0,0,14,26,7184,-4560
0,0,14,27,7117,-4521
0,0,14,28,7216,-4589
0,0,14,29,7101,-4478
0,0,14,30,7216,-4557
0,0,14,31,7121,-4460
0,0,14,32,7124,-4481
0,0,14,33,7191,-4513
0,0,14,34,7150,-4466
0,0,14,35,7229,-4522
0,0,14,36,7144,-4453
0,0,14,37,7231,-4499
0,0,14,38,7139,-4417
0,0,14,39,7225,-4473
0,0,14,40,7166,-4405
0,0,14,41,7142,-4376
0,0,14,42,7260,-4474
0,0,14,43,7158,-4401
0,0,14,44,7268,-4486
0,0,14,45,7174,-4406
0,0,14,46,7219,-4435
0,0,14,47,7185,-4393
0,0,14,48,7215,-4408
0,0,14,49,7237,-4401
0,0,14,50,7177,-4358
0,0,14,51,7315,-4439
0,0,14,52,7152,-4318
0,0,14,53,7286,-4413
0,0,14,54,7237,-4353
0,0,14,55,7234,-4356
0,0,14,56,7268,-4368
0,0,14,57,7233,-4321
0,0,14,58,7318,-4374
0,0,14,59,7229,-4301
0,0,14,60,7329,-4363
0,0,14,61,7237,-4283
0,0,14,62,7328,-4362
0,0,14,63,7259,-4322
0,0,14,64,7253,-4297
0,0,14,65,7353,-4367
0,0,14,66,7245,-4277
0,0,14,67,7362,-4349
0,0,14,68,7294,-4290
0,0,14,69,7342,-4313
0,0,14,70,7316,-4271
0,0,14,71,7347,-4289
0,0,14,72,7364,-4292
0,0,14,73,7317,-4246
0,0,14,74,7438,-4317
0,0,14,75,7293,-4216
0,0,14,76,7427,-4282
0,0,14,77,7392,-4242
0,0,14,78,7395,-4237
0,0,14,79,7446,-4245
0,0,14,80,7394,-4217
0,0,14,81,7479,-4258
0,0,14,82,7386,-4205
0,0,14,83,7507,-4267
0,0,14,84,7388,-4168
0,0,14,85,7498,-4241
0,0,14,86,7459,-4191
0,0,14,87,7441,-4162
0,0,14,88,7548,-4224
0,0,14,89,7462,-4153
0,0,14,90,7563,-4218
0,0,14,91,7461,-4156
0,0,14,92,7545,-4199
0,0,14,93,7486,-4151
0,0,14,94,7545,-4174
0,0,14,95,7554,-4148
0,0,14,96,7500,-4108
0,0,14,97,7647,-4193
0,0,14,98,7510,-4061
0,0,14,99,7653,-4131
0,0,14,100,7584,-4092
0,0,14,101,7613,-4105
0,0,14,102,7623,-4095
0,0,14,103,7622,-4077
0,0,14,104,7675,-4105
0,0,14,105,7596,-4050
0,0,14,106,7715,-4128
0,0,14,107,7602,-4009
0,0,14,108,7705,-4058
0,0,14,109,7709,-4029
0,0,14,110,7667,-3984
0,0,14,111,7772,-4035
0,0,14,112,7705,-3961
0,0,14,113,7789,-4016
0,0,14,114,7708,-3965
0,0,14,115,7817,-3993
0,0,14,116,7723,-3932
0,0,14,117,7772,-3956
0,0,14,118,7796,-3930
0,0,14,119,7711,-3864
0,0,14,120,7875,-3961
0,0,14,121,7772,-3884
0,0,14,122,7854,-3917
0,0,14,123,7806,-3881
0,0,14,124,7846,-3881
0,0,14,125,7845,-3862
0,0,14,126,7839,-3852
0,0,14,127,7908,-3863
0,0,14,128,7793,-3788
0,0,14,129,7963,-3873
0,0,14,130,7815,-3768
0,0,14,131,7906,-3798
0,0,14,132,7883,-3810
0,0,14,133,7874,-3782
0,0,14,134,7946,-3781
0,0,14,135,7889,-3732
0,0,14,136,7983,-3771
0,0,14,137,7881,-3674
0,0,14,138,8031,-3742
0,0,14,139,7903,-3652
0,0,14,140,7962,-3668
0,0,14,141,8019,-3702
0,0,14,142,7926,-3627
0,0,14,143,8049,-3685
0,0,14,144,7967,-3604
0,0,14,145,8041,-3640
0,0,14,146,7960,-3578
0,0,14,147,8044,-3596
0,0,14,148,8013,-3574
0,0,14,149,8013,-3555
0,0,14,150,8069,-3578
0,0,14,151,7945,-3468
0,0,14,152,8109,-3552
0,0,14,153,8028,-3477
0,0,14,154,8079,-3484
0,0,14,155,8050,-3484
0,0,14,156,8065,-3453
0,0,14,157,8115,-3466
0,0,14,158,8042,-3428
0,0,14,159,8149,-3466
0,0,14,160,8004,-3362
0,0,14,161,8165,-3447
0,0,14,162,8067,-3325
0,0,14,163,8076,-3322
0,0,14,164,8124,-3359
0,0,14,165,8096,-3305
0,0,14,166,8190,-3334
0,0,14,167,8075,-3276
0,0,14,168,8195,-3317
0,0,14,169,8075,-3192
0,0,14,170,8178,-3245
0,0,14,171,8121,-3191
0,0,14,172,8077,-3152
0,0,14,173,8210,-3214
0,0,14,174,8113,-3126
0,0,14,175,8218,-3198
0,0,14,176,8115,-3143
0,0,14,177,8192,-3125
0,0,14,178,8119,-3097
0,0,14,179,8167,-3139
0,0,14,180,8170,-3107
0,0,14,181,8097,-3035
0,0,14,182,8263,-3128
0,0,14,183,8100,-3003
0,0,14,184,8208,-3035
0,0,14,185,8148,-2986
0,0,14,186,8177,-2965
0,0,14,187,8195,-2966
0,0,14,188,8172,-2947
0,0,14,189,8254,-2985
0,0,14,190,8127,-2878
0,0,14,191,8283,-2934
0,0,14,192,8099,-2825
0,0,14,193,8194,-2846
0,0,14,194,8198,-2864
0,0,14,195,8166,-2815
0,0,14,196,8260,-2814
0,0,14,197,8156,-2739
0,0,14,198,8248,-2792
0,0,14,199,8129,-2717
0,0,14,200,8237,-2727
0,0,14,201,8145,-2687
0,0,14,202,8175,-2711
0,0,14,203,8226,-2715
0,0,14,204,8103,-2641
0,0,14,205,8240,-2686
0,0,14,206,8140,-2608
0,0,14,207,8213,-2617
0,0,14,208,8137,-2602
0,0,14,209,8168,-2598
0,0,14,210,8159,-2575
0,0,14,211,8148,-2577
0,0,14,212,8241,-2570
0,0,14,213,8058,-2447
0,0,14,214,8219,-2495
0,0,14,215,8083,-2404
0,0,14,216,8142,-2416
0,0,14,217,8142,-2448
0,0,14,218,8099,-2411
0,0,14,219,8167,-2416
0,0,14,220,8091,-2389
0,0,14,221,8207,-2407
0,0,14,222,8054,-2329
0,0,14,223,8173,-2364
0,0,14,224,8039,-2296
0,0,14,225,8035,-2266
0,0,14,226,8139,-2300
0,0,14,227,8049,-2271
0,0,14,228,8162,-2305
0,0,14,229,8042,-2245
0,0,14,230,8099,-2251
0,0,14,231,8001,-2198
0,0,14,232,8088,-2212
0,0,14,233,8054,-2183
0,0,14,234,8014,-2164
0,0,14,235,8137,-2175
0,0,14,236,7950,-2093
0,0,14,237,8074,-2117
0,0,14,238,8000,-2088
0,0,14,239,8057,-2094
0,0,14,240,8009,-2058
0,0,14,241,8009,-2050
0,0,14,242,8038,-2048
0,0,14,243,7961,-2024
0,0,14,244,8098,-2057
0,0,14,245,7903,-1988
0,0,14,246,8040,-2020
0,0,14,247,7990,-1984
0,0,14,248,7963,-1945
0,0,14,249,8016,-1979
0,0,14,250,7938,-1943
0,0,14,251,8032,-1958
0,0,14,252,7923,-1918
0,0,14,253,8051,-1907
0,0,14,254,7886,-1840
0,0,14,255,7996,-1884
0,0,14,256,7960,-1846
0,0,14,257,7881,-1825
0,0,14,258,8014,-1857
0,0,14,259,7903,-1771
0,0,14,260,8009,-1818
0,0,14,261,7905,-1807
0,0,14,262,7976,-1802
0,0,14,263,7889,-1726
0,0,14,264,7921,-1725
0,0,14,265,7955,-1716
0,0,14,266,7822,-1651
0,0,14,267,7974,-1687
0,0,14,268,7863,-1669
0,0,14,269,7935,-1677
0,0,14,270,7874,-1664
0,0,14,271,7888,-1639
0,0,14,272,7894,-1628
0,0,14,273,7847,-1597
0,0,14,274,7935,-1601
0,0,14,275,7748,-1494
0,0,14,276,7943,-1562
0,0,14,277,7792,-1507
0,0,14,278,7813,-1500
0,0,14,279,7810,-1475
0,0,14,280,7813,-1462
0,0,14,281,7870,-1466
0,0,14,282,7772,-1426
0,0,14,283,7862,-1451
0,0,14,284,7727,-1403
0,0,14,285,7860,-1416
0,0,14,286,7731,-1369
0,0,14,287,7719,-1330
0,0,14,288,7811,-1344
0,0,14,289,7720,-1292
0,0,14,290,7807,-1310
0,0,14,291,7716,-1311
0,0,14,292,7791,-1295
0,0,14,293,7701,-1291
0,0,14,294,7772,-1311
0,0,14,295,7730,-1263
0,0,14,296,7623,-1197
0,0,14,297,7773,-1218
0,0,14,298,7618,-1159
0,0,14,299,7727,-1192
0,0,14,300,7647,-1180
0,0,14,301,7673,-1167
0,0,14,302,7645,-1139
0,0,14,303,7623,-1109
0,0,14,304,7666,-1095
0,0,14,305,7565,-1070
0,0,14,306,7715,-1107
0,0,14,307,7519,-1052
0,0,14,308,7608,-1035
0,0,14,309,7566,-1025
0,0,14,310,7563,-1007
0,0,14,311,7584,-986
0,0,14,312,7534,-974
0,0,14,313,7630,-999
0,0,14,314,7503,-973
0,0,14,315,7614,-963
0,0,14,316,7450,-935
0,0,14,317,7496,-897
0,0,14,318,7506,-880
0,0,14,319,7422,-881
0,0,14,320,7531,-893
0,0,14,321,7432,-865
0,0,14,322,7500,-845
0,0,14,323,7397,-823
0,0,14,324,7475,-818
0,0,14,325,7411,-822
0,0,14,326,7423,-809
0,0,14,327,7459,-807
0,0,14,328,7328,-773
0,0,14,329,7470,-769
0,0,14,330,7360,-745
0,0,14,331,7404,-728
0,0,14,332,7348,-736
0,0,14,333,7355,-704
0,0,14,334,7365,-712
0,0,14,335,7330,-695
0,0,14,336,7426,-693
0,0,14,337,7253,-666
0,0,14,338,7401,-667
0,0,14,339,7295,-651
0,0,14,340,7313,-625
0,0,14,341,7330,-622
0,0,14,342,7268,-583
0,0,14,343,7332,-596
0,0,14,344,7236,-558
0,0,14,345,7355,-555
0,0,14,346,7197,-531
0,0,14,347,7310,-537
0,0,14,348,7215,-507
0,0,14,349,7176,-485
0,0,14,350,7295,-491
0,0,14,351,7165,-447
0,0,14,352,7275,-448
0,0,14,353,7165,-430
0,0,14,354,7213,-404
0,0,14,355,7139,-407
0,0,14,356,7209,-423
0,0,14,357,7196,-408
0,0,14,358,7119,-373
0,0,14,359,7260,-378
0,0,14,360,7058,-344
0,0,14,361,7151,-328
0,0,14,362,7081,-320
0,0,14,363,7121,-288
0,0,14,364,7097,-296
0,0,14,365,7064,-250
0,0,14,366,7112,-238
0,0,14,367,6985,-217
0,0,14,368,7124,-221
0,0,14,369,6955,-203
0,0,14,370,7043,-189
0,0,14,371,7007,-177
0,0,14,372,6967,-142
0,0,14,373,7019,-131
0,0,14,374,6944,-122
0,0,14,375,7034,-142
0,0,14,376,6895,-116
0,0,14,377,7009,-91
0,0,14,378,6850,-71
0,0,14,379,6879,-50
0,0,14,380,6922,-43
0,0,14,381,6787,-15
0,0,14,382,6908,1
0,0,14,383,6803,-9
0,0,14,384,6871,7
0,0,14,385,6760,18
0,0,14,386,6801,58
0,0,14,387,6745,52
0,0,14,388,6733,57
0,0,14,389,6831,57
0,0,14,390,6618,96
0,0,14,391,6763,106
0,0,14,392,6632,125
0,0,14,393,6683,129
0,0,14,394,6661,113
0,0,14,395,6657,137
0,0,14,396,6688,140
0,0,14,397,6587,161
0,0,14,398,6659,205
0,0,14,399,6494,192
0,0,14,400,6663,183
0,0,14,401,6539,197
0,0,14,402,6530,206
0,0,14,403,6583,221
0,0,14,404,6514,233
0,0,14,405,6589,241
0,0,14,406,6477,239
0,0,14,407,6534,267
0,0,14,408,6402,270
0,0,14,409,6473,284
0,0,14,410,6454,277
0,0,14,411,6383,284
0,0,14,412,6505,306
0,0,14,413,6385,299
0,0,14,414,6460,330
0,0,14,415,6372,314
0,0,14,416,6415,336
0,0,14,417,6352,339
0,0,14,418,6348,362
0,0,14,419,6364,381
0,0,14,420,6249,388
0,0,14,421,6410,407
0,0,14,422,6254,377
0,0,14,423,6345,388
0,0,14,424,6314,381
0,0,14,425,6313,394
0,0,14,426,6314,411
0,0,14,427,6262,419
0,0,14,428,6317,438
0,0,14,429,6193,448
0,0,14,430,6304,476
0,0,14,431,6160,458
0,0,14,432,6186,491
0,0,14,433,6238,471
0,0,14,434,6167,490
0,0,14,435,6221,520
0,0,14,436,6134,518
0,0,14,437,6203,537
0,0,14,438,6074,542
0,0,14,439,6151,567
0,0,14,440,6083,551
0,0,14,441,6075,577
0,0,14,442,6179,580
0,0,14,443,6028,580
0,0,14,444,6120,618
0,0,14,445,6016,616
0,0,14,446,6084,605
0,0,14,447,6042,603
0,0,14,448,6033,629
0,0,14,449,6039,646
0,0,14,450,6005,633
0,0,14,451,6071,666
0,0,14,452,5930,647
0,0,14,453,6034,668
0,0,14,454,5974,669
0,0,14,455,5975,699
0,0,14,456,5988,694
0,0,14,457,5936,705
0,0,14,458,5980,738
0,0,14,459,5891,720
0,0,14,460,5943,765
0,0,14,461,5816,760
0,0,14,462,5902,780
0,0,14,463,5869,778
0,0,14,464,5818,788
0,0,14,465,5879,808
0,0,14,466,5799,812
0,0,14,467,5886,819
0,0,14,468,5794,810
0,0,14,469,5851,830
0,0,14,470,5764,819
0,0,14,471,5812,833
0,0,14,472,5813,840
0,0,14,473,5705,852
0,0,14,474,5826,888
0,0,14,475,5700,887
0,0,14,476,5762,905
0,0,14,477,5693,904
0,0,14,478,5665,930
0,0,14,479,5639,959
0,0,14,480,5620,965
0,0,14,481,5692,970
0,0,14,482,5573,954
0,0,14,483,5690,997
0,0,14,484,5556,968
0,0,14,485,5583,996
0,0,14,486,5620,994
0,0,14,487,5527,1020
0,0,14,488,5578,1046
0,0,14,489,5492,1032
0,0,14,490,5549,1060
0,0,14,491,5456,1039
0,0,14,492,5543,1067
0,0,14,493,5429,1050
0,0,14,494,5442,1064
0,0,14,495,5493,1087
0,0,14,496,5399,1061
0,0,14,497,5490,1102
0,0,14,498,5402,1080
0,0,14,499,5445,1110
0,0,14,500,5384,1096
0,0,14,501,5391,1117
0,0,14,502,5380,1111
0,0,14,503,5322,1128
0,0,14,504,5391,1169
0,0,14,505,5270,1134
0,0,14,506,5399,1156
0,0,14,507,5308,1129
0,0,14,508,5277,1165
0,0,14,509,5296,1164
0,0,14,510,5267,1169
0,0,14,511,5313,1189
0,0,15,0,7060,-4840
0,0,15,1,6981,-4760
0,0,15,2,7100,-4844
0,0,15,3,7024,-4762
0,0,15,4,7095,-4818
0,0,15,5,7040,-4757
0,0,15,6,7094,-4802
0,0,15,7,7049,-4722
0,0,15,8,7058,-4719
0,0,15,9,7139,-4764
0,0,15,10,7030,-4667
0,0,15,11,7166,-4784
0,0,15,12,7060,-4669
0,0,15,13,7128,-4695
0,0,15,14,7127,-4649
0,0,15,15,7106,-4625
0,0,15,16,7154,-4663
0,0,15,17,7099,-4603
0,0,15,18,7182,-4662
0,0,15,19,7077,-4551
0,0,15,20,7208,-4631
0,0,15,21,7091,-4525
0,0,15,22,7173,-4585
0,0,15,23,7154,-4555
0,0,15,24,7095,-4512
0,0,15,25,7217,-4604
0,0,15,26,7116,-4517
0,0,15,27,7219,-4565
0,0,15,28,7133,-4500
0,0,15,29,7187,-4536
0,0,15,30,7143,-4495
0,0,15,31,7154,-4501
0,0,15,32,7186,-4521
0,0,15,33,7096,-4448
0,0,15,34,7247,-4552
0,0,15,35,7115,-4426
0,0,15,36,7207,-4502
0,0,15,37,7162,-4458
0,0,15,38,7177,-4445
0,0,15,39,7208,-4454
0,0,15,40,7177,-4419
0,0,15,41,7253,-4459
0,0,15,42,7137,-4377
0,0,15,43,7280,-4473
0,0,15,44,7131,-4357
0,0,15,45,7204,-4387
0,0,15,46,7228,-4413
0,0,15,47,7185,-4367
0,0,15,48,7268,-4413
0,0,15,49,7187,-4359
0,0,15,50,7266,-4421
0,0,15,51,7175,-4358
0,0,15,52,7266,-4404
0,0,15,53,7198,-4339
0,0,15,54,7239,-4358
0,0,15,55,7284,-4378
0,0,15,56,7178,-4306
0,0,15,57,7312,-4386
0,0,15,58,7223,-4320
0,0,15,59,7291,-4372
0,0,15,60,7258,-4328
0,0,15,61,7270,-4319
0,0,15,62,7286,-4310
0,0,15,63,7274,-4303
0,0,15,64,7354,-4344
0,0,15,65,7237,-4266
0,0,15,66,7367,-4372
0,0,15,67,7243,-4264
0,0,15,68,7313,-4304
0,0,15,69,7310,-4304
0,0,15,70,7318,-4280
0,0,15,71,7390,-4309
0,0,15,72,7326,-4257
0,0,15,73,7402,-4305
0,0,15,74,7303,-4224
0,0,15,75,7431,-4308
0,0,15,76,7341,-4211
0,0,15,77,7364,-4227
0,0,15,78,7435,-4285
0,0,15,79,7368,-4219
0,0,15,80,7466,-4274
0,0,15,81,7393,-4196
0,0,15,82,7487,-4230
0,0,15,83,7404,-4190
0,0,15,84,7463,-4212
0,0,15,85,7446,-4186
0,0,15,86,7437,-4172
0,0,15,87,7546,-4226
0,0,15,88,7420,-4118
0,0,15,89,7557,-4216
0,0,15,90,7470,-4149
0,0,15,91,7522,-4175
0,0,15,92,7515,-4177
0,0,15,93,7515,-4141
0,0,15,94,7565,-4165
0,0,15,95,7509,-4108
0,0,15,96,7638,-4186
0,0,15,97,7514,-4072
0,0,15,98,7637,-4150
0,0,15,99,7556,-4082
0,0,15,100,7559,-4083
0,0,15,101,7629,-4123
0,0,15,102,7570,-4055
0,0,15,103,7659,-4112
0,0,15,104,7588,-4036
0,0,15,105,7702,-4097
0,0,15,106,7615,-4027
0,0,15,107,7693,-4071
0,0,15,108,7669,-4014
0,0,15,109,7644,-3967
0,0,15,110,7768,-4071
0,0,15,111,7662,-3972
0,0,15,112,7777,-4030
0,0,15,113,7696,-3960
0,0,15,114,7740,-3982
0,0,15,115,7745,-3949
0,0,15,116,7756,-3951
0,0,15,117,7792,-3985
0,0,15,118,7718,-3912
0,0,15,119,7878,-3978
0,0,15,120,7732,-3854
0,0,15,121,7848,-3921
0,0,15,122,7808,-3887
0,0,15,123,7810,-3858
0,0,15,124,7859,-3884
0,0,15,125,7818,-3853
0,0,15,126,7908,-3887
0,0,15,127,7800,-3796
0,0,15,128,7933,-3869
0,0,15,129,7792,-3783
0,0,15,130,7893,-3825
0,0,15,131,7886,-3806
0,0,15,132,7840,-3757
0,0,15,133,7959,-3785
0,0,15,134,7877,-3736
0,0,15,135,7967,-3798
0,0,15,136,7873,-3701
0,0,15,137,7970,-3739
0,0,15,138,7926,-3675
0,0,15,139,7966,-3695
0,0,15,140,7997,-3686
0,0,15,141,7894,-3591
0,0,15,142,8054,-3673
0,0,15,143,7956,-3596
0,0,15,144,8032,-3635
0,0,15,145,7982,-3587
0,0,15,146,8002,-3601
0,0,15,147,7998,-3602
0,0,15,148,7964,-3568
0,0,15,149,8085,-3609
0,0,15,150,7949,-3491
0,0,15,151,8104,-3604
0,0,15,152,7995,-3502
0,0,15,153,8031,-3516
0,0,15,154,8054,-3515
0,0,15,155,8031,-3473
0,0,15,156,8117,-3481
0,0,15,157,8034,-3444
0,0,15,158,8137,-3479
0,0,15,159,8020,-3385
0,0,15,160,8146,-3439
0,0,15,161,8056,-3364
0,0,15,162,8060,-3343
0,0,15,163,8163,-3399
0,0,15,164,8073,-3277
0,0,15,165,8185,-3335
0,0,15,166,8082,-3291
0,0,15,167,8172,-3295
0,0,15,168,8114,-3241
0,0,15,169,8158,-3261
0,0,15,170,8158,-3256
0,0,15,171,8098,-3193
0,0,15,172,8238,-3241
0,0,15,173,8053,-3134
0,0,15,174,8191,-3198
0,0,15,175,8125,-3165
0,0,15,176,8170,-3161
0,0,15,177,8174,-3131
0,0,15,178,8155,-3111
0,0,15,179,8201,-3135
0,0,15,180,8112,-3066
0,0,15,181,8263,-3107
0,0,15,182,8088,-3009
0,0,15,183,8207,-3050
0,0,15,184,8166,-2998
0,0,15,185,8132,-2983
0,0,15,186,8219,-3007
0,0,15,187,8153,-2953
0,0,15,188,8245,-3000
0,0,15,189,8132,-2910
0,0,15,190,8246,-2934
0,0,15,191,8137,-2874
0,0,15,192,8190,-2888
0,0,15,193,8197,-2868
0,0,15,194,8108,-2813
0,0,15,195,8247,-2878
0,0,15,196,8148,-2786
0,0,15,197,8245,-2816
0,0,15,198,8142,-2762
0,0,15,199,8201,-2773
0,0,15,200,8180,-2758
0,0,15,201,8168,-2712
0,0,15,202,8240,-2713
0,0,15,203,8097,-2622
0,0,15,204,8304,-2726
0,0,15,205,8087,-2601
0,0,15,206,8181,-2621
0,0,15,207,8163,-2602
0,0,15,208,8151,-2566
0,0,15,209,8210,-2588
0,0,15,210,8125,-2540
0,0,15,211,8219,-2530
0,0,15,212,8087,-2486
0,0,15,213,8231,-2538
0,0,15,214,8080,-2474
0,0,15,215,8134,-2466
0,0,15,216,8192,-2483
0,0,15,217,8075,-2429
0,0,15,218,8217,-2470
0,0,15,219,8090,-2394
0,0,15,220,8164,-2392
0,0,15,221,8073,-2368
0,0,15,222,8152,-2388
0,0,15,223,8106,-2354
0,0,15,224,8075,-2330
0,0,15,225,8184,-2342
0,0,15,226,7996,-2258
0,0,15,227,8169,-2294
0,0,15,228,8031,-2239
0,0,15,229,8081,-2251
0,0,15,230,8058,-2253
0,0,15,231,8055,-2211
0,0,15,232,8099,-2242
0,0,15,233,8026,-2193
0,0,15,234,8141,-2216
0,0,15,235,7964,-2139
0,0,15,236,8130,-2191
0,0,15,237,8011,-2134
0,0,15,238,8009,-2104
0,0,15,239,8076,-2126
0,0,15,240,7996,-2061
0,0,15,241,8081,-2058
0,0,15,242,7963,-2004
0,0,15,243,8059,-2033
0,0,15,244,7948,-1987
0,0,15,245,8031,-2012
0,0,15,246,7985,-1996
0,0,15,247,7928,-1964
0,0,15,248,8082,-2001
0,0,15,249,7947,-1950
0,0,15,250,8050,-1958
0,0,15,251,7945,-1918
0,0,15,252,8010,-1944
0,0,15,253,7955,-1926
0,0,15,254,7976,-1883
0,0,15,255,7995,-1882
0,0,15,256,7895,-1835
0,0,15,257,8079,-1899
0,0,15,258,7887,-1835
0,0,15,259,7989,-1825
0,0,15,260,7927,-1792
0,0,15,261,7941,-1791
0,0,15,262,7956,-1770
0,0,15,263,7894,-1716
0,0,15,264,7981,-1739
0,0,15,265,7840,-1678
0,0,15,266,7985,-1701
0,0,15,267,7821,-1648
0,0,15,268,7908,-1671
0,0,15,269,7923,-1656
0,0,15,270,7843,-1611
0,0,15,271,7941,-1619
0,0,15,272,7831,-1572
0,0,15,273,7928,-1591
0,0,15,274,7833,-1562
0,0,15,275,7902,-1594
0,0,15,276,7840,-1548
0,0,15,277,7837,-1534
0,0,15,278,7903,-1508
0,0,15,279,7746,-1437
0,0,15,280,7913,-1481
0,0,15,281,7780,-1442
0,0,15,282,7860,-1462
0,0,15,283,7791,-1429
0,0,15,284,7796,-1408
0,0,15,285,7810,-1410
0,0,15,286,7759,-1379
0,0,15,287,7875,-1396
0,0,15,288,7686,-1342
0,0,15,289,7837,-1365
0,0,15,290,7701,-1322
0,0,15,291,7737,-1317
0,0,15,292,7766,-1297
0,0,15,293,7694,-1239
0,0,15,294,7784,-1271
0,0,15,295,7661,-1217
0,0,15,296,7743,-1220
0,0,15,297,7621,-1189
0,0,15,298,7750,-1224
0,0,15,299,7652,-1179
0,0,15,300,7628,-1151
0,0,15,301,7735,-1177
0,0,15,302,7600,-1125
0,0,15,303,7719,-1132
0,0,15,304,7606,-1098
0,0,15,305,7677,-1113
0,0,15,306,7576,-1077
0,0,15,307,7627,-1060
0,0,15,308,7597,-1027
0,0,15,309,7514,-1006
0,0,15,310,7676,-1020
0,0,15,311,7467,-961
0,0,15,312,7600,-985
0,0,15,313,7507,-963
0,0,15,314,7548,-954
0,0,15,315,7549,-958
0,0,15,316,7519,-928
0,0,15,317,7562,-930
0,0,15,318,7453,-901
0,0,15,319,7580,-906
0,0,15,320,7392,-858
0,0,15,321,7467,-850
0,0,15,322,7474,-864
0,0,15,323,7455,-855
0,0,15,324,7511,-854
0,0,15,325,7408,-805
0,0,15,326,7492,-817
0,0,15,327,7371,-804
0,0,15,328,7486,-793
0,0,15,329,7358,-766
0,0,15,330,7396,-751
0,0,15,331,7432,-753
0,0,15,332,7285,-713
0,0,15,333,7431,-730
0,0,15,334,7312,-683
0,0,15,335,7392,-673
0,0,15,336,7284,-649
0,0,15,337,7335,-652
0,0,15,338,7313,-654
0,0,15,339,7311,-643
0,0,15,340,7395,-653
0,0,15,341,7222,-596
0,0,15,342,7379,-608
0,0,15,343,7260,-576
0,0,15,344,7295,-563
0,0,15,345,7301,-589
0,0,15,346,7273,-539
0,0,15,347,7315,-539
0,0,15,348,7241,-514
0,0,15,349,7329,-507
0,0,15,350,7159,-464
0,0,15,351,7296,-473
0,0,15,352,7160,-437
0,0,15,353,7167,-432
0,0,15,354,7228,-432
0,0,15,355,7141,-390
0,0,15,356,7216,-370
0,0,15,357,7120,-367
0,0,15,358,7219,-365
0,0,15,359,7091,-340
0,0,15,360,7164,-342
0,0,15,361,7128,-336
0,0,15,362,7052,-311
0,0,15,363,7176,-309
0,0,15,364,7044,-262
0,0,15,365,7134,-250
0,0,15,366,7036,-252
0,0,15,367,7061,-227
0,0,15,368,7017,-220
0,0,15,369,7024,-201
0,0,15,370,7045,-196
0,0,15,371,6940,-158
0,0,15,372,7110,-166
0,0,15,373,6909,-145
0,0,15,374,6975,-101
0,0,15,375,6934,-106
0,0,15,376,6910,-81
0,0,15,377,6937,-80
0,0,15,378,6869,-55
0,0,15,379,6954,-38
0,0,15,380,6807,-45
0,0,15,381,6943,-25
0,0,15,382,6790,-10
0,0,15,383,6801,21
0,0,15,384,6840,14
0,0,15,385,6751,44
0,0,15,386,6846,56
0,0,15,387,6744,53
0,0,15,388,6817,67
0,0,15,389,6720,65
0,0,15,390,6767,90
0,0,15,391,6694,100
0,0,15,392,6703,113
0,0,15,393,6760,125
0,0,15,394,6599,138
0,0,15,395,6739,146
0,0,15,396,6611,149
0,0,15,397,6665,170
0,0,15,398,6609,163
0,0,15,399,6614,183
0,0,15,400,6615,192
0,0,15,401,6543,201
0,0,15,402,6649,218
0,0,15,403,6471,220
0,0,15,404,6572,235
0,0,15,405,6515,222
0,0,15,406,6482,251
0,0,15,407,6495,263
0,0,15,408,6452,274
0,0,15,409,6495,296
0,0,15,410,6421,274
0,0,15,411,6520,294
0,0,15,412,6370,287
0,0,15,413,6449,322
0,0,15,414,6400,317
0,0,15,415,6319,335
0,0,15,416,6416,347
0,0,15,417,6343,351
0,0,15,418,6413,368
0,0,15,419,6322,358
0,0,15,420,6371,375
0,0,15,421,6299,374
0,0,15,422,6320,394
0,0,15,423,6311,411
0,0,15,424,6211,425
0,0,15,425,6389,429
0,0,15,426,6230,414
0,0,15,427,6304,430
0,0,15,428,6252,425
0,0,15,429,6234,469
0,0,15,430,6222,476
0,0,15,431,6196,482
0,0,15,432,6255,483
0,0,15,433,6178,467
0,0,15,434,6288,492
0,0,15,435,6111,485
0,0,15,436,6157,516
0,0,15,437,6177,516
0,0,15,438,6117,533
0,0,15,439,6196,538
0,0,15,440,6111,542
0,0,15,441,6160,560
0,0,15,442,6040,557
0,0,15,443,6134,599
0,0,15,444,6033,595
0,0,15,445,6053,591
0,0,15,446,6111,603
0,0,15,447,6010,594
0,0,15,448,6098,633
0,0,15,449,5993,635
0,0,15,450,6068,643
0,0,15,451,5996,634
0,0,15,452,6004,670
0,0,15,453,6004,661
0,0,15,454,5972,661
0,0,15,455,6034,707
0,0,15,456,5861,705
0,0,15,457,5991,723
0,0,15,458,5916,716
0,0,15,459,5936,724
0,0,15,460,5916,725
0,0,15,461,5880,760
0,0,15,462,5899,781
0,0,15,463,5827,771
0,0,15,464,5917,806
0,0,15,465,5767,791
0,0,15,466,5862,812
0,0,15,467,5804,834
0,0,15,468,5764,840
0,0,15,469,5845,841
0,0,15,470,5750,856
0,0,15,471,5819,860
0,0,15,472,5731,845
0,0,15,473,5819,877
0,0,15,474,5726,851
0,0,15,475,5755,890
0,0,15,476,5723,909
0,0,15,477,5645,905
0,0,15,478,5765,931
0,0,15,479,5650,930
0,0,15,480,5740,940
0,0,15,481,5640,945
0,0,15,482,5642,977
0,0,15,483,5609,976
0,0,15,484,5566,998
0,0,15,485,5616,1001
0,0,15,486,5491,991
0,0,15,487,5642,1022
0,0,15,488,5513,999
0,0,15,489,5541,1025
0,0,15,490,5519,1029
0,0,15,491,5495,1045
0,0,15,492,5531,1057
0,0,15,493,5478,1053
0,0,15,494,5513,1090
0,0,15,495,5401,1065
0,0,15,496,5505,1097
0,0,15,497,5378,1075
0,0,15,498,5388,1092
0,0,15,499,5442,1107
0,0,15,500,5365,1116
0,0,15,501,5413,1141
0,0,15,502,5331,1127
0,0,15,503,5376,1167
0,0,15,504,5284,1127
0,0,15,505,5357,1169
0,0,15,506,5316,1139
0,0,15,507,5277,1151
0,0,15,508,5365,1180
0,0,15,509,5254,1144
0,0,15,510,5312,1196
0,0,15,511,5233,1193
1,1,0,0,2104,-543
1,1,0,1,2076,-533
1,1,0,2,2105,-530
1,1,0,3,2087,-534
1,1,0,4,2092,-512
1,1,0,5,2127,-514
1,1,0,6,2107,-492
1,1,0,7,2137,-507
1,1,0,8,2114,-477
1,1,0,9,2160,-471
1,1,0,10,2131,-445
1,1,0,11,2145,-461
1,1,0,12,2155,-449
1,1,0,13,2133,-423
1,1,0,14,2188,-439
1,1,0,15,2159,-403
1,1,0,16,2190,-417
1,1,0,17,2171,-392
1,1,0,18,2186,-377
1,1,0,19,2192,-358
1,1,0,20,2184,-347
1,1,0,21,2214,-348
1,1,0,22,2181,-334
1,1,0,23,2223,-336
1,1,0,24,2181,-307
1,1,0,25,2219,-311
1,1,0,26,2209,-282
1,1,0,27,2200,-274
1,1,0,28,2242,-279
1,1,0,29,2211,-255
1,1,0,30,2247,-262
1,1,0,31,2215,-240
1,1,0,32,2232,-230
1,1,0,33,2210,-227
1,1,0,34,2229,-222
1,1,0,35,2237,-205
1,1,0,36,2218,-195
1,1,0,37,2253,-208
1,1,0,38,2205,-194
1,1,0,39,2258,-202
1,1,0,40,2215,-169
1,1,0,41,2230,-179
1,1,0,42,2244,-163
1,1,0,43,2231,-152
1,1,0,44,2265,-141
1,1,0,45,2228,-118
1,1,0,46,2263,-119
1,1,0,47,2218,-108
1,1,0,48,2259,-101
1,1,0,49,2234,-88
1,1,0,50,2239,-65
1,1,0,51,2262,-56
1,1,0,52,2216,-46
1,1,0,53,2273,-69
1,1,0,54,2226,-54
1,1,0,55,2253,-61
1,1,0,56,2239,-47
1,1,0,57,2238,-26
1,1,0,58,2263,-24
1,1,0,59,2241,-19
1,1,0,60,2267,-20
1,1,0,61,2230,4
1,1,0,62,2273,-7
1,1,0,63,2235,19
1,1,0,64,2263,13
1,1,0,65,2260,27
1,1,0,66,2238,41
1,1,0,67,2281,47
1,1,0,68,2250,53
1,1,0,69,2274,46
1,1,0,70,2258,68
1,1,0,71,2286,57
1,1,0,72,2262,81
1,1,0,73,2273,85
1,1,0,74,2292,84
1,1,0,75,2264,101
1,1,0,76,2302,105
1,1,0,77,2260,120
1,1,0,78,2305,132
1,1,0,79,2289,137
1,1,0,80,2291,149
1,1,0,81,2307,144
1,1,0,82,2289,150
1,1,0,83,2318,162
1,1,0,84,2287,167
1,1,0,85,2325,183
1,1,0,86,2279,197
1,1,0,87,2320,202
1,1,0,88,2308,210
1,1,0,89,2290,230
1,1,0,90,2332,213
1,1,0,91,2294,238
1,1,0,92,2335,238
1,1,0,93,2296,261
1,1,0,94,2316,274
1,1,0,95,2308,287
1,1,0,96,2310,310
1,1,0,97,2326,329
1,1,0,98,2298,321
1,1,0,99,2352,315
1,1,0,100,2290,338
1,1,0,101,2331,337
1,1,0,102,2307,335
1,1,0,103,2296,379
1,1,0,104,2320,357
1,1,0,105,2296,362
1,1,0,106,2325,374
1,1,0,107,2289,396
1,1,0,108,2317,396
1,1,0,109,2282,408
1,1,0,110,2303,415
1,1,0,111,2291,418
1,1,0,112,2274,439
1,1,0,113,2331,438
1,1,0,114,2262,461
1,1,0,115,2308,471
1,1,0,116,2276,480
1,1,0,117,2287,483
1,1,0,118,2280,497
1,1,0,119,2274,489
1,1,0,120,2297,510
1,1,0,121,2258,511
1,1,0,122,2310,537
1,1,0,123,2252,526
1,1,0,124,2290,534
1,1,0,125,2264,534
1,1,0,126,2256,548
1,1,0,127,2295,548
1,1,0,128,2250,568
1,1,0,129,2292,572
1,1,0,130,2252,573
1,1,0,131,2266,595
1,1,0,132,2253,594
1,1,0,133,2264,610
1,1,0,134,2266,619
1,1,0,135,2250,618
1,1,0,136,2289,621
1,1,0,137,2233,618
1,1,0,138,2291,623
1,1,0,139,2252,633
1,1,0,140,2261,640
1,1,0,141,2266,640
1,1,0,142,2261,651
1,1,0,143,2277,652
1,1,0,144,2252,655
1,1,0,145,2289,670
1,1,0,146,2246,670
1,1,0,147,2289,684
1,1,0,148,2247,686
1,1,0,149,2269,693
1,1,0,150,2282,704
1,1,0,151,2240,697
1,1,0,152,2287,714
1,1,0,153,2249,713
1,1,0,154,2290,730
1,1,0,155,2265,729
1,1,0,156,2277,744
1,1,0,157,2273,742
1,1,0,158,2280,754
1,1,0,159,2296,756
1,1,0,160,2252,762
1,1,0,161,2301,778
1,1,0,162,2274,782
1,1,0,163,2285,788
1,1,0,164,2289,784
1,1,0,165,2281,796
1,1,0,166,2308,795
1,1,0,167,2280,803
1,1,0,168,2317,814
1,1,0,169,2276,813
1,1,0,170,2327,833
1,1,0,171,2291,818
1,1,0,172,2290,836
1,1,0,173,2321,844
1,1,0,174,2285,846
1,1,0,175,2330,864
1,1,0,176,2315,869
1,1,0,177,2328,873
1,1,0,178,2310,873
1,1,0,179,2335,900
1,1,0,180,2331,896
1,1,0,181,2331,902
1,1,0,182,2351,908
1,1,0,183,2312,902
1,1,0,184,2356,919
1,1,0,185,2332,930
1,1,0,186,2353,944
1,1,0,187,2359,945
1,1,0,188,2357,963
1,1,0,189,2382,967
1,1,0,190,2354,959
1,1,0,191,2393,976
1,1,0,192,2356,976
1,1,0,193,2413,1006
1,1,0,194,2374,999
1,1,0,195,2375,1002
1,1,0,196,2412,1022
1,1,0,197,2384,1032
1,1,0,198,2428,1036
1,1,0,199,2407,1049
1,1,0,200,2422,1053
1,1,0,201,2409,1068
1,1,0,202,2430,1083
1,1,0,203,2429,1085
1,1,0,204,2423,1111
1,1,0,205,2460,1126
1,1,0,206,2415,1125
1,1,0,207,2480,1137
1,1,0,208,2428,1128
1,1,0,209,2454,1166
1,1,0,210,2459,1169
1,1,0,211,2448,1181
1,1,0,212,2477,1204
1,1,0,213,2449,1207
1,1,0,214,2487,1230
1,1,0,215,2443,1236
1,1,0,216,2477,1255
1,1,0,217,2451,1271
1,1,0,218,2471,1292
1,1,0,219,2487,1306
1,1,0,220,2446,1327
1,1,0,221,2497,1356
1,1,0,222,2472,1376
1,1,0,223,2490,1369
1,1,0,224,2473,1347
1,1,0,225,2478,1374
1,1,0,226,2482,1382
1,1,0,227,2468,1377
1,1,0,228,2495,1405
1,1,0,229,2448,1427
1,1,0,230,2517,1454
1,1,0,231,2456,1417
1,1,0,232,2481,1449
1,1,0,233,2490,1458
1,1,0,234,2458,1491
1,1,0,235,2488,1524
1,1,0,236,2455,1543
1,1,0,237,2491,1558
1,1,0,238,2446,1567
1,1,0,239,2484,1609
1,1,0,240,2450,1585
1,1,0,241,2469,1573
1,1,0,242,2468,1615
1,1,0,243,2433,1599
1,1,0,244,2500,1624
1,1,0,245,2435,1633
1,1,0,246,2467,1679
1,1,0,247,2443,1685
1,1,0,248,2453,1683
1,1,0,249,2462,1696
1,1,0,250,2440,1709
1,1,0,251,2467,1749
1,1,0,252,2417,1758
1,1,0,253,2474,1771
1,1,0,254,2408,1777
1,1,0,255,2444,1802
1,1,0,256,2441,1806
1,1,0,257,2415,1826
1,1,0,258,2456,1845
1,1,0,259,2422,1833
1,1,0,260,2452,1856
1,1,0,261,2415,1854
1,1,0,262,2428,1908
1,1,0,263,2408,1919
1,1,0,264,2417,1932
1,1,0,265,2432,1948
1,1,0,266,2394,1965
1,1,0,267,2441,2008
1,1,0,268,2378,1969
1,1,0,269,2418,1991
1,1,0,270,2419,1977
1,1,0,271,2407,1992
1,1,0,272,2414,2024
1,1,0,273,2396,2018
1,1,0,274,2415,2078
1,1,0,275,2370,2083
1,1,0,276,2415,2125
1,1,0,277,2348,2109
1,1,0,278,2385,2131
1,1,0,279,2369,2153
1,1,0,280,2345,2161
1,1,0,281,2389,2199
1,1,0,282,2352,2182
1,1,0,283,2388,2202
1,1,0,284,2327,2217
1,1,0,285,2350,2271
1,1,0,286,2321,2268
1,1,0,287,2335,2301
1,1,0,288,2346,2295
1,1,0,289,2318,2282
1,1,0,290,2367,2329
1,1,0,291,2289,2312
1,1,0,292,2315,2377
1,1,0,293,2296,2375
1,1,0,294,2277,2422
1,1,0,295,2299,2413
1,1,0,296,2273,2430
1,1,0,297,2309,2427
1,1,0,298,2264,2423
1,1,0,299,2298,2476
1,1,0,300,2238,2477
1,1,0,301,2264,2524
1,1,0,302,2234,2530
1,1,0,303,2210,2539
1,1,0,304,2252,2579
1,1,0,305,2174,2602
1,1,0,306,2232,2600
1,1,0,307,2198,2578
1,1,0,308,2180,2652
1,1,0,309,2162,2678
1,1,0,310,2148,2688
1,1,0,311,2158,2719
1,1,0,312,2145,2674
1,1,0,313,2171,2743
1,1,0,314,2108,2686
1,1,0,315,2164,2733
1,1,0,316,2109,2752
1,1,0,317,2085,2782
1,1,0,318,2103,2821
1,1,0,319,2068,2817
1,1,0,320,2099,2853
1,1,0,321,2047,2827
1,1,0,322,2080,2859
1,1,0,323,2031,2854
1,1,0,324,2048,2883
1,1,0,325,2036,2877
1,1,0,326,1997,2885
1,1,0,327,2028,2950
1,1,0,328,1959,2920
1,1,0,329,1997,2976
1,1,0,330,1949,2983
1,1,0,331,1958,3001
1,1,0,332,1951,2989
1,1,0,333,1922,3017
1,1,0,334,1942,3062
1,1,0,335,1904,3037
1,1,0,336,1944,3071
1,1,0,337,1870,3059
1,1,0,338,1919,3116
1,1,0,339,1863,3087
1,1,0,340,1863,3099
1,1,0,341,1899,3125
1,1,0,342,1830,3137
1,1,0,343,1875,3177
1,1,0,344,1838,3142
1,1,0,345,1855,3174
1,1,0,346,1832,3163
1,1,0,347,1827,3215
1,1,0,348,1817,3216
1,1,0,349,1809,3235
1,1,0,350,1832,3259
1,1,0,351,1762,3235
1,1,0,352,1810,3319
1,1,0,353,1733,3286
1,1,0,354,1750,3320
1,1,0,355,1759,3323
1,1,0,356,1710,3381
1,1,0,357,1722,3404
1,1,0,358,1687,3395
1,1,0,359,1705,3444
1,1,0,360,1647,3425
1,1,0,361,1674,3487
1,1,0,362,1633,3441
1,1,0,363,1621,3470
1,1,0,364,1643,3510
1,1,0,365,1630,3454
1,1,0,366,1646,3529
1,1,0,367,1599,3512
1,1,0,368,1606,3555
1,1,0,369,1571,3525
1,1,0,370,1532,3615
1,1,0,371,1514,3610
1,1,0,372,1513,3589
1,1,0,373,1532,3666
1,1,0,374,1472,3596
1,1,0,375,1497,3700
1,1,0,376,1450,3674
1,1,0,377,1438,3728
1,1,0,378,1471,3681
1,1,0,379,1418,3721
1,1,0,380,1425,3754
1,1,0,381,1380,3744
1,1,0,382,1398,3806
1,1,0,383,1343,3768
1,1,0,384,1368,3837
1,1,0,385,1296,3804
1,1,0,386,1291,3825
1,1,0,387,1325,3871
1,1,0,388,1260,3832
1,1,0,389,1281,3903
1,1,0,390,1248,3870
1,1,0,391,1250,3914
1,1,0,392,1216,3893
1,1,0,393,1206,3942
1,1,0,394,1191,3945
1,1,0,395,1151,3945
1,1,0,396,1203,3974
1,1,0,397,1118,3927
1,1,0,398,1164,4007
1,1,0,399,1129,3958
1,1,0,400,1107,4017
1,1,0,401,1117,4013
1,1,0,402,1053,4023
1,1,0,403,1073,4065
1,1,0,404,1035,4051
1,1,0,405,1037,4106
1,1,0,406,1003,4047
1,1,0,407,1042,4105
1,1,0,408,1007,4053
1,1,0,409,986,4092
1,1,0,410,982,4144
1,1,0,411,906,4122
1,1,0,412,934,4201
1,1,0,413,898,4157
1,1,0,414,907,4213
1,1,0,415,897,4183
1,1,0,416,882,4214
1,1,0,417,888,4202
1,1,0,418,870,4200
1,1,0,419,868,4271
1,1,0,420,817,4223
1,1,0,421,852,4328
1,1,0,422,781,4261
1,1,0,423,787,4319
1,1,0,424,785,4323
1,1,0,425,738,4340
1,1,0,426,755,4387
1,1,0,427,732,4344
1,1,0,428,748,4391
1,1,0,429,719,4337
1,1,0,430,728,4391
1,1,0,431,699,4363
1,1,0,432,698,4408
1,1,0,433,678,4437
1,1,0,434,621,4417
1,1,0,435,657,4508
1,1,0,436,596,4433
1,1,0,437,591,4515
1,1,0,438,546,4519
1,1,0,439,524,4550
1,1,0,440,536,4543
1,1,0,441,492,4565
1,1,0,442,477,4626
1,1,0,443,484,4544
1,1,0,444,498,4625
1,1,0,445,435,4555
1,1,0,446,430,4630
1,1,0,447,408,4639
1,1,0,448,373,4617
1,1,0,449,402,4690
1,1,0,450,336,4669
1,1,0,451,342,4738
1,1,0,452,292,4682
1,1,0,453,280,4769
1,1,0,454,253,4719
1,1,0,455,295,4726
1,1,0,456,285,4742
1,1,0,457,228,4711
1,1,0,458,238,4826
1,1,0,459,158,4745
1,1,0,460,148,4846
1,1,0,461,150,4810
1,1,0,462,126,4822
1,1,0,463,110,4864
1,1,0,464,93,4837
1,1,0,465,131,4869
1,1,0,466,74,4829
1,1,0,467,15,4948
1,1,0,468,-23,4871
1,1,0,469,1,4929
1,1,0,470,-8,4899
1,1,0,471,-38,4874
1,1,0,472,-21,4969
1,1,0,473,-84,4923
1,1,0,474,-92,5007
1,1,0,475,-110,4946
1,1,0,476,-136,5010
1,1,0,477,-131,4978
1,1,0,478,-152,5010
1,1,0,479,-176,5029
1,1,0,480,-189,4974
1,1,0,481,-148,5054
1,1,0,482,-218,4965
1,1,0,483,-245,5072
1,1,0,484,-274,5051
1,1,0,485,-314,5068
1,1,0,486,-288,5094
1,1,0,487,-321,5050
1,1,0,488,-303,5120
1,1,0,489,-331,5078
1,1,0,490,-379,5157
1,1,0,491,-426,5112
1,1,0,492,-436,5184
1,1,0,493,-442,5159
1,1,0,494,-454,5155
1,1,0,495,-454,5244
1,1,0,496,-515,5147
1,1,0,497,-493,5234
1,1,0,498,-540,5187
1,1,0,499,-574,5238
1,1,0,500,-572,5215
1,1,0,501,-580,5231
1,1,0,502,-570,5257
1,1,0,503,-597,5222
1,1,0,504,-648,5341
1,1,0,505,-677,5248
1,1,0,506,-653,5343
1,1,0,507,-665,5252
1,1,0,508,-723,5285
1,1,0,509,-690,5323
1,1,0,510,-739,5306
1,1,0,511,-761,5381
1,1,1,0,2100,-547
1,1,1,1,2057,-531
1,1,1,2,2094,-527
1,1,1,3,2089,-527
1,1,1,4,2094,-521
1,1,1,5,2118,-514
1,1,1,6,2107,-502
1,1,1,7,2132,-503
1,1,1,8,2115,-468
1,1,1,9,2165,-467
1,1,1,10,2121,-451
1,1,1,11,2144,-454
1,1,1,12,2148,-455
1,1,1,13,2156,-417
1,1,1,14,2188,-418
1,1,1,15,2162,-401
1,1,1,16,2193,-397
1,1,1,17,2162,-356
1,1,1,18,2202,-368
1,1,1,19,2178,-354
1,1,1,20,2198,-342
1,1,1,21,2204,-361
1,1,1,22,2167,-332
1,1,1,23,2214,-337
1,1,1,24,2193,-308
1,1,1,25,2224,-300
1,1,1,26,2198,-282
1,1,1,27,2204,-284
1,1,1,28,2208,-271
1,1,1,29,2208,-240
1,1,1,30,2237,-249
1,1,1,31,2202,-236
1,1,1,32,2254,-254
1,1,1,33,2189,-224
1,1,1,34,2231,-226
1,1,1,35,2233,-206
1,1,1,36,2215,-186
1,1,1,37,2247,-192
1,1,1,38,2218,-173
1,1,1,39,2251,-192
1,1,1,40,2215,-167
1,1,1,41,2250,-168
1,1,1,42,2217,-148
1,1,1,43,2238,-144
1,1,1,44,2239,-130
1,1,1,45,2215,-100
1,1,1,46,2268,-95
1,1,1,47,2207,-88
1,1,1,48,2246,-98
1,1,1,49,2232,-93
1,1,1,50,2243,-85
1,1,1,51,2244,-79
1,1,1,52,2239,-77
1,1,1,53,2268,-72
1,1,1,54,2225,-58
1,1,1,55,2268,-39
1,1,1,56,2219,-30
1,1,1,57,2262,-33
1,1,1,58,2232,-16
1,1,1,59,2229,-1
1,1,1,60,2263,-3
1,1,1,61,2233,20
1,1,1,62,2269,9
1,1,1,63,2235,11
1,1,1,64,2265,12
1,1,1,65,2242,34
1,1,1,66,2267,49
1,1,1,67,2263,49
1,1,1,68,2248,58
1,1,1,69,2292,46
1,1,1,70,2237,77
1,1,1,71,2291,73
1,1,1,72,2236,81
1,1,1,73,2265,74
1,1,1,74,2269,86
1,1,1,75,2272,101
1,1,1,76,2291,101
1,1,1,77,2275,121
1,1,1,78,2307,129
1,1,1,79,2266,127
1,1,1,80,2312,135
1,1,1,81,2276,161
1,1,1,82,2292,153
1,1,1,83,2307,151
1,1,1,84,2270,170
1,1,1,85,2320,175
1,1,1,86,2282,191
1,1,1,87,2319,207
1,1,1,88,2300,200
1,1,1,89,2308,218
1,1,1,90,2318,220
1,1,1,91,2306,233
1,1,1,92,2328,251
1,1,1,93,2289,268
1,1,1,94,2339,267
1,1,1,95,2280,280
1,1,1,96,2318,282
1,1,1,97,2312,286
1,1,1,98,2287,300
1,1,1,99,2327,305
1,1,1,100,2297,324
1,1,1,101,2333,335
1,1,1,102,2295,346
1,1,1,103,2319,365
1,1,1,104,2294,372
1,1,1,105,2309,383
1,1,1,106,2301,390
1,1,1,107,2276,393
1,1,1,108,2337,389
1,1,1,109,2262,408
1,1,1,110,2322,418
1,1,1,111,2288,435
1,1,1,112,2288,448
1,1,1,113,2299,441
1,1,1,114,2282,464
1,1,1,115,2309,463
1,1,1,116,2273,478
1,1,1,117,2306,484
1,1,1,118,2259,492
1,1,1,119,2303,498
1,1,1,120,2270,514
1,1,1,121,2266,530
1,1,1,122,2294,535
1,1,1,123,2242,533
1,1,1,124,2296,552
1,1,1,125,2253,538
1,1,1,126,2273,548
1,1,1,127,2253,549
1,1,1,128,2266,547
1,1,1,129,2273,546
1,1,1,130,2251,558
1,1,1,131,2289,579
1,1,1,132,2245,582
1,1,1,133,2286,600
1,1,1,134,2229,601
1,1,1,135,2258,612
1,1,1,136,2264,614
1,1,1,137,2243,628
1,1,1,138,2281,627
1,1,1,139,2247,635
1,1,1,140,2282,633
1,1,1,141,2239,639
1,1,1,142,2279,650
1,1,1,143,2250,651
1,1,1,144,2260,653
1,1,1,145,2280,656
1,1,1,146,2235,668
1,1,1,147,2293,693
1,1,1,148,2246,691
1,1,1,149,2273,692
1,1,1,150,2253,686
1,1,1,151,2264,706
1,1,1,152,2271,712
1,1,1,153,2259,722
1,1,1,154,2284,725
1,1,1,155,2251,721
1,1,1,156,2297,740
1,1,1,157,2250,734
1,1,1,158,2287,746
1,1,1,159,2281,752
1,1,1,160,2257,742
1,1,1,161,2299,748
1,1,1,162,2265,755
1,1,1,163,2304,768
1,1,1,164,2278,782
1,1,1,165,2300,795
1,1,1,166,2284,798
1,1,1,167,2294,808
1,1,1,168,2304,810
1,1,1,169,2286,824
1,1,1,170,2338,830
1,1,1,171,2273,816
1,1,1,172,2324,837
1,1,1,173,2300,828
1,1,1,174,2299,852
1,1,1,175,2318,850
1,1,1,176,2310,856
1,1,1,177,2335,879
1,1,1,178,2315,884
1,1,1,179,2350,892
1,1,1,180,2315,898
1,1,1,181,2351,909
1,1,1,182,2327,893
1,1,1,183,2318,899
1,1,1,184,2353,907
1,1,1,185,2329,905
1,1,1,186,2370,935
1,1,1,187,2352,932
1,1,1,188,2362,942
1,1,1,189,2358,953
1,1,1,190,2373,962
1,1,1,191,2382,965
1,1,1,192,2366,978
1,1,1,193,2415,993
1,1,1,194,2364,995
1,1,1,195,2416,1013
1,1,1,196,2391,1007
1,1,1,197,2396,1016
1,1,1,198,2420,1029
1,1,1,199,2413,1048
1,1,1,200,2441,1082
1,1,1,201,2417,1068
1,1,1,202,2448,1078
1,1,1,203,2413,1078
1,1,1,204,2452,1122
1,1,1,205,2432,1122
1,1,1,206,2440,1137
1,1,1,207,2469,1136
1,1,1,208,2425,1137
1,1,1,209,2478,1172
1,1,1,210,2439,1193
1,1,1,211,2469,1181
1,1,1,212,2457,1183
1,1,1,213,2467,1202
1,1,1,214,2464,1211
1,1,1,215,2454,1231
1,1,1,216,2500,1247
1,1,1,217,2431,1246
1,1,1,218,2496,1269
1,1,1,219,2454,1282
1,1,1,220,2460,1302
1,1,1,221,2476,1331
1,1,1,222,2461,1346
1,1,1,223,2496,1352
1,1,1,224,2464,1373
1,1,1,225,2499,1368
1,1,1,226,2457,1362
1,1,1,227,2499,1390
1,1,1,228,2471,1396
1,1,1,229,2469,1417
1,1,1,230,2500,1443
1,1,1,231,2447,1444
1,1,1,232,2504,1462
1,1,1,233,2464,1480
1,1,1,234,2492,1502
1,1,1,235,2469,1530
1,1,1,236,2461,1559
1,1,1,237,2476,1571
1,1,1,238,2457,1566
1,1,1,239,2494,1593
1,1,1,240,2438,1588
1,1,1,241,2495,1608
1,1,1,242,2440,1588
1,1,1,243,2461,1610
1,1,1,244,2471,1620
1,1,1,245,2444,1632
1,1,1,246,2482,1668
1,1,1,247,2438,1655
1,1,1,248,2473,1664
1,1,1,249,2434,1695
1,1,1,250,2463,1718
1,1,1,251,2436,1713
1,1,1,252,2440,1756
1,1,1,253,2459,1764
1,1,1,254,2419,1765
1,1,1,255,2478,1788
1,1,1,256,2416,1794
1,1,1,257,2434,1838
1,1,1,258,2426,1826
1,1,1,259,2415,1855
1,1,1,260,2434,1864
1,1,1,261,2420,1855
1,1,1,262,2449,1887
1,1,1,263,2397,1879
1,1,1,264,2447,1915
1,1,1,265,2389,1921
1,1,1,266,2414,1920
1,1,1,267,2426,1937
1,1,1,268,2383,1966
1,1,1,269,2434,2005
1,1,1,270,2387,2000
1,1,1,271,2428,2020
1,1,1,272,2382,2015
1,1,1,273,2399,2079
1,1,1,274,2370,2092
1,1,1,275,2374,2094
1,1,1,276,2393,2096
1,1,1,277,2350,2103
1,1,1,278,2409,2152
1,1,1,279,2351,2114
1,1,1,280,2379,2179
1,1,1,281,2367,2159
1,1,1,282,2347,2170
1,1,1,283,2373,2209
1,1,1,284,2337,2242
1,1,1,285,2371,2253
1,1,1,286,2308,2256
1,1,1,287,2348,2312
1,1,1,288,2296,2289
1,1,1,289,2335,2295
1,1,1,290,2336,2307
1,1,1,291,2288,2327
1,1,1,292,2329,2379
1,1,1,293,2288,2384
1,1,1,294,2309,2428
1,1,1,295,2266,2399
1,1,1,296,2270,2446
1,1,1,297,2267,2442
1,1,1,298,2265,2449
1,1,1,299,2283,2470
1,1,1,300,2234,2446
1,1,1,301,2276,2545
1,1,1,302,2206,2523
1,1,1,303,2227,2568
1,1,1,304,2215,2556
1,1,1,305,2185,2613
1,1,1,306,2210,2624
1,1,1,307,2184,2611
1,1,1,308,2214,2630
1,1,1,309,2158,2629
1,1,1,310,2188,2687
1,1,1,311,2138,2649
1,1,1,312,2144,2705
1,1,1,313,2134,2732
1,1,1,314,2104,2697
1,1,1,315,2161,2738
1,1,1,316,2088,2754
1,1,1,317,2127,2779
1,1,1,318,2102,2752
1,1,1,319,2105,2785
1,1,1,320,2064,2810
1,1,1,321,2050,2840
1,1,1,322,2074,2859
1,1,1,323,2017,2831
1,1,1,324,2089,2887
1,1,1,325,1993,2861
1,1,1,326,2016,2917
1,1,1,327,1989,2933
1,1,1,328,1969,2934
1,1,1,329,1996,2951
1,1,1,330,1963,2961
1,1,1,331,1974,3014
1,1,1,332,1923,2998
1,1,1,333,1962,3029
1,1,1,334,1904,3014
1,1,1,335,1929,3039
1,1,1,336,1928,3028
1,1,1,337,1886,3026
1,1,1,338,1916,3097
1,1,1,339,1847,3112
1,1,1,340,1885,3152
1,1,1,341,1862,3132
1,1,1,342,1852,3161
1,1,1,343,1837,3159
1,1,1,344,1816,3191
1,1,1,345,1833,3208
1,1,1,346,1794,3189
1,1,1,347,1846,3257
1,1,1,348,1785,3184
1,1,1,349,1808,3258
1,1,1,350,1773,3275
1,1,1,351,1749,3284
1,1,1,352,1792,3290
1,1,1,353,1763,3272
1,1,1,354,1789,3315
1,1,1,355,1736,3302
1,1,1,356,1741,3368
1,1,1,357,1704,3365
1,1,1,358,1721,3380
1,1,1,359,1690,3381
1,1,1,360,1658,3413
1,1,1,361,1693,3487
1,1,1,362,1603,3451
1,1,1,363,1641,3517
1,1,1,364,1606,3491
1,1,1,365,1593,3536
1,1,1,366,1605,3525
1,1,1,367,1596,3507
1,1,1,368,1622,3538
1,1,1,369,1570,3531
1,1,1,370,1589,3590
1,1,1,371,1531,3552
1,1,1,372,1563,3618
1,1,1,373,1477,3624
1,1,1,374,1466,3663
1,1,1,375,1507,3675
1,1,1,376,1446,3635
1,1,1,377,1475,3721
1,1,1,378,1410,3702
1,1,1,379,1440,3738
1,1,1,380,1386,3742
1,1,1,381,1361,3782
1,1,1,382,1353,3791
1,1,1,383,1347,3775
1,1,1,384,1363,3826
1,1,1,385,1284,3783
1,1,1,386,1343,3861
1,1,1,387,1279,3820
1,1,1,388,1265,3869
1,1,1,389,1280,3867
1,1,1,390,1235,3874
1,1,1,391,1285,3905
1,1,1,392,1234,3893
1,1,1,393,1235,3943
1,1,1,394,1195,3886
1,1,1,395,1197,3961
1,1,1,396,1175,3923
1,1,1,397,1148,3960
1,1,1,398,1118,4019
1,1,1,399,1074,3979
1,1,1,400,1110,4064
1,1,1,401,1064,4015
1,1,1,402,1082,4058
1,1,1,403,1062,4030
1,1,1,404,1071,4044
1,1,1,405,1063,4056
1,1,1,406,1047,4042
1,1,1,407,1017,4128
1,1,1,408,981,4067
1,1,1,409,1009,4162
1,1,1,410,944,4093
1,1,1,411,959,4141
1,1,1,412,959,4144
1,1,1,413,916,4144
1,1,1,414,921,4209
1,1,1,415,895,4180
1,1,1,416,902,4238
1,1,1,417,901,4176
1,1,1,418,879,4236
1,1,1,419,865,4203
1,1,1,420,843,4242
1,1,1,421,843,4276
1,1,1,422,787,4279
1,1,1,423,801,4377
1,1,1,424,774,4255
1,1,1,425,782,4344
1,1,1,426,780,4324
1,1,1,427,737,4352
1,1,1,428,722,4391
1,1,1,429,689,4384
1,1,1,430,718,4422
1,1,1,431,684,4366
1,1,1,432,664,4473
1,1,1,433,623,4395
1,1,1,434,663,4454
1,1,1,435,615,4461
1,1,1,436,568,4465
1,1,1,437,599,4547
1,1,1,438,536,4503
1,1,1,439,526,4591
1,1,1,440,514,4530
1,1,1,441,536,4568
1,1,1,442,487,4553
1,1,1,443,498,4574
1,1,1,444,503,4582
1,1,1,445,468,4564
1,1,1,446,478,4652
1,1,1,447,399,4589
1,1,1,448,406,4670
1,1,1,449,375,4662
1,1,1,450,334,4690
1,1,1,451,343,4716
1,1,1,452,344,4670
1,1,1,453,331,4743
1,1,1,454,305,4693
1,1,1,455,292,4771
1,1,1,456,248,4712
1,1,1,457,253,4779
1,1,1,458,230,4757
1,1,1,459,172,4758
1,1,1,460,163,4861
1,1,1,461,104,4800
1,1,1,462,121,4870
1,1,1,463,75,4842
1,1,1,464,65,4890
1,1,1,465,60,4862
1,1,1,466,70,4867
1,1,1,467,82,4888
1,1,1,468,36,4862
1,1,1,469,68,4927
1,1,1,470,2,4854
1,1,1,471,9,4946
1,1,1,472,-53,4912
1,1,1,473,-92,4934
1,1,1,474,-80,4965
1,1,1,475,-131,4964
1,1,1,476,-115,5003
1,1,1,477,-137,4963
1,1,1,478,-162,5052
1,1,1,479,-221,4991
1,1,1,480,-196,5054
1,1,1,481,-221,5024
1,1,1,482,-250,5022
1,1,1,483,-234,5093
1,1,1,484,-306,5022
1,1,1,485,-271,5113
1,1,1,486,-290,5054
1,1,1,487,-270,5081
1,1,1,488,-301,5063
1,1,1,489,-365,5109
1,1,1,490,-389,5157
1,1,1,491,-400,5112
1,1,1,492,-410,5187
1,1,1,493,-431,5097
1,1,1,494,-431,5212
1,1,1,495,-477,5148
1,1,1,496,-518,5176
1,1,1,497,-501,5218
1,1,1,498,-543,5197
1,1,1,499,-541,5265
1,1,1,500,-546,5190
1,1,1,501,-556,5261
1,1,1,502,-601,5228
1,1,1,503,-641,5304
1,1,1,504,-670,5282
1,1,1,505,-673,5283
1,1,1,506,-657,5330
1,1,1,507,-683,5234
1,1,1,508,-687,5341
1,1,1,509,-723,5286
1,1,1,510,-747,5359
1,1,1,511,-746,5329
1,1,2,0,2089,-539
1,1,2,1,2076,-534
1,1,2,2,2097,-539
1,1,2,3,2090,-523
1,1,2,4,2114,-520
1,1,2,5,2082,-496
1,1,2,6,2128,-500
1,1,2,7,2099,-489
1,1,2,8,2109,-472
1,1,2,9,2137,-483
1,1,2,10,2138,-430
1,1,2,11,2186,-429
1,1,2,12,2153,-420
1,1,2,13,2176,-411
1,1,2,14,2153,-400
1,1,2,15,2169,-412
1,1,2,16,2165,-396
1,1,2,17,2169,-387
1,1,2,18,2206,-366
1,1,2,19,2162,-342
1,1,2,20,2200,-364
1,1,2,21,2174,-345
1,1,2,22,2201,-345
1,1,2,23,2197,-314
1,1,2,24,2196,-307
1,1,2,25,2215,-295
1,1,2,26,2190,-283
1,1,2,27,2233,-281
1,1,2,28,2180,-245
1,1,2,29,2233,-265
1,1,2,30,2197,-236
1,1,2,31,2206,-225
1,1,2,32,2236,-235
1,1,2,33,2212,-217
1,1,2,34,2249,-229
1,1,2,35,2218,-213
1,1,2,36,2243,-216
1,1,2,37,2217,-192
1,1,2,38,2242,-182
1,1,2,39,2227,-172
1,1,2,40,2232,-169
1,1,2,41,2250,-166
1,1,2,42,2201,-131
1,1,2,43,2260,-127
1,1,2,44,2214,-114
1,1,2,45,2246,-117
1,1,2,46,2231,-130
1,1,2,47,2221,-101
1,1,2,48,2244,-96
1,1,2,49,2230,-86
1,1,2,50,2257,-103
1,1,2,51,2217,-88
1,1,2,52,2261,-82
1,1,2,53,2222,-54
1,1,2,54,2259,-55
1,1,2,55,2244,-48
1,1,2,56,2217,-23
1,1,2,57,2268,-38
1,1,2,58,2229,-13
1,1,2,59,2268,-18
1,1,2,60,2231,-3
1,1,2,61,2257,0
1,1,2,62,2251,8
1,1,2,63,2247,29
1,1,2,64,2266,28
1,1,2,65,2242,41
1,1,2,66,2288,51
1,1,2,67,2232,58
1,1,2,68,2281,51
1,1,2,69,2240,59
1,1,2,70,2251,80
1,1,2,71,2283,65
1,1,2,72,2258,76
1,1,2,73,2289,79
1,1,2,74,2254,86
1,1,2,75,2289,94
1,1,2,76,2263,103
1,1,2,77,2289,112
1,1,2,78,2279,125
1,1,2,79,2278,123
1,1,2,80,2312,143
1,1,2,81,2270,175
1,1,2,82,2313,173
1,1,2,83,2282,180
1,1,2,84,2301,179
1,1,2,85,2299,181
1,1,2,86,2298,215
1,1,2,87,2317,206
1,1,2,88,2296,223
1,1,2,89,2335,227
1,1,2,90,2294,242
1,1,2,91,2336,249
1,1,2,92,2288,263
1,1,2,93,2314,260
1,1,2,94,2321,268
1,1,2,95,2283,290
1,1,2,96,2335,282
1,1,2,97,2285,307
1,1,2,98,2332,299
1,1,2,99,2306,299
1,1,2,100,2308,322
1,1,2,101,2306,332
1,1,2,102,2299,367
1,1,2,103,2324,348
1,1,2,104,2290,369
1,1,2,105,2338,365
1,1,2,106,2272,388
1,1,2,107,2325,400
1,1,2,108,2293,416
1,1,2,109,2269,438
1,1,2,110,2304,438
1,1,2,111,2279,449
1,1,2,112,2314,451
1,1,2,113,2275,460
1,1,2,114,2310,463
1,1,2,115,2277,460
1,1,2,116,2300,472
1,1,2,117,2281,477
1,1,2,118,2263,492
1,1,2,119,2306,513
1,1,2,120,2240,511
1,1,2,121,2300,521
1,1,2,122,2270,526
1,1,2,123,2280,525
1,1,2,124,2262,527
1,1,2,125,2263,547
1,1,2,126,2275,544
1,1,2,127,2249,554
1,1,2,128,2288,553
1,1,2,129,2237,561
1,1,2,130,2285,575
1,1,2,131,2238,577
1,1,2,132,2246,586
1,1,2,133,2267,590
1,1,2,134,2235,596
1,1,2,135,2276,621
1,1,2,136,2244,618
1,1,2,137,2275,635
1,1,2,138,2248,628
1,1,2,139,2273,639
1,1,2,140,2254,638
1,1,2,141,2251,643
1,1,2,142,2280,659
1,1,2,143,2221,647
1,1,2,144,2282,666
1,1,2,145,2244,660
1,1,2,146,2264,669
1,1,2,147,2263,673
1,1,2,148,2247,691
1,1,2,149,2280,699
1,1,2,150,2244,693
1,1,2,151,2277,704
1,1,2,152,2241,698
1,1,2,153,2286,714
1,1,2,154,2251,705
1,1,2,155,2268,717
1,1,2,156,2280,741
1,1,2,157,2250,742
1,1,2,158,2302,753
1,1,2,159,2261,758
1,1,2,160,2299,770
1,1,2,161,2273,756
1,1,2,162,2278,778
1,1,2,163,2279,784
1,1,2,164,2277,784
1,1,2,165,2292,797
1,1,2,166,2261,800
1,1,2,167,2317,807
1,1,2,168,2262,802
1,1,2,169,2309,825
1,1,2,170,2293,821
1,1,2,171,2279,825
1,1,2,172,2318,837
1,1,2,173,2301,839
1,1,2,174,2334,855
1,1,2,175,2302,855
1,1,2,176,2323,863
1,1,2,177,2304,860
1,1,2,178,2326,871
1,1,2,179,2320,874
1,1,2,180,2305,889
1,1,2,181,2352,899
1,1,2,182,2299,887
1,1,2,183,2344,908
1,1,2,184,2323,914
1,1,2,185,2336,920
1,1,2,186,2348,925
1,1,2,187,2342,934
1,1,2,188,2378,953
1,1,2,189,2348,952
1,1,2,190,2390,970
1,1,2,191,2357,981
1,1,2,192,2389,984
1,1,2,193,2372,995
1,1,2,194,2373,1001
1,1,2,195,2400,1000
1,1,2,196,2373,999
1,1,2,197,2418,1044
1,1,2,198,2402,1049
1,1,2,199,2431,1070
1,1,2,200,2414,1069
1,1,2,201,2431,1082
1,1,2,202,2430,1066
1,1,2,203,2412,1074
1,1,2,204,2449,1092
1,1,2,205,2400,1096
1,1,2,206,2453,1110
1,1,2,207,2433,1123
1,1,2,208,2441,1134
1,1,2,209,2449,1135
1,1,2,210,2441,1159
1,1,2,211,2472,1157
1,1,2,212,2441,1163
1,1,2,213,2487,1206
1,1,2,214,2449,1241
1,1,2,215,2496,1262
1,1,2,216,2461,1284
1,1,2,217,2466,1287
1,1,2,218,2488,1290
1,1,2,219,2444,1291
1,1,2,220,2483,1310
1,1,2,221,2461,1304
1,1,2,222,2494,1331
1,1,2,223,2464,1331
1,1,2,224,2484,1354
1,1,2,225,2483,1375
1,1,2,226,2467,1374
1,1,2,227,2496,1380
1,1,2,228,2451,1389
1,1,2,229,2500,1408
1,1,2,230,2455,1421
1,1,2,231,2471,1461
1,1,2,232,2478,1475
1,1,2,233,2465,1488
1,1,2,234,2488,1496
1,1,2,235,2463,1475
1,1,2,236,2496,1518
1,1,2,237,2446,1532
1,1,2,238,2482,1581
1,1,2,239,2444,1584
1,1,2,240,2455,1595
1,1,2,241,2478,1606
1,1,2,242,2432,1599
1,1,2,243,2480,1631
1,1,2,244,2441,1654
1,1,2,245,2471,1683
1,1,2,246,2438,1669
1,1,2,247,2458,1681
1,1,2,248,2450,1676
1,1,2,249,2439,1672
1,1,2,250,2474,1711
1,1,2,251,2414,1724
1,1,2,252,2459,1764
1,1,2,253,2432,1759
1,1,2,254,2443,1762
1,1,2,255,2444,1764
1,1,2,256,2431,1782
1,1,2,257,2449,1790
1,1,2,258,2423,1811
1,1,2,259,2455,1853
1,1,2,260,2413,1850
1,1,2,261,2449,1905
1,1,2,262,2405,1885
1,1,2,263,2418,1895
1,1,2,264,2426,1927
1,1,2,265,2390,1931
1,1,2,266,2439,1954
1,1,2,267,2403,1955
1,1,2,268,2428,1985
1,1,2,269,2397,1978
1,1,2,270,2407,2030
1,1,2,271,2400,2014
1,1,2,272,2396,2015
1,1,2,273,2423,2027
1,1,2,274,2359,2055
1,1,2,275,2420,2094
1,1,2,276,2366,2075
1,1,2,277,2376,2130
1,1,2,278,2364,2138
1,1,2,279,2352,2166
1,1,2,280,2378,2166
1,1,2,281,2355,2162
1,1,2,282,2384,2194
1,1,2,283,2341,2199
1,1,2,284,2382,2234
1,1,2,285,2323,2231
1,1,2,286,2326,2285
1,1,2,287,2344,2295
1,1,2,288,2298,2293
1,1,2,289,2349,2321
1,1,2,290,2309,2309
1,1,2,291,2332,2346
1,1,2,292,2299,2335
1,1,2,293,2310,2383
1,1,2,294,2287,2391
1,1,2,295,2267,2407
1,1,2,296,2308,2416
1,1,2,297,2256,2408
1,1,2,298,2306,2467
1,1,2,299,2231,2461
1,1,2,300,2267,2501
1,1,2,301,2244,2522
1,1,2,302,2233,2528
1,1,2,303,2251,2551
1,1,2,304,2204,2557
1,1,2,305,2238,2591
1,1,2,306,2194,2581
1,1,2,307,2215,2622
1,1,2,308,2153,2624
1,1,2,309,2184,2646
1,1,2,310,2177,2663
1,1,2,311,2132,2664
1,1,2,312,2194,2689
1,1,2,313,2118,2726
1,1,2,314,2143,2767
1,1,2,315,2119,2753
1,1,2,316,2098,2777
1,1,2,317,2106,2778
1,1,2,318,2083,2797
1,1,2,319,2105,2810
1,1,2,320,2065,2785
1,1,2,321,2106,2840
1,1,2,322,2040,2803
1,1,2,323,2058,2872
1,1,2,324,2010,2880
1,1,2,325,1967,2916
1,1,2,326,2035,2911
1,1,2,327,1986,2901
1,1,2,328,2022,2952
1,1,2,329,1976,2938
1,1,2,330,1998,2973
1,1,2,331,1967,2961
1,1,2,332,1946,3000
1,1,2,333,1928,3025
1,1,2,334,1893,3015
1,1,2,335,1945,3075
1,1,2,336,1870,3057
1,1,2,337,1911,3107
1,1,2,338,1873,3099
1,1,2,339,1879,3092
1,1,2,340,1895,3098
1,1,2,341,1863,3117
1,1,2,342,1895,3131
1,1,2,343,1855,3113
1,1,2,344,1877,3161
1,1,2,345,1829,3144
1,1,2,346,1833,3218
1,1,2,347,1799,3219
1,1,2,348,1770,3232
1,1,2,349,1834,3244
1,1,2,350,1759,3255
1,1,2,351,1788,3297
1,1,2,352,1749,3284
1,1,2,353,1760,3348
1,1,2,354,1730,3321
1,1,2,355,1729,3358
1,1,2,356,1716,3382
1,1,2,357,1680,3365
1,1,2,358,1750,3402
1,1,2,359,1667,3367
1,1,2,360,1708,3418
1,1,2,361,1665,3430
1,1,2,362,1660,3441
1,1,2,363,1637,3484
1,1,2,364,1599,3511
1,1,2,365,1636,3530
1,1,2,366,1604,3486
1,1,2,367,1631,3542
1,1,2,368,1569,3516
1,1,2,369,1595,3567
1,1,2,370,1548,3572
1,1,2,371,1532,3562
1,1,2,372,1553,3623
1,1,2,373,1477,3630
1,1,2,374,1510,3690
1,1,2,375,1466,3653
1,1,2,376,1480,3681
1,1,2,377,1452,3675
1,1,2,378,1449,3694
1,1,2,379,1457,3710
1,1,2,380,1421,3684
1,1,2,381,1459,3755
1,1,2,382,1346,3732
1,1,2,383,1356,3816
1,1,2,384,1341,3792
1,1,2,385,1314,3822
1,1,2,386,1327,3827
1,1,2,387,1260,3844
1,1,2,388,1278,3893
1,1,2,389,1229,3856
1,1,2,390,1271,3917
1,1,2,391,1220,3857
1,1,2,392,1249,3923
1,1,2,393,1175,3925
1,1,2,394,1186,3898
1,1,2,395,1223,3958
1,1,2,396,1125,3915
1,1,2,397,1152,4003
1,1,2,398,1136,3948
1,1,2,399,1146,3994
1,1,2,400,1119,3972
1,1,2,401,1082,4021
1,1,2,402,1073,4038
1,1,2,403,1054,4021
1,1,2,404,1044,4103
1,1,2,405,976,4056
1,1,2,406,1035,4127
1,1,2,407,983,4070
1,1,2,408,993,4088
1,1,2,409,1014,4107
1,1,2,410,971,4091
1,1,2,411,972,4168
1,1,2,412,930,4138
1,1,2,413,961,4171
1,1,2,414,908,4156
1,1,2,415,910,4216
1,1,2,416,860,4211
1,1,2,417,864,4225
1,1,2,418,876,4251
1,1,2,419,848,4183
1,1,2,420,876,4284
1,1,2,421,833,4217
1,1,2,422,830,4284
1,1,2,423,799,4278
1,1,2,424,767,4301
1,1,2,425,771,4343
1,1,2,426,734,4340
1,1,2,427,759,4379
1,1,2,428,729,4318
1,1,2,429,735,4413
1,1,2,430,677,4361
1,1,2,431,674,4417
1,1,2,432,676,4403
1,1,2,433,637,4390
1,1,2,434,689,4441
1,1,2,435,648,4413
1,1,2,436,642,4483
1,1,2,437,604,4457
1,1,2,438,552,4522
1,1,2,439,559,4506
1,1,2,440,528,4537
1,1,2,441,508,4579
1,1,2,442,463,4548
1,1,2,443,478,4648
1,1,2,444,423,4549
1,1,2,445,444,4634
1,1,2,446,420,4618
1,1,2,447,396,4619
1,1,2,448,440,4641
1,1,2,449,384,4617
1,1,2,450,395,4677
1,1,2,451,353,4646
1,1,2,452,320,4736
1,1,2,453,302,4689
1,1,2,454,290,4744
1,1,2,455,246,4734
1,1,2,456,234,4724
1,1,2,457,247,4804
1,1,2,458,158,4735
1,1,2,459,187,4824
1,1,2,460,195,4762
1,1,2,461,158,4809
1,1,2,462,146,4807
1,1,2,463,141,4806
1,1,2,464,122,4847
1,1,2,465,101,4812
1,1,2,466,75,4900
1,1,2,467,29,4833
1,1,2,468,9,4951
1,1,2,469,2,4853
1,1,2,470,-44,4897
1,1,2,471,-24,4942
1,1,2,472,-58,4893
1,1,2,473,-40,4975
1,1,2,474,-70,4908
1,1,2,475,-83,4972
1,1,2,476,-104,4938
1,1,2,477,-133,4993
1,1,2,478,-148,5001
1,1,2,479,-188,4995
1,1,2,480,-213,5069
1,1,2,481,-231,4982
1,1,2,482,-198,5088
1,1,2,483,-251,4981
1,1,2,484,-242,5039
1,1,2,485,-267,5046
1,1,2,486,-301,5075
1,1,2,487,-331,5117
1,1,2,488,-368,5090
1,1,2,489,-352,5144
1,1,2,490,-389,5072
1,1,2,491,-389,5173
1,1,2,492,-424,5095
1,1,2,493,-442,5141
1,1,2,494,-448,5177
1,1,2,495,-448,5098
1,1,2,496,-433,5195
1,1,2,497,-499,5146
1,1,2,498,-498,5215
1,1,2,499,-535,5184
1,1,2,500,-562,5220
1,1,2,501,-611,5243
1,1,2,502,-621,5231
1,1,2,503,-628,5285
1,1,2,504,-636,5205
1,1,2,505,-651,5338
1,1,2,506,-693,5220
1,1,2,507,-681,5291
1,1,2,508,-644,5263
1,1,2,509,-719,5289
1,1,2,510,-751,5361
1,1,2,511,-824,5348
1,1,3,0,2069,-532
1,1,3,1,2100,-538
1,1,3,2,2087,-512
1,1,3,3,2102,-523
1,1,3,4,2103,-521
1,1,3,5,2076,-512
1,1,3,6,2121,-521
1,1,3,7,2111,-481
1,1,3,8,2139,-486
1,1,3,9,2122,-476
1,1,3,10,2149,-450
1,1,3,11,2145,-454
1,1,3,12,2149,-449
1,1,3,13,2168,-436
1,1,3,14,2143,-408
1,1,3,15,2199,-412
1,1,3,16,2162,-382
1,1,3,17,2191,-374
1,1,3,18,2193,-371
1,1,3,19,2190,-338
1,1,3,20,2214,-346
1,1,3,21,2189,-330
1,1,3,22,2228,-341
1,1,3,23,2177,-310
1,1,3,24,2228,-326
1,1,3,25,2190,-300
1,1,3,26,2208,-296
1,1,3,27,2228,-275
1,1,3,28,2192,-257
1,1,3,29,2241,-268
1,1,3,30,2207,-240
1,1,3,31,2238,-250
1,1,3,32,2204,-255
1,1,3,33,2233,-248
1,1,3,34,2225,-229
1,1,3,35,2223,-220
1,1,3,36,2249,-189
1,1,3,37,2216,-168
1,1,3,38,2265,-201
1,1,3,39,2206,-165
1,1,3,40,2231,-169
1,1,3,41,2227,-176
1,1,3,42,2231,-151
1,1,3,43,2252,-146
1,1,3,44,2231,-121
1,1,3,45,2257,-114
1,1,3,46,2223,-108
1,1,3,47,2257,-111
1,1,3,48,2228,-105
1,1,3,49,2248,-102
1,1,3,50,2240,-83
1,1,3,51,2223,-63
1,1,3,52,2275,-82
1,1,3,53,2222,-57
1,1,3,54,2267,-68
1,1,3,55,2235,-34
1,1,3,56,2248,-35
1,1,3,57,2246,-26
1,1,3,58,2244,-12
1,1,3,59,2257,-6
1,1,3,60,2233,6
1,1,3,61,2274,3
1,1,3,62,2213,15
1,1,3,63,2277,8
1,1,3,64,2231,22
1,1,3,65,2234,29
1,1,3,66,2259,33
1,1,3,67,2241,51
1,1,3,68,2276,44
1,1,3,69,2249,66
1,1,3,70,2271,62
1,1,3,71,2249,65
1,1,3,72,2268,85
1,1,3,73,2263,98
1,1,3,74,2256,96
1,1,3,75,2299,103
1,1,3,76,2256,110
1,1,3,77,2307,103
1,1,3,78,2263,130
1,1,3,79,2288,138
1,1,3,80,2285,139
1,1,3,81,2280,138
1,1,3,82,2320,148
1,1,3,83,2286,178
1,1,3,84,2313,164
1,1,3,85,2279,194
1,1,3,86,2321,204
1,1,3,87,2287,199
1,1,3,88,2300,211
1,1,3,89,2311,217
1,1,3,90,2283,236
1,1,3,91,2336,232
1,1,3,92,2292,268
1,1,3,93,2325,259
1,1,3,94,2296,247
1,1,3,95,2311,253
1,1,3,96,2316,302
1,1,3,97,2303,308
1,1,3,98,2328,317
1,1,3,99,2282,322
1,1,3,100,2342,338
1,1,3,101,2289,324
1,1,3,102,2327,335
1,1,3,103,2300,352
1,1,3,104,2282,379
1,1,3,105,2314,375
1,1,3,106,2284,403
1,1,3,107,2324,401
1,1,3,108,2292,407
1,1,3,109,2314,412
1,1,3,110,2288,422
1,1,3,111,2303,423
1,1,3,112,2291,434
1,1,3,113,2257,459
1,1,3,114,2313,460
1,1,3,115,2259,474
1,1,3,116,2307,479
1,1,3,117,2284,471
1,1,3,118,2270,492
1,1,3,119,2277,488
1,1,3,120,2268,503
1,1,3,121,2290,513
1,1,3,122,2255,521
1,1,3,123,2297,539
1,1,3,124,2231,522
1,1,3,125,2274,543
1,1,3,126,2259,542
1,1,3,127,2246,554
1,1,3,128,2286,556
1,1,3,129,2246,563
1,1,3,130,2284,575
1,1,3,131,2241,569
1,1,3,132,2266,585
1,1,3,133,2243,598
1,1,3,134,2256,596
1,1,3,135,2265,599
1,1,3,136,2244,613
1,1,3,137,2291,615
1,1,3,138,2224,623
1,1,3,139,2277,629
1,1,3,140,2252,630
1,1,3,141,2256,639
1,1,3,142,2264,639
1,1,3,143,2247,656
1,1,3,144,2275,662
1,1,3,145,2243,667
1,1,3,146,2282,678
1,1,3,147,2234,683
1,1,3,148,2278,689
1,1,3,149,2247,685
1,1,3,150,2252,695
1,1,3,151,2291,695
1,1,3,152,2240,703
1,1,3,153,2281,712
1,1,3,154,2254,718
1,1,3,155,2277,735
1,1,3,156,2265,730
1,1,3,157,2272,736
1,1,3,158,2280,746
1,1,3,159,2266,746
1,1,3,160,2296,760
1,1,3,161,2255,747
1,1,3,162,2303,770
1,1,3,163,2265,767
1,1,3,164,2286,787
1,1,3,165,2297,797
1,1,3,166,2283,798
1,1,3,167,2307,806
1,1,3,168,2289,807
1,1,3,169,2315,814
1,1,3,170,2281,818
1,1,3,171,2310,816
1,1,3,172,2287,817
1,1,3,173,2288,817
1,1,3,174,2329,849
1,1,3,175,2285,858
1,1,3,176,2340,868
1,1,3,177,2307,874
1,1,3,178,2328,879
1,1,3,179,2313,856
1,1,3,180,2323,879
1,1,3,181,2328,880
1,1,3,182,2333,890
1,1,3,183,2350,906
1,1,3,184,2311,902
1,1,3,185,2374,931
1,1,3,186,2331,923
1,1,3,187,2356,936
1,1,3,188,2379,947
1,1,3,189,2347,951
1,1,3,190,2392,973
1,1,3,191,2368,995
1,1,3,192,2406,1011
1,1,3,193,2384,996
1,1,3,194,2404,1001
1,1,3,195,2389,1007
1,1,3,196,2394,1013
1,1,3,197,2411,1021
1,1,3,198,2373,1009
1,1,3,199,2424,1027
1,1,3,200,2393,1043
1,1,3,201,2423,1060
1,1,3,202,2421,1058
1,1,3,203,2423,1068
1,1,3,204,2445,1084
1,1,3,205,2431,1113
1,1,3,206,2461,1129
1,1,3,207,2426,1134
1,1,3,208,2473,1160
1,1,3,209,2437,1151
1,1,3,210,2463,1165
1,1,3,211,2457,1190
1,1,3,212,2442,1196
1,1,3,213,2492,1209
1,1,3,214,2442,1218
1,1,3,215,2484,1239
1,1,3,216,2453,1240
1,1,3,217,2477,1271
1,1,3,218,2460,1273
1,1,3,219,2459,1300
1,1,3,220,2476,1305
1,1,3,221,2452,1296
1,1,3,222,2499,1313
1,1,3,223,2440,1335
1,1,3,224,2490,1357
1,1,3,225,2470,1364
1,1,3,226,2463,1393
1,1,3,227,2491,1403
1,1,3,228,2462,1418
1,1,3,229,2499,1446
1,1,3,230,2456,1429
1,1,3,231,2492,1437
1,1,3,232,2458,1440
1,1,3,233,2478,1475
1,1,3,234,2463,1482
1,1,3,235,2450,1492
1,1,3,236,2501,1515
1,1,3,237,2430,1522
1,1,3,238,2485,1557
1,1,3,239,2447,1567
1,1,3,240,2463,1601
1,1,3,241,2462,1597
1,1,3,242,2454,1617
1,1,3,243,2472,1621
1,1,3,244,2445,1616
1,1,3,245,2483,1649
1,1,3,246,2430,1643
1,1,3,247,2472,1689
1,1,3,248,2428,1672
1,1,3,249,2438,1676
1,1,3,250,2475,1694
1,1,3,251,2429,1723
1,1,3,252,2466,1742
1,1,3,253,2429,1750
1,1,3,254,2452,1793
1,1,3,255,2412,1784
1,1,3,256,2445,1819
1,1,3,257,2433,1796
1,1,3,258,2423,1824
1,1,3,259,2454,1852
1,1,3,260,2399,1845
1,1,3,261,2461,1867
1,1,3,262,2399,1892
1,1,3,263,2417,1924
1,1,3,264,2417,1912
1,1,3,265,2414,1921
1,1,3,266,2430,1934
1,1,3,267,2406,1944
1,1,3,268,2440,1964
1,1,3,269,2389,1955
1,1,3,270,2445,1977
1,1,3,271,2389,1976
1,1,3,272,2407,2020
1,1,3,273,2407,2034
1,1,3,274,2358,2058
1,1,3,275,2406,2103
1,1,3,276,2371,2094
1,1,3,277,2400,2127
1,1,3,278,2360,2114
1,1,3,279,2383,2163
1,1,3,280,2356,2172
1,1,3,281,2366,2165
1,1,3,282,2386,2189
1,1,3,283,2336,2180
1,1,3,284,2384,2256
1,1,3,285,2308,2258
1,1,3,286,2332,2287
1,1,3,287,2338,2269
1,1,3,288,2327,2293
1,1,3,289,2341,2308
1,1,3,290,2310,2327
1,1,3,291,2335,2363
1,1,3,292,2270,2371
1,1,3,293,2311,2425
1,1,3,294,2271,2375
1,1,3,295,2293,2409
1,1,3,296,2299,2423
1,1,3,297,2257,2410
1,1,3,298,2310,2439
1,1,3,299,2258,2445
1,1,3,300,2292,2462
1,1,3,301,2255,2459
1,1,3,302,2252,2527
1,1,3,303,2246,2525
1,1,3,304,2226,2539
1,1,3,305,2244,2574
1,1,3,306,2184,2559
1,1,3,307,2254,2596
1,1,3,308,2163,2606
1,1,3,309,2178,2657
1,1,3,310,2161,2672
1,1,3,311,2140,2699
1,1,3,312,2170,2695
1,1,3,313,2125,2712
1,1,3,314,2155,2745
1,1,3,315,2103,2732
1,1,3,316,2140,2783
1,1,3,317,2082,2750
1,1,3,318,2106,2773
1,1,3,319,2101,2808
1,1,3,320,2062,2791
1,1,3,321,2109,2840
1,1,3,322,2034,2844
1,1,3,323,2070,2869
1,1,3,324,2027,2857
1,1,3,325,2010,2900
1,1,3,326,2003,2926
1,1,3,327,1993,2917
1,1,3,328,2018,2942
1,1,3,329,1943,2952
1,1,3,330,1999,3003
1,1,3,331,1931,2961
1,1,3,332,1956,2991
1,1,3,333,1962,2972
1,1,3,334,1927,2992
1,1,3,335,1952,3039
1,1,3,336,1901,3033
1,1,3,337,1932,3065
1,1,3,338,1891,3048
1,1,3,339,1912,3094
1,1,3,340,1866,3072
1,1,3,341,1876,3105
1,1,3,342,1875,3105
1,1,3,343,1821,3122
1,1,3,344,1880,3203
1,1,3,345,1812,3162
1,1,3,346,1826,3222
1,1,3,347,1807,3199
1,1,3,348,1801,3247
1,1,3,349,1805,3235
1,1,3,350,1778,3260
1,1,3,351,1795,3294
1,1,3,352,1734,3301
1,1,3,353,1772,3348
1,1,3,354,1730,3294
1,1,3,355,1756,3325
1,1,3,356,1724,3328
1,1,3,357,1711,3320
1,1,3,358,1733,3378
1,1,3,359,1673,3388
1,1,3,360,1705,3436
1,1,3,361,1641,3440
1,1,3,362,1648,3489
1,1,3,363,1604,3479
1,1,3,364,1634,3483
1,1,3,365,1631,3488
1,1,3,366,1591,3482
1,1,3,367,1627,3569
1,1,3,368,1537,3538
1,1,3,369,1552,3603
1,1,3,370,1528,3591
1,1,3,371,1539,3608
1,1,3,372,1548,3601
1,1,3,373,1540,3585
1,1,3,374,1552,3620
1,1,3,375,1489,3596
1,1,3,376,1489,3718
1,1,3,377,1443,3647
1,1,3,378,1454,3731
1,1,3,379,1401,3709
1,1,3,380,1375,3722
1,1,3,381,1463,3740
1,1,3,382,1360,3723
1,1,3,383,1400,3806
1,1,3,384,1329,3788
1,1,3,385,1325,3836
1,1,3,386,1300,3828
1,1,3,387,1266,3855
1,1,3,388,1259,3892
1,1,3,389,1247,3847
1,1,3,390,1247,3929
1,1,3,391,1165,3886
1,1,3,392,1229,3958
1,1,3,393,1185,3886
1,1,3,394,1177,3914
1,1,3,395,1206,3933
1,1,3,396,1161,3928
1,1,3,397,1173,3988
1,1,3,398,1141,3951
1,1,3,399,1152,4016
1,1,3,400,1087,3985
1,1,3,401,1091,4032
1,1,3,402,1062,4010
1,1,3,403,1052,4012
1,1,3,404,1076,4078
1,1,3,405,1019,4018
1,1,3,406,1039,4105
1,1,3,407,997,4076
1,1,3,408,1011,4089
1,1,3,409,1013,4067
1,1,3,410,973,4104
1,1,3,411,966,4140
1,1,3,412,946,4101
1,1,3,413,961,4167
1,1,3,414,902,4126
1,1,3,415,914,4220
1,1,3,416,890,4143
1,1,3,417,880,4177
1,1,3,418,872,4230
1,1,3,419,826,4231
1,1,3,420,860,4278
1,1,3,421,816,4241
1,1,3,422,835,4296
1,1,3,423,804,4252
1,1,3,424,765,4341
1,1,3,425,743,4327
1,1,3,426,716,4350
1,1,3,427,731,4387
1,1,3,428,682,4338
1,1,3,429,747,4402
1,1,3,430,700,4361
1,1,3,431,720,4372
1,1,3,432,704,4368
1,1,3,433,678,4374
1,1,3,434,653,4454
1,1,3,435,617,4430
1,1,3,436,623,4493
1,1,3,437,589,4432
1,1,3,438,601,4515
1,1,3,439,558,4448
1,1,3,440,523,4541
1,1,3,441,508,4572
1,1,3,442,482,4508
1,1,3,443,494,4611
1,1,3,444,436,4582
1,1,3,445,444,4649
1,1,3,446,413,4606
1,1,3,447,389,4648
1,1,3,448,422,4618
1,1,3,449,403,4622
1,1,3,450,366,4698
1,1,3,451,328,4647
1,1,3,452,360,4735
1,1,3,453,303,4634
1,1,3,454,282,4738
1,1,3,455,261,4732
1,1,3,456,258,4708
1,1,3,457,296,4745
1,1,3,458,213,4728
1,1,3,459,210,4806
1,1,3,460,197,4741
1,1,3,461,202,4804
1,1,3,462,154,4767
1,1,3,463,133,4833
1,1,3,464,91,4853
1,1,3,465,54,4829
1,1,3,466,72,4916
1,1,3,467,5,4817
1,1,3,468,-20,4944
1,1,3,469,-28,4890
1,1,3,470,-49,4932
1,1,3,471,-15,4900
1,1,3,472,-55,4901
1,1,3,473,-40,4959
1,1,3,474,-77,4899
1,1,3,475,-88,4983
1,1,3,476,-114,4909
1,1,3,477,-116,4997
1,1,3,478,-154,4966
1,1,3,479,-207,4970
1,1,3,480,-186,5027
1,1,3,481,-229,5005
1,1,3,482,-225,5067
1,1,3,483,-241,5003
1,1,3,484,-254,5083
1,1,3,485,-281,5025
1,1,3,486,-296,5080
1,1,3,487,-303,5062
1,1,3,488,-341,5030
1,1,3,489,-326,5161
1,1,3,490,-365,5059
1,1,3,491,-395,5153
1,1,3,492,-441,5132
1,1,3,493,-453,5156
1,1,3,494,-438,5146
1,1,3,495,-458,5141
1,1,3,496,-447,5184
1,1,3,497,-453,5121
1,1,3,498,-488,5220
1,1,3,499,-544,5165
1,1,3,500,-549,5246
1,1,3,501,-593,5207
1,1,3,502,-591,5211
1,1,3,503,-613,5275
1,1,3,504,-656,5208
1,1,3,505,-638,5311
1,1,3,506,-674,5244
1,1,3,507,-683,5303
1,1,3,508,-701,5281
1,1,3,509,-715,5296
1,1,3,510,-717,5323
1,1,3,511,-770,5316
1,1,4,0,2071,-520
1,1,4,1,2110,-530
1,1,4,2,2090,-517
1,1,4,3,2085,-523
1,1,4,4,2112,-517
1,1,4,5,2090,-509
1,1,4,6,2113,-514
1,1,4,7,2096,-496
1,1,4,8,2139,-500
1,1,4,9,2113,-467
1,1,4,10,2146,-464
1,1,4,11,2143,-447
1,1,4,12,2134,-438
1,1,4,13,2178,-439
1,1,4,14,2162,-404
1,1,4,15,2194,-413
1,1,4,16,2172,-371
1,1,4,17,2193,-376
1,1,4,18,2181,-373
1,1,4,19,2191,-362
1,1,4,20,2199,-352
1,1,4,21,2180,-333
1,1,4,22,2233,-356
1,1,4,23,2176,-305
1,1,4,24,2221,-306
1,1,4,25,2204,-282
1,1,4,26,2211,-278
1,1,4,27,2213,-277
1,1,4,28,2212,-265
1,1,4,29,2233,-269
1,1,4,30,2197,-263
1,1,4,31,2238,-262
1,1,4,32,2191,-232
1,1,4,33,2240,-227
1,1,4,34,2212,-203
1,1,4,35,2207,-194
1,1,4,36,2246,-216
1,1,4,37,2208,-189
1,1,4,38,2250,-209
1,1,4,39,2218,-178
1,1,4,40,2232,-167
1,1,4,41,2227,-152
1,1,4,42,2237,-140
1,1,4,43,2244,-135
1,1,4,44,2225,-122
1,1,4,45,2248,-125
1,1,4,46,2213,-109
1,1,4,47,2267,-126
1,1,4,48,2215,-93
1,1,4,49,2225,-82
1,1,4,50,2240,-87
1,1,4,51,2222,-66
1,1,4,52,2257,-77
1,1,4,53,2222,-56
1,1,4,54,2255,-59
1,1,4,55,2222,-54
1,1,4,56,2243,-38
1,1,4,57,2236,-14
1,1,4,58,2235,-24
1,1,4,59,2253,-10
1,1,4,60,2216,-4
1,1,4,61,2274,-5
1,1,4,62,2218,6
1,1,4,63,2248,17
1,1,4,64,2235,17
1,1,4,65,2253,28
1,1,4,66,2255,28
1,1,4,67,2249,32
1,1,4,68,2276,33
1,1,4,69,2241,45
1,1,4,70,2278,57
1,1,4,71,2247,80
1,1,4,72,2278,92
1,1,4,73,2262,99
1,1,4,74,2247,117
1,1,4,75,2289,100
1,1,4,76,2262,108
1,1,4,77,2293,113
1,1,4,78,2260,115
1,1,4,79,2280,127
1,1,4,80,2267,138
1,1,4,81,2294,169
1,1,4,82,2295,155
1,1,4,83,2274,171
1,1,4,84,2318,172
1,1,4,85,2268,193
1,1,4,86,2309,182
1,1,4,87,2284,197
1,1,4,88,2288,218
1,1,4,89,2302,216
1,1,4,90,2286,243
1,1,4,91,2319,236
1,1,4,92,2281,253
1,1,4,93,2323,265
1,1,4,94,2281,254
1,1,4,95,2316,261
1,1,4,96,2300,277
1,1,4,97,2299,278
1,1,4,98,2319,295
1,1,4,99,2268,310
1,1,4,100,2324,330
1,1,4,101,2294,340
1,1,4,102,2309,361
1,1,4,103,2289,357
1,1,4,104,2296,390
1,1,4,105,2305,376
1,1,4,106,2291,387
1,1,4,107,2319,388
1,1,4,108,2269,402
1,1,4,109,2321,411
1,1,4,110,2263,431
1,1,4,111,2277,440
1,1,4,112,2289,437
1,1,4,113,2264,452
1,1,4,114,2302,440
1,1,4,115,2267,467
1,1,4,116,2290,474
1,1,4,117,2252,481
1,1,4,118,2274,494
1,1,4,119,2255,493
1,1,4,120,2262,495
1,1,4,121,2272,508
1,1,4,122,2240,520
1,1,4,123,2299,523
1,1,4,124,2221,530
1,1,4,125,2265,538
1,1,4,126,2255,540
1,1,4,127,2259,560
1,1,4,128,2270,557
1,1,4,129,2244,577
1,1,4,130,2276,579
1,1,4,131,2239,571
1,1,4,132,2281,585
1,1,4,133,2226,577
1,1,4,134,2269,567
1,1,4,135,2243,583
1,1,4,136,2226,595
1,1,4,137,2278,617
1,1,4,138,2235,626
1,1,4,139,2276,639
1,1,4,140,2246,632
1,1,4,141,2265,656
1,1,4,142,2245,647
1,1,4,143,2259,668
1,1,4,144,2264,663
1,1,4,145,2238,664
1,1,4,146,2286,674
1,1,4,147,2221,668
1,1,4,148,2272,681
1,1,4,149,2253,672
1,1,4,150,2253,685
1,1,4,151,2269,705
1,1,4,152,2252,711
1,1,4,153,2276,714
1,1,4,154,2247,705
1,1,4,155,2282,730
1,1,4,156,2255,723
1,1,4,157,2289,721
1,1,4,158,2258,724
1,1,4,159,2262,739
1,1,4,160,2299,753
1,1,4,161,2257,749
1,1,4,162,2293,762
1,1,4,163,2267,762
1,1,4,164,2295,785
1,1,4,165,2277,782
1,1,4,166,2297,802
1,1,4,167,2294,802
1,1,4,168,2293,809
1,1,4,169,2323,822
1,1,4,170,2278,820
1,1,4,171,2327,830
1,1,4,172,2299,839
1,1,4,173,2316,846
1,1,4,174,2314,847
1,1,4,175,2303,849
1,1,4,176,2327,847
1,1,4,177,2300,854
1,1,4,178,2334,864
1,1,4,179,2297,870
1,1,4,180,2339,893
1,1,4,181,2326,894
1,1,4,182,2327,895
1,1,4,183,2357,914
1,1,4,184,2313,903
1,1,4,185,2367,926
1,1,4,186,2339,927
1,1,4,187,2367,942
1,1,4,188,2361,939
1,1,4,189,2365,953
1,1,4,190,2374,949
1,1,4,191,2356,969
1,1,4,192,2397,985
1,1,4,193,2356,983
1,1,4,194,2406,1003
1,1,4,195,2366,998
1,1,4,196,2389,1016
1,1,4,197,2418,1036
1,1,4,198,2395,1028
1,1,4,199,2427,1052
1,1,4,200,2409,1056
1,1,4,201,2437,1068
1,1,4,202,2406,1070
1,1,4,203,2438,1085
1,1,4,204,2420,1090
1,1,4,205,2419,1111
1,1,4,206,2458,1134
1,1,4,207,2410,1115
1,1,4,208,2468,1142
1,1,4,209,2437,1145
1,1,4,210,2453,1180
1,1,4,211,2456,1184
1,1,4,212,2458,1213
1,1,4,213,2463,1202
1,1,4,214,2438,1215
1,1,4,215,2477,1224
1,1,4,216,2438,1243
1,1,4,217,2488,1264
1,1,4,218,2446,1278
1,1,4,219,2465,1293
1,1,4,220,2485,1305
1,1,4,221,2452,1309
1,1,4,222,2490,1325
1,1,4,223,2458,1328
1,1,4,224,2493,1361
1,1,4,225,2463,1368
1,1,4,226,2482,1391
1,1,4,227,2468,1374
1,1,4,228,2468,1402
1,1,4,229,2480,1431
1,1,4,230,2446,1446
1,1,4,231,2504,1479
1,1,4,232,2450,1464
1,1,4,233,2479,1475
1,1,4,234,2467,1477
1,1,4,235,2462,1511
1,1,4,236,2477,1512
1,1,4,237,2455,1535
1,1,4,238,2485,1560
1,1,4,239,2446,1553
1,1,4,240,2487,1586
1,1,4,241,2438,1598
1,1,4,242,2467,1589
1,1,4,243,2455,1593
1,1,4,244,2421,1608
1,1,4,245,2483,1621
1,1,4,246,2429,1662
1,1,4,247,2460,1675
1,1,4,248,2441,1674
1,1,4,249,2445,1704
1,1,4,250,2438,1718
1,1,4,251,2430,1742
1,1,4,252,2453,1749
1,1,4,253,2411,1760
1,1,4,254,2461,1790
1,1,4,255,2405,1782
1,1,4,256,2453,1790
1,1,4,257,2435,1785
1,1,4,258,2422,1810
1,1,4,259,2444,1837
1,1,4,260,2408,1851
1,1,4,261,2443,1864
1,1,4,262,2408,1865
1,1,4,263,2431,1894
1,1,4,264,2398,1890
1,1,4,265,2427,1936
1,1,4,266,2404,1949
1,1,4,267,2393,1952
1,1,4,268,2443,1966
1,1,4,269,2377,1958
1,1,4,270,2418,2005
1,1,4,271,2392,2005
1,1,4,272,2403,2048
1,1,4,273,2390,2050
1,1,4,274,2380,2098
1,1,4,275,2412,2101
1,1,4,276,2370,2100
1,1,4,277,2414,2120
1,1,4,278,2351,2127
1,1,4,279,2400,2143
1,1,4,280,2348,2143
1,1,4,281,2349,2139
1,1,4,282,2374,2159
1,1,4,283,2342,2178
1,1,4,284,2374,2223
1,1,4,285,2328,2236
1,1,4,286,2362,2261
1,1,4,287,2316,2263
1,1,4,288,2348,2279
1,1,4,289,2327,2279
1,1,4,290,2319,2286
1,1,4,291,2332,2356
1,1,4,292,2262,2360
1,1,4,293,2312,2412
1,1,4,294,2272,2393
1,1,4,295,2287,2400
1,1,4,296,2290,2383
1,1,4,297,2267,2411
1,1,4,298,2295,2434
1,1,4,299,2258,2447
1,1,4,300,2295,2470
1,1,4,301,2231,2499
1,1,4,302,2265,2546
1,1,4,303,2222,2514
1,1,4,304,2229,2551
1,1,4,305,2240,2566
1,1,4,306,2188,2556
1,1,4,307,2228,2608
1,1,4,308,2165,2633
1,1,4,309,2204,2655
1,1,4,310,2161,2638
1,1,4,311,2166,2698
1,1,4,312,2155,2671
1,1,4,313,2151,2672
1,1,4,314,2157,2728
1,1,4,315,2090,2720
1,1,4,316,2146,2797
1,1,4,317,2069,2773
1,1,4,318,2083,2814
1,1,4,319,2073,2814
1,1,4,320,2061,2823
1,1,4,321,2070,2846
1,1,4,322,2032,2844
1,1,4,323,2059,2873
1,1,4,324,2017,2831
1,1,4,325,2052,2903
1,1,4,326,1989,2884
1,1,4,327,2016,2912
1,1,4,328,2006,2930
1,1,4,329,1947,2933
1,1,4,330,2016,2969
1,1,4,331,1940,2958
1,1,4,332,1970,2997
1,1,4,333,1926,2999
1,1,4,334,1936,3029
1,1,4,335,1925,3026
1,1,4,336,1915,3045
1,1,4,337,1924,3065
1,1,4,338,1875,3060
1,1,4,339,1923,3119
1,1,4,340,1844,3086
1,1,4,341,1870,3154
1,1,4,342,1864,3132
1,1,4,343,1838,3135
1,1,4,344,1868,3168
1,1,4,345,1816,3159
1,1,4,346,1849,3187
1,1,4,347,1807,3190
1,1,4,348,1824,3239
1,1,4,349,1774,3229
1,1,4,350,1786,3258
1,1,4,351,1779,3265
1,1,4,352,1760,3259
1,1,4,353,1799,3317
1,1,4,354,1705,3300
1,1,4,355,1766,3338
1,1,4,356,1720,3334
1,1,4,357,1709,3353
1,1,4,358,1710,3385
1,1,4,359,1682,3400
1,1,4,360,1696,3423
1,1,4,361,1653,3421
1,1,4,362,1673,3499
1,1,4,363,1602,3461
1,1,4,364,1628,3530
1,1,4,365,1601,3478
1,1,4,366,1588,3493
1,1,4,367,1615,3536
1,1,4,368,1533,3526
1,1,4,369,1581,3586
1,1,4,370,1550,3527
1,1,4,371,1572,3574
1,1,4,372,1516,3587
1,1,4,373,1492,3650
1,1,4,374,1514,3637
1,1,4,375,1470,3635
1,1,4,376,1494,3696
1,1,4,377,1418,3643
1,1,4,378,1514,3678
1,1,4,379,1423,3666
1,1,4,380,1399,3727
1,1,4,381,1425,3721
1,1,4,382,1362,3747
1,1,4,383,1376,3808
1,1,4,384,1329,3783
1,1,4,385,1347,3831
1,1,4,386,1297,3790
1,1,4,387,1309,3847
1,1,4,388,1273,3838
1,1,4,389,1268,3848
1,1,4,390,1247,3904
1,1,4,391,1190,3868
1,1,4,392,1255,3923
1,1,4,393,1203,3893
1,1,4,394,1213,3945
1,1,4,395,1167,3924
1,1,4,396,1151,3943
1,1,4,397,1168,3944
1,1,4,398,1109,3970
1,1,4,399,1138,4010
1,1,4,400,1080,3975
1,1,4,401,1100,4059
1,1,4,402,1071,3979
1,1,4,403,1064,4044
1,1,4,404,1066,4042
1,1,4,405,1034,4014
1,1,4,406,1057,4076
1,1,4,407,996,4064
1,1,4,408,1011,4115
1,1,4,409,974,4065
1,1,4,410,988,4124
1,1,4,411,951,4104
1,1,4,412,933,4151
1,1,4,413,907,4174
1,1,4,414,887,4132
1,1,4,415,934,4220
1,1,4,416,867,4144
1,1,4,417,892,4208
1,1,4,418,862,4206
1,1,4,419,858,4217
1,1,4,420,866,4227
1,1,4,421,847,4220
1,1,4,422,850,4278
1,1,4,423,798,4249
1,1,4,424,787,4339
1,1,4,425,737,4285
1,1,4,426,763,4338
1,1,4,427,734,4328
1,1,4,428,700,4316
1,1,4,429,718,4394
1,1,4,430,683,4355
1,1,4,431,698,4423
1,1,4,432,681,4360
1,1,4,433,661,4436
1,1,4,434,618,4415
1,1,4,435,637,4439
1,1,4,436,624,4462
1,1,4,437,582,4430
1,1,4,438,598,4528
1,1,4,439,533,4470
1,1,4,440,550,4534
1,1,4,441,505,4522
1,1,4,442,497,4545
1,1,4,443,489,4549
1,1,4,444,463,4551
1,1,4,445,426,4640
1,1,4,446,399,4587
1,1,4,447,427,4657
1,1,4,448,388,4571
1,1,4,449,418,4632
1,1,4,450,389,4617
1,1,4,451,325,4635
1,1,4,452,338,4724
1,1,4,453,300,4680
1,1,4,454,312,4745
1,1,4,455,278,4689
1,1,4,456,275,4735
1,1,4,457,248,4709
1,1,4,458,191,4769
1,1,4,459,203,4776
1,1,4,460,160,4751
1,1,4,461,159,4859
1,1,4,462,105,4767
1,1,4,463,113,4874
1,1,4,464,47,4846
1,1,4,465,60,4827
1,1,4,466,75,4857
1,1,4,467,26,4853
1,1,4,468,36,4920
1,1,4,469,18,4864
1,1,4,470,12,4930
1,1,4,471,-42,4888
1,1,4,472,-51,4954
1,1,4,473,-54,4914
1,1,4,474,-86,4914
1,1,4,475,-75,4995
1,1,4,476,-121,4913
1,1,4,477,-126,5021
1,1,4,478,-164,4971
1,1,4,479,-179,5011
1,1,4,480,-179,4983
1,1,4,481,-233,5016
1,1,4,482,-217,5040
1,1,4,483,-252,5008
1,1,4,484,-234,5065
1,1,4,485,-310,4993
1,1,4,486,-281,5099
1,1,4,487,-338,5063
1,1,4,488,-361,5081
1,1,4,489,-368,5126
1,1,4,490,-367,5080
1,1,4,491,-346,5142
1,1,4,492,-387,5099
1,1,4,493,-436,5182
1,1,4,494,-476,5132
1,1,4,495,-468,5187
1,1,4,496,-502,5161
1,1,4,497,-514,5152
1,1,4,498,-542,5263
1,1,4,499,-566,5158
1,1,4,500,-584,5285
1,1,4,501,-599,5217
1,1,4,502,-556,5230
1,1,4,503,-569,5220
1,1,4,504,-618,5233
1,1,4,505,-638,5295
1,1,4,506,-647,5238
1,1,4,507,-650,5314
1,1,4,508,-734,5265
1,1,4,509,-765,5381
1,1,4,510,-782,5300
1,1,4,511,-786,5312
1,1,5,0,2082,-533
1,1,5,1,2100,-551
1,1,5,2,2088,-528
1,1,5,3,2106,-524
1,1,5,4,2097,-515
1,1,5,5,2103,-519
1,1,5,6,2127,-511
1,1,5,7,2108,-479
1,1,5,8,2149,-488
1,1,5,9,2132,-455
1,1,5,10,2160,-448
1,1,5,11,2149,-452
1,1,5,12,2156,-438
1,1,5,13,2162,-439
1,1,5,14,2157,-413
1,1,5,15,2195,-405
1,1,5,16,2161,-381
1,1,5,17,2205,-379
1,1,5,18,2173,-363
1,1,5,19,2201,-363
1,1,5,20,2191,-343
1,1,5,21,2169,-342
1,1,5,22,2218,-338
1,1,5,23,2189,-311
1,1,5,24,2226,-311
1,1,5,25,2199,-296
1,1,5,26,2222,-286
1,1,5,27,2203,-253
1,1,5,28,2209,-262
1,1,5,29,2226,-245
1,1,5,30,2196,-238
1,1,5,31,2243,-259
1,1,5,32,2196,-219
1,1,5,33,2250,-222
1,1,5,34,2217,-206
1,1,5,35,2217,-206
1,1,5,36,2235,-213
1,1,5,37,2216,-187
1,1,5,38,2255,-184
1,1,5,39,2211,-168
1,1,5,40,2242,-187
1,1,5,41,2219,-155
1,1,5,42,2239,-151
1,1,5,43,2235,-134
1,1,5,44,2232,-122
1,1,5,45,2252,-127
1,1,5,46,2208,-97
1,1,5,47,2272,-117
1,1,5,48,2205,-110
1,1,5,49,2237,-103
1,1,5,50,2237,-104
1,1,5,51,2229,-76
1,1,5,52,2256,-67
1,1,5,53,2232,-41
1,1,5,54,2267,-49
1,1,5,55,2224,-26
1,1,5,56,2260,-20
1,1,5,57,2229,-1
1,1,5,58,2250,-5
1,1,5,59,2237,2
1,1,5,60,2224,6
1,1,5,61,2274,7
1,1,5,62,2214,25
1,1,5,63,2264,23
1,1,5,64,2239,21
1,1,5,65,2258,22
1,1,5,66,2244,39
1,1,5,67,2244,41
1,1,5,68,2265,28
1,1,5,69,2237,53
1,1,5,70,2282,60
1,1,5,71,2238,77
1,1,5,72,2285,81
1,1,5,73,2246,90
1,1,5,74,2248,103
1,1,5,75,2278,95
1,1,5,76,2259,121
1,1,5,77,2294,111
1,1,5,78,2251,111
1,1,5,79,2289,122
1,1,5,80,2270,158
1,1,5,81,2298,171
1,1,5,82,2288,167
1,1,5,83,2280,169
1,1,5,84,2313,187
1,1,5,85,2265,189
1,1,5,86,2314,190
1,1,5,87,2276,206
1,1,5,88,2295,225
1,1,5,89,2297,236
1,1,5,90,2283,256
1,1,5,91,2307,249
1,1,5,92,2288,252
1,1,5,93,2324,256
1,1,5,94,2278,267
1,1,5,95,2320,290
1,1,5,96,2283,292
1,1,5,97,2295,286
1,1,5,98,2303,299
1,1,5,99,2266,315
1,1,5,100,2324,319
1,1,5,101,2282,345
1,1,5,102,2318,348
1,1,5,103,2286,365
1,1,5,104,2301,378
1,1,5,105,2292,381
1,1,5,106,2295,381
1,1,5,107,2306,386
1,1,5,108,2267,403
1,1,5,109,2321,416
1,1,5,110,2257,420
1,1,5,111,2296,425
1,1,5,112,2280,429
1,1,5,113,2271,443
1,1,5,114,2301,434
1,1,5,115,2273,452
1,1,5,116,2294,464
1,1,5,117,2253,481
1,1,5,118,2298,495
1,1,5,119,2250,505
1,1,5,120,2272,510
1,1,5,121,2259,514
1,1,5,122,2238,526
1,1,5,123,2299,518
1,1,5,124,2236,530
1,1,5,125,2278,545
1,1,5,126,2247,552
1,1,5,127,2253,548
1,1,5,128,2252,554
1,1,5,129,2255,567
1,1,5,130,2269,566
1,1,5,131,2240,580
1,1,5,132,2283,579
1,1,5,133,2219,584
1,1,5,134,2277,595
1,1,5,135,2240,602
1,1,5,136,2237,610
1,1,5,137,2267,600
1,1,5,138,2231,619
1,1,5,139,2276,637
1,1,5,140,2240,625
1,1,5,141,2264,641
1,1,5,142,2233,635
1,1,5,143,2265,653
1,1,5,144,2247,649
1,1,5,145,2239,661
1,1,5,146,2282,664
1,1,5,147,2228,659
1,1,5,148,2289,676
1,1,5,149,2243,686
1,1,5,150,2252,689
1,1,5,151,2261,694
1,1,5,152,2257,706
1,1,5,153,2270,708
1,1,5,154,2249,703
1,1,5,155,2279,719
1,1,5,156,2251,735
1,1,5,157,2295,761
1,1,5,158,2256,728
1,1,5,159,2261,746
1,1,5,160,2290,757
1,1,5,161,2252,755
1,1,5,162,2296,767
1,1,5,163,2268,764
1,1,5,164,2295,775
1,1,5,165,2277,778
1,1,5,166,2290,797
1,1,5,167,2292,803
1,1,5,168,2278,804
1,1,5,169,2300,805
1,1,5,170,2269,810
1,1,5,171,2327,819
1,1,5,172,2271,825
1,1,5,173,2315,832
1,1,5,174,2305,839
1,1,5,175,2285,832
1,1,5,176,2321,862
1,1,5,177,2307,864
1,1,5,178,2338,890
1,1,5,179,2309,879
1,1,5,180,2339,907
1,1,5,181,2316,890
1,1,5,182,2332,896
1,1,5,183,2330,902
1,1,5,184,2311,906
1,1,5,185,2367,918
1,1,5,186,2326,926
1,1,5,187,2363,942
1,1,5,188,2348,937
1,1,5,189,2352,947
1,1,5,190,2366,959
1,1,5,191,2362,960
1,1,5,192,2392,976
1,1,5,193,2367,984
1,1,5,194,2403,1006
1,1,5,195,2374,1010
1,1,5,196,2406,1021
1,1,5,197,2386,1016
1,1,5,198,2386,1033
1,1,5,199,2421,1054
1,1,5,200,2404,1060
1,1,5,201,2438,1074
1,1,5,202,2413,1073
1,1,5,203,2444,1109
1,1,5,204,2418,1108
1,1,5,205,2442,1116
1,1,5,206,2434,1099
1,1,5,207,2418,1127
1,1,5,208,2462,1130
1,1,5,209,2407,1128
1,1,5,210,2462,1138
1,1,5,211,2435,1157
1,1,5,212,2450,1199
1,1,5,213,2455,1215
1,1,5,214,2457,1248
1,1,5,215,2476,1246
1,1,5,216,2442,1255
1,1,5,217,2492,1294
1,1,5,218,2446,1300
1,1,5,219,2484,1294
1,1,5,220,2447,1294
1,1,5,221,2447,1280
1,1,5,222,2490,1295
1,1,5,223,2451,1334
1,1,5,224,2495,1361
1,1,5,225,2456,1371
1,1,5,226,2483,1391
1,1,5,227,2454,1391
1,1,5,228,2474,1421
1,1,5,229,2461,1416
1,1,5,230,2457,1441
1,1,5,231,2502,1444
1,1,5,232,2433,1453
1,1,5,233,2493,1454
1,1,5,234,2450,1476
1,1,5,235,2465,1505
1,1,5,236,2470,1555
1,1,5,237,2462,1548
1,1,5,238,2481,1553
1,1,5,239,2441,1559
1,1,5,240,2486,1588
1,1,5,241,2429,1586
1,1,5,242,2483,1612
1,1,5,243,2433,1576
1,1,5,244,2438,1608
1,1,5,245,2467,1620
1,1,5,246,2429,1652
1,1,5,247,2477,1683
1,1,5,248,2436,1674
1,1,5,249,2456,1695
1,1,5,250,2431,1716
1,1,5,251,2436,1751
1,1,5,252,2434,1751
1,1,5,253,2421,1764
1,1,5,254,2453,1779
1,1,5,255,2391,1754
1,1,5,256,2457,1802
1,1,5,257,2409,1804
1,1,5,258,2419,1820
1,1,5,259,2425,1818
1,1,5,260,2414,1829
1,1,5,261,2440,1874
1,1,5,262,2403,1860
1,1,5,263,2438,1896
1,1,5,264,2390,1901
1,1,5,265,2431,1929
1,1,5,266,2391,1934
1,1,5,267,2401,1960
1,1,5,268,2421,1961
1,1,5,269,2371,1976
1,1,5,270,2424,2014
1,1,5,271,2379,2015
1,1,5,272,2412,2042
1,1,5,273,2374,2054
1,1,5,274,2377,2098
1,1,5,275,2372,2101
1,1,5,276,2368,2092
1,1,5,277,2396,2107
1,1,5,278,2349,2092
1,1,5,279,2411,2136
1,1,5,280,2337,2132
1,1,5,281,2363,2174
1,1,5,282,2373,2132
1,1,5,283,2348,2163
1,1,5,284,2362,2220
1,1,5,285,2322,2253
1,1,5,286,2358,2258
1,1,5,287,2311,2262
1,1,5,288,2345,2313
1,1,5,289,2316,2298
1,1,5,290,2320,2327
1,1,5,291,2310,2346
1,1,5,292,2280,2341
1,1,5,293,2343,2390
1,1,5,294,2264,2361
1,1,5,295,2310,2374
1,1,5,296,2267,2395
1,1,5,297,2279,2461
1,1,5,298,2263,2454
1,1,5,299,2243,2484
1,1,5,300,2256,2541
1,1,5,301,2212,2514
1,1,5,302,2284,2529
1,1,5,303,2206,2491
1,1,5,304,2229,2521
1,1,5,305,2198,2557
1,1,5,306,2207,2586
1,1,5,307,2209,2616
1,1,5,308,2188,2610
1,1,5,309,2223,2637
1,1,5,310,2149,2636
1,1,5,311,2188,2687
1,1,5,312,2121,2670
1,1,5,313,2129,2705
1,1,5,314,2132,2727
1,1,5,315,2108,2743
1,1,5,316,2130,2779
1,1,5,317,2070,2794
1,1,5,318,2106,2821
1,1,5,319,2056,2790
1,1,5,320,2089,2828
1,1,5,321,2037,2818
1,1,5,322,2022,2854
1,1,5,323,2061,2882
1,1,5,324,2010,2835
1,1,5,325,2068,2885
1,1,5,326,1990,2883
1,1,5,327,1998,2924
1,1,5,328,1997,2916
1,1,5,329,1961,2952
1,1,5,330,1962,2990
1,1,5,331,1934,2975
1,1,5,332,1973,3000
1,1,5,333,1933,2952
1,1,5,334,1962,3025
1,1,5,335,1899,3006
1,1,5,336,1922,3042
1,1,5,337,1917,3067
1,1,5,338,1868,3041
1,1,5,339,1918,3074
1,1,5,340,1878,3071
1,1,5,341,1879,3145
1,1,5,342,1839,3128
1,1,5,343,1838,3173
1,1,5,344,1809,3200
1,1,5,345,1807,3198
1,1,5,346,1811,3231
1,1,5,347,1778,3186
1,1,5,348,1839,3243
1,1,5,349,1755,3204
1,1,5,350,1789,3257
1,1,5,351,1780,3248
1,1,5,352,1750,3289
1,1,5,353,1781,3301
1,1,5,354,1749,3292
1,1,5,355,1766,3339
1,1,5,356,1716,3317
1,1,5,357,1740,3364
1,1,5,358,1692,3323
1,1,5,359,1701,3383
1,1,5,360,1680,3406
1,1,5,361,1620,3417
1,1,5,362,1701,3449
1,1,5,363,1605,3424
1,1,5,364,1617,3525
1,1,5,365,1597,3506
1,1,5,366,1603,3507
1,1,5,367,1590,3517
1,1,5,368,1565,3543
1,1,5,369,1573,3573
1,1,5,370,1532,3546
1,1,5,371,1556,3625
1,1,5,372,1498,3580
1,1,5,373,1545,3624
1,1,5,374,1510,3602
1,1,5,375,1483,3606
1,1,5,376,1507,3660
1,1,5,377,1431,3681
1,1,5,378,1480,3715
1,1,5,379,1448,3671
1,1,5,380,1452,3717
1,1,5,381,1400,3724
1,1,5,382,1355,3791
1,1,5,383,1352,3790
1,1,5,384,1308,3793
1,1,5,385,1346,3854
1,1,5,386,1269,3792
1,1,5,387,1286,3890
1,1,5,388,1252,3863
1,1,5,389,1248,3874
1,1,5,390,1245,3891
1,1,5,391,1219,3888
1,1,5,392,1234,3931
1,1,5,393,1189,3903
1,1,5,394,1228,3942
1,1,5,395,1164,3890
1,1,5,396,1202,3948
1,1,5,397,1165,3916
1,1,5,398,1115,3954
1,1,5,399,1165,3997
1,1,5,400,1080,3977
1,1,5,401,1090,4058
1,1,5,402,1048,4024
1,1,5,403,1066,4063
1,1,5,404,1053,4028
1,1,5,405,1028,4069
1,1,5,406,1015,4072
1,1,5,407,999,4064
1,1,5,408,1010,4118
1,1,5,409,959,4045
1,1,5,410,1007,4132
1,1,5,411,948,4106
1,1,5,412,924,4143
1,1,5,413,936,4148
1,1,5,414,912,4145
1,1,5,415,931,4206
1,1,5,416,886,4173
1,1,5,417,898,4231
1,1,5,418,856,4184
1,1,5,419,866,4248
1,1,5,420,860,4204
1,1,5,421,846,4215
1,1,5,422,841,4275
1,1,5,423,774,4239
1,1,5,424,790,4352
1,1,5,425,764,4310
1,1,5,426,753,4358
1,1,5,427,738,4324
1,1,5,428,734,4348
1,1,5,429,722,4371
1,1,5,430,702,4350
1,1,5,431,709,4416
1,1,5,432,624,4382
1,1,5,433,678,4471
1,1,5,434,625,4412
1,1,5,435,612,4447
1,1,5,436,633,4475
1,1,5,437,580,4453
1,1,5,438,581,4516
1,1,5,439,563,4476
1,1,5,440,561,4533
1,1,5,441,527,4499
1,1,5,442,498,4592
1,1,5,443,483,4554
1,1,5,444,447,4594
1,1,5,445,450,4615
1,1,5,446,378,4583
1,1,5,447,441,4662
1,1,5,448,397,4609
1,1,5,449,376,4680
1,1,5,450,350,4670
1,1,5,451,311,4683
1,1,5,452,331,4694
1,1,5,453,302,4691
1,1,5,454,305,4742
1,1,5,455,271,4676
1,1,5,456,262,4794
1,1,5,457,255,4698
1,1,5,458,252,4759
1,1,5,459,190,4783
1,1,5,460,156,4749
1,1,5,461,186,4838
1,1,5,462,139,4781
1,1,5,463,152,4841
1,1,5,464,115,4807
1,1,5,465,97,4837
1,1,5,466,77,4826
1,1,5,467,78,4835
1,1,5,468,61,4883
1,1,5,469,32,4833
1,1,5,470,46,4946
1,1,5,471,-38,4840
1,1,5,472,-59,4955
1,1,5,473,-77,4928
1,1,5,474,-112,4940
1,1,5,475,-96,4990
1,1,5,476,-139,4954
1,1,5,477,-172,5036
1,1,5,478,-189,4968
1,1,5,479,-198,5053
1,1,5,480,-232,4983
1,1,5,481,-213,5033
1,1,5,482,-244,5028
1,1,5,483,-264,4998
1,1,5,484,-224,5082
1,1,5,485,-285,4997
1,1,5,486,-272,5088
1,1,5,487,-310,5052
1,1,5,488,-348,5104
1,1,5,489,-365,5102
1,1,5,490,-396,5114
1,1,5,491,-409,5166
1,1,5,492,-426,5110
1,1,5,493,-416,5185
1,1,5,494,-449,5081
1,1,5,495,-440,5172
1,1,5,496,-451,5149
1,1,5,497,-459,5131
1,1,5,498,-500,5215
1,1,5,499,-558,5190
1,1,5,500,-554,5264
1,1,5,501,-565,5198
1,1,5,502,-589,5266
1,1,5,503,-592,5216
1,1,5,504,-604,5254
1,1,5,505,-626,5247
1,1,5,506,-677,5247
1,1,5,507,-689,5350
1,1,5,508,-749,5264
1,1,5,509,-714,5342
1,1,5,510,-737,5310
1,1,5,511,-737,5331
1,1,6,0,2080,-538
1,1,6,1,2096,-534
1,1,6,2,2090,-518
1,1,6,3,2113,-524
1,1,6,4,2091,-495
1,1,6,5,2132,-513
1,1,6,6,2118,-491
1,1,6,7,2121,-488
1,1,6,8,2136,-485
1,1,6,9,2126,-464
1,1,6,10,2142,-485
1,1,6,11,2130,-443
1,1,6,12,2177,-452
1,1,6,13,2141,-411
1,1,6,14,2171,-427
1,1,6,15,2160,-400
1,1,6,16,2152,-390
1,1,6,17,2194,-400
1,1,6,18,2173,-376
1,1,6,19,2208,-372
1,1,6,20,2182,-344
1,1,6,21,2213,-342
1,1,6,22,2190,-328
1,1,6,23,2204,-319
1,1,6,24,2204,-305
1,1,6,25,2185,-276
1,1,6,26,2234,-301
1,1,6,27,2192,-259
1,1,6,28,2230,-262
1,1,6,29,2208,-260
1,1,6,30,2212,-269
1,1,6,31,2221,-248
1,1,6,32,2212,-238
1,1,6,33,2236,-239
1,1,6,34,2206,-214
1,1,6,35,2248,-219
1,1,6,36,2205,-186
1,1,6,37,2241,-201
1,1,6,38,2213,-188
1,1,6,39,2211,-164
1,1,6,40,2243,-168
1,1,6,41,2210,-149
1,1,6,42,2260,-165
1,1,6,43,2223,-136
1,1,6,44,2245,-133
1,1,6,45,2231,-121
1,1,6,46,2232,-96
1,1,6,47,2240,-102
1,1,6,48,2235,-89
1,1,6,49,2268,-97
1,1,6,50,2212,-79
1,1,6,51,2264,-72
1,1,6,52,2208,-48
1,1,6,53,2238,-53
1,1,6,54,2251,-51
1,1,6,55,2225,-25
1,1,6,56,2259,-20
1,1,6,57,2226,-12
1,1,6,58,2262,-21
1,1,6,59,2229,-9
1,1,6,60,2253,-6
1,1,6,61,2239,12
1,1,6,62,2240,14
1,1,6,63,2258,9
1,1,6,64,2231,41
1,1,6,65,2282,30
1,1,6,66,2215,50
1,1,6,67,2252,40
1,1,6,68,2246,43
1,1,6,69,2253,60
1,1,6,70,2260,57
1,1,6,71,2247,76
1,1,6,72,2281,76
1,1,6,73,2250,81
1,1,6,74,2285,99
1,1,6,75,2251,114
1,1,6,76,2277,121
1,1,6,77,2268,119
1,1,6,78,2252,118
1,1,6,79,2304,134
1,1,6,80,2258,148
1,1,6,81,2309,148
1,1,6,82,2279,159
1,1,6,83,2302,184
1,1,6,84,2292,189
1,1,6,85,2287,209
1,1,6,86,2308,194
1,1,6,87,2282,204
1,1,6,88,2315,210
1,1,6,89,2277,251
1,1,6,90,2332,236
1,1,6,91,2278,236
1,1,6,92,2297,237
1,1,6,93,2310,250
1,1,6,94,2280,268
1,1,6,95,2319,266
1,1,6,96,2287,279
1,1,6,97,2321,280
1,1,6,98,2286,288
1,1,6,99,2297,310
1,1,6,100,2296,331
1,1,6,101,2292,335
1,1,6,102,2313,344
1,1,6,103,2261,356
1,1,6,104,2324,355
1,1,6,105,2276,369
1,1,6,106,2303,375
1,1,6,107,2301,388
1,1,6,108,2286,403
1,1,6,109,2299,409
1,1,6,110,2269,432
1,1,6,111,2305,442
1,1,6,112,2264,443
1,1,6,113,2301,466
1,1,6,114,2255,464
1,1,6,115,2284,460
1,1,6,116,2271,478
1,1,6,117,2249,487
1,1,6,118,2304,494
1,1,6,119,2243,509
1,1,6,120,2285,520
1,1,6,121,2258,520
1,1,6,122,2263,522
1,1,6,123,2267,536
1,1,6,124,2258,532
1,1,6,125,2290,531
1,1,6,126,2259,536
1,1,6,127,2284,558
1,1,6,128,2243,539
1,1,6,129,2280,567
1,1,6,130,2242,580
1,1,6,131,2246,580
1,1,6,132,2276,586
1,1,6,133,2226,592
1,1,6,134,2280,608
1,1,6,135,2241,599
1,1,6,136,2265,614
1,1,6,137,2243,616
1,1,6,138,2257,621
1,1,6,139,2259,634
1,1,6,140,2243,635
1,1,6,141,2272,657
1,1,6,142,2220,657
1,1,6,143,2271,654
1,1,6,144,2241,661
1,1,6,145,2250,669
1,1,6,146,2253,670
1,1,6,147,2241,684
1,1,6,148,2272,692
1,1,6,149,2248,696
1,1,6,150,2274,706
1,1,6,151,2239,703
1,1,6,152,2284,729
1,1,6,153,2251,718
1,1,6,154,2259,732
1,1,6,155,2279,743
1,1,6,156,2235,737
1,1,6,157,2279,749
1,1,6,158,2252,731
1,1,6,159,2280,757
1,1,6,160,2260,743
1,1,6,161,2272,761
1,1,6,162,2275,759
1,1,6,163,2275,780
1,1,6,164,2293,781
1,1,6,165,2257,780
1,1,6,166,2308,802
1,1,6,167,2258,794
1,1,6,168,2280,804
1,1,6,169,2289,806
1,1,6,170,2283,814
1,1,6,171,2312,830
1,1,6,172,2292,840
1,1,6,173,2324,855
1,1,6,174,2291,852
1,1,6,175,2325,870
1,1,6,176,2292,855
1,1,6,177,2313,858
1,1,6,178,2317,863
1,1,6,179,2293,872
1,1,6,180,2342,896
1,1,6,181,2301,896
1,1,6,182,2342,908
1,1,6,183,2317,905
1,1,6,184,2332,923
1,1,6,185,2349,924
1,1,6,186,2334,935
1,1,6,187,2360,942
1,1,6,188,2325,931
1,1,6,189,2373,947
1,1,6,190,2326,933
1,1,6,191,2364,952
1,1,6,192,2354,965
1,1,6,193,2368,993
1,1,6,194,2392,1004
1,1,6,195,2367,1000
1,1,6,196,2407,1026
1,1,6,197,2382,1024
1,1,6,198,2404,1036
1,1,6,199,2393,1027
1,1,6,200,2408,1056
1,1,6,201,2408,1058
1,1,6,202,2388,1061
1,1,6,203,2447,1088
1,1,6,204,2394,1087
1,1,6,205,2443,1109
1,1,6,206,2426,1120
1,1,6,207,2430,1141
1,1,6,208,2439,1128
1,1,6,209,2430,1134
1,1,6,210,2463,1165
1,1,6,211,2431,1176
1,1,6,212,2473,1201
1,1,6,213,2426,1199
1,1,6,214,2465,1203
1,1,6,215,2442,1217
1,1,6,216,2431,1240
1,1,6,217,2481,1267
1,1,6,218,2445,1259
1,1,6,219,2490,1296
1,1,6,220,2448,1306
1,1,6,221,2471,1313
1,1,6,222,2452,1325
1,1,6,223,2468,1339
1,1,6,224,2470,1361
1,1,6,225,2459,1348
1,1,6,226,2493,1366
1,1,6,227,2435,1374
1,1,6,228,2480,1405
1,1,6,229,2456,1399
1,1,6,230,2464,1418
1,1,6,231,2466,1454
1,1,6,232,2445,1461
1,1,6,233,2486,1476
1,1,6,234,2443,1500
1,1,6,235,2490,1523
1,1,6,236,2440,1537
1,1,6,237,2478,1552
1,1,6,238,2444,1535
1,1,6,239,2434,1585
1,1,6,240,2484,1590
1,1,6,241,2430,1585
1,1,6,242,2484,1612
1,1,6,243,2452,1592
1,1,6,244,2466,1628
1,1,6,245,2449,1632
1,1,6,246,2438,1686
1,1,6,247,2455,1677
1,1,6,248,2432,1674
1,1,6,249,2473,1710
1,1,6,250,2407,1707
1,1,6,251,2468,1748
1,1,6,252,2413,1738
1,1,6,253,2428,1751
1,1,6,254,2443,1744
1,1,6,255,2420,1765
1,1,6,256,2446,1801
1,1,6,257,2412,1812
1,1,6,258,2451,1815
1,1,6,259,2400,1815
1,1,6,260,2432,1867
1,1,6,261,2409,1860
1,1,6,262,2405,1877
1,1,6,263,2441,1896
1,1,6,264,2378,1883
1,1,6,265,2428,1926
1,1,6,266,2398,1922
1,1,6,267,2417,1963
1,1,6,268,2392,1963
1,1,6,269,2397,1998
1,1,6,270,2403,1987
1,1,6,271,2373,2018
1,1,6,272,2417,2032
1,1,6,273,2351,2033
1,1,6,274,2413,2074
1,1,6,275,2352,2063
1,1,6,276,2370,2091
1,1,6,277,2373,2109
1,1,6,278,2359,2110
1,1,6,279,2385,2155
1,1,6,280,2347,2148
1,1,6,281,2377,2177
1,1,6,282,2330,2167
1,1,6,283,2371,2212
1,1,6,284,2322,2218
1,1,6,285,2328,2228
1,1,6,286,2346,2242
1,1,6,287,2299,2239
1,1,6,288,2354,2274
1,1,6,289,2299,2268
1,1,6,290,2329,2326
1,1,6,291,2301,2324
1,1,6,292,2306,2327
1,1,6,293,2301,2369
1,1,6,294,2283,2387
1,1,6,295,2307,2425
1,1,6,296,2256,2408
1,1,6,297,2304,2443
1,1,6,298,2251,2413
1,1,6,299,2281,2454
1,1,6,300,2265,2470
1,1,6,301,2212,2483
1,1,6,302,2244,2542
1,1,6,303,2207,2543
1,1,6,304,2229,2579
1,1,6,305,2182,2585
1,1,6,306,2208,2602
1,1,6,307,2189,2585
1,1,6,308,2205,2581
1,1,6,309,2194,2621
1,1,6,310,2145,2626
1,1,6,311,2192,2696
1,1,6,312,2096,2688
1,1,6,313,2141,2723
1,1,6,314,2105,2729
1,1,6,315,2097,2786
1,1,6,316,2101,2753
1,1,6,317,2099,2740
1,1,6,318,2123,2766
1,1,6,319,2079,2743
1,1,6,320,2085,2823
1,1,6,321,2016,2806
1,1,6,322,2041,2865
1,1,6,323,2033,2852
1,1,6,324,1991,2862
1,1,6,325,2034,2897
1,1,6,326,2011,2862
1,1,6,327,2038,2912
1,1,6,328,1990,2886
1,1,6,329,2004,2916
1,1,6,330,1951,2934
1,1,6,331,1951,2975
1,1,6,332,1960,2992
1,1,6,333,1934,2985
1,1,6,334,1972,3047
1,1,6,335,1890,2999
1,1,6,336,1929,3053
1,1,6,337,1881,3065
1,1,6,338,1871,3093
1,1,6,339,1875,3115
1,1,6,340,1861,3097
1,1,6,341,1894,3116
1,1,6,342,1846,3111
1,1,6,343,1873,3166
1,1,6,344,1831,3122
1,1,6,345,1863,3172
1,1,6,346,1816,3175
1,1,6,347,1798,3172
1,1,6,348,1833,3223
1,1,6,349,1784,3206
1,1,6,350,1807,3276
1,1,6,351,1761,3268
1,1,6,352,1767,3294
1,1,6,353,1754,3277
1,1,6,354,1756,3296
1,1,6,355,1751,3305
1,1,6,356,1711,3322
1,1,6,357,1728,3380
1,1,6,358,1662,3344
1,1,6,359,1714,3388
1,1,6,360,1677,3390
1,1,6,361,1666,3423
1,1,6,362,1667,3436
1,1,6,363,1615,3456
1,1,6,364,1646,3499
1,1,6,365,1609,3477
1,1,6,366,1627,3545
1,1,6,367,1590,3494
1,1,6,368,1600,3561
1,1,6,369,1541,3562
1,1,6,370,1527,3572
1,1,6,371,1581,3586
1,1,6,372,1508,3546
1,1,6,373,1525,3643
1,1,6,374,1466,3634
1,1,6,375,1491,3670
1,1,6,376,1445,3668
1,1,6,377,1440,3699
1,1,6,378,1458,3692
1,1,6,379,1435,3673
1,1,6,380,1471,3715
1,1,6,381,1400,3678
1,1,6,382,1436,3764
1,1,6,383,1346,3747
1,1,6,384,1331,3786
1,1,6,385,1342,3798
1,1,6,386,1282,3813
1,1,6,387,1300,3865
1,1,6,388,1266,3825
1,1,6,389,1291,3866
1,1,6,390,1235,3832
1,1,6,391,1231,3921
1,1,6,392,1188,3900
1,1,6,393,1203,3909
1,1,6,394,1204,3934
1,1,6,395,1145,3893
1,1,6,396,1168,3975
1,1,6,397,1144,3917
1,1,6,398,1144,3976
1,1,6,399,1118,3950
1,1,6,400,1111,3981
1,1,6,401,1096,3995
1,1,6,402,1065,3985
1,1,6,403,1096,4049
1,1,6,404,1044,4004
1,1,6,405,1040,4105
1,1,6,406,1012,4009
1,1,6,407,1011,4064
1,1,6,408,1007,4079
1,1,6,409,975,4057
1,1,6,410,977,4137
1,1,6,411,934,4106
1,1,6,412,949,4164
1,1,6,413,913,4120
1,1,6,414,918,4189
1,1,6,415,882,4155
1,1,6,416,892,4166
1,1,6,417,889,4205
1,1,6,418,839,4173
1,1,6,419,891,4246
1,1,6,420,843,4208
1,1,6,421,850,4249
1,1,6,422,831,4238
1,1,6,423,774,4286
1,1,6,424,775,4318
1,1,6,425,762,4287
1,1,6,426,769,4355
1,1,6,427,744,4278
1,1,6,428,749,4387
1,1,6,429,693,4327
1,1,6,430,702,4392
1,1,6,431,681,4383
1,1,6,432,653,4361
1,1,6,433,659,4439
1,1,6,434,656,4393
1,1,6,435,629,4478
1,1,6,436,599,4432
1,1,6,437,614,4480
1,1,6,438,570,4469
1,1,6,439,543,4509
1,1,6,440,547,4533
1,1,6,441,521,4488
1,1,6,442,513,4605
1,1,6,443,426,4525
1,1,6,444,421,4626
1,1,6,445,429,4564
1,1,6,446,439,4620
1,1,6,447,418,4603
1,1,6,448,416,4599
1,1,6,449,424,4645
1,1,6,450,357,4619
1,1,6,451,346,4730
1,1,6,452,293,4626
1,1,6,453,334,4657
1,1,6,454,300,4678
1,1,6,455,259,4731
1,1,6,456,254,4746
1,1,6,457,239,4708
1,1,6,458,256,4767
1,1,6,459,171,4727
1,1,6,460,151,4848
1,1,6,461,92,4774
1,1,6,462,111,4808
1,1,6,463,166,4817
1,1,6,464,135,4768
1,1,6,465,144,4854
1,1,6,466,43,4836
1,1,6,467,40,4892
1,1,6,468,38,4840
1,1,6,469,-5,4893
1,1,6,470,-24,4880
1,1,6,471,-30,4891
1,1,6,472,-36,4943
1,1,6,473,-72,4874
1,1,6,474,-49,4991
1,1,6,475,-120,4901
1,1,6,476,-113,4959
1,1,6,477,-138,4961
1,1,6,478,-174,4958
1,1,6,479,-189,5036
1,1,6,480,-186,4961
1,1,6,481,-218,5059
1,1,6,482,-268,5005
1,1,6,483,-250,5069
1,1,6,484,-271,5004
1,1,6,485,-269,5054
1,1,6,486,-308,5062
1,1,6,487,-333,5009
1,1,6,488,-310,5121
1,1,6,489,-339,5042
1,1,6,490,-369,5124
1,1,6,491,-374,5097
1,1,6,492,-432,5131
1,1,6,493,-447,5147
1,1,6,494,-473,5152
1,1,6,495,-474,5185
1,1,6,496,-501,5139
1,1,6,497,-498,5242
1,1,6,498,-514,5135
1,1,6,499,-512,5214
1,1,6,500,-563,5200
1,1,6,501,-558,5179
1,1,6,502,-552,5246
1,1,6,503,-608,5202
1,1,6,504,-617,5291
1,1,6,505,-615,5220
1,1,6,506,-683,5306
1,1,6,507,-711,5272
1,1,6,508,-732,5320
1,1,6,509,-752,5322
1,1,6,510,-767,5295
1,1,6,511,-754,5388
1,1,7,0,2102,-540
1,1,7,1,2071,-525
1,1,7,2,2079,-516
1,1,7,3,2100,-527
1,1,7,4,2088,-511
1,1,7,5,2110,-527
1,1,7,6,2101,-501
1,1,7,7,2127,-497
1,1,7,8,2103,-477
1,1,7,9,2124,-491
1,1,7,10,2121,-468
1,1,7,11,2120,-447
1,1,7,12,2160,-451
1,1,7,13,2147,-430
1,1,7,14,2184,-420
1,1,7,15,2157,-386
1,1,7,16,2178,-399
1,1,7,17,2168,-385
1,1,7,18,2184,-389
1,1,7,19,2188,-361
1,1,7,20,2174,-352
1,1,7,21,2228,-364
1,1,7,22,2169,-312
1,1,7,23,2211,-313
1,1,7,24,2198,-301
1,1,7,25,2214,-292
1,1,7,26,2216,-295
1,1,7,27,2205,-287
1,1,7,28,2229,-276
1,1,7,29,2200,-264
1,1,7,30,2231,-267
1,1,7,31,2198,-235
1,1,7,32,2233,-230
1,1,7,33,2207,-214
1,1,7,34,2201,-215
1,1,7,35,2235,-227
1,1,7,36,2210,-202
1,1,7,37,2249,-203
1,1,7,38,2216,-195
1,1,7,39,2232,-196
1,1,7,40,2219,-160
1,1,7,41,2240,-157
1,1,7,42,2233,-145
1,1,7,43,2220,-135
1,1,7,44,2257,-129
1,1,7,45,2211,-99
1,1,7,46,2269,-117
1,1,7,47,2215,-104
1,1,7,48,2230,-85
1,1,7,49,2236,-100
1,1,7,50,2228,-81
1,1,7,51,2252,-64
1,1,7,52,2227,-57
1,1,7,53,2259,-65
1,1,7,54,2213,-51
1,1,7,55,2250,-45
1,1,7,56,2218,-34
1,1,7,57,2236,-30
1,1,7,58,2245,-31
1,1,7,59,2212,-2
1,1,7,60,2267,-25
1,1,7,61,2224,7
1,1,7,62,2253,1
1,1,7,63,2240,7
1,1,7,64,2256,28
1,1,7,65,2243,25
1,1,7,66,2238,24
1,1,7,67,2265,30
1,1,7,68,2231,47
1,1,7,69,2280,54
1,1,7,70,2233,69
1,1,7,71,2268,67
1,1,7,72,2254,80
1,1,7,73,2248,89
1,1,7,74,2281,105
1,1,7,75,2252,113
1,1,7,76,2295,103
1,1,7,77,2255,109
1,1,7,78,2280,121
1,1,7,79,2264,124
1,1,7,80,2283,145
1,1,7,81,2289,164
1,1,7,82,2279,160
1,1,7,83,2305,168
1,1,7,84,2259,193
1,1,7,85,2318,197
1,1,7,86,2281,213
1,1,7,87,2284,223
1,1,7,88,2297,205
1,1,7,89,2279,224
1,1,7,90,2308,215
1,1,7,91,2284,227
1,1,7,92,2323,240
1,1,7,93,2283,256
1,1,7,94,2314,265
1,1,7,95,2287,277
1,1,7,96,2292,284
1,1,7,97,2312,288
1,1,7,98,2264,304
1,1,7,99,2324,304
1,1,7,100,2279,326
1,1,7,101,2314,317
1,1,7,102,2288,339
1,1,7,103,2293,378
1,1,7,104,2307,382
1,1,7,105,2287,383
1,1,7,106,2313,382
1,1,7,107,2274,392
1,1,7,108,2319,409
1,1,7,109,2259,418
1,1,7,110,2287,438
1,1,7,111,2293,421
1,1,7,112,2250,450
1,1,7,113,2293,464
1,1,7,114,2269,461
1,1,7,115,2304,459
1,1,7,116,2266,463
1,1,7,117,2292,484
1,1,7,118,2259,497
1,1,7,119,2277,507
1,1,7,120,2282,503
1,1,7,121,2244,517
1,1,7,122,2308,517
1,1,7,123,2235,519
1,1,7,124,2278,536
1,1,7,125,2255,541
1,1,7,126,2252,554
1,1,7,127,2263,553
1,1,7,128,2252,562
1,1,7,129,2276,569
1,1,7,130,2240,569
1,1,7,131,2275,584
1,1,7,132,2231,583
1,1,7,133,2265,596
1,1,7,134,2234,589
1,1,7,135,2237,599
1,1,7,136,2271,609
1,1,7,137,2236,622
1,1,7,138,2269,634
1,1,7,139,2242,627
1,1,7,140,2263,634
1,1,7,141,2241,636
1,1,7,142,2254,653
1,1,7,143,2259,660
1,1,7,144,2238,663
1,1,7,145,2272,666
1,1,7,146,2223,659
1,1,7,147,2283,667
1,1,7,148,2236,672
1,1,7,149,2242,682
1,1,7,150,2258,693
1,1,7,151,2251,706
1,1,7,152,2286,723
1,1,7,153,2245,712
1,1,7,154,2287,732
1,1,7,155,2248,727
1,1,7,156,2276,746
1,1,7,157,2248,733
1,1,7,158,2247,751
1,1,7,159,2284,761
1,1,7,160,2246,758
1,1,7,161,2299,762
1,1,7,162,2263,767
1,1,7,163,2281,765
1,1,7,164,2270,775
1,1,7,165,2286,785
1,1,7,166,2283,802
1,1,7,167,2273,807
1,1,7,168,2305,813
1,1,7,169,2260,812
1,1,7,170,2310,825
1,1,7,171,2285,822
1,1,7,172,2293,827
1,1,7,173,2303,843
1,1,7,174,2279,839
1,1,7,175,2322,857
1,1,7,176,2295,855
1,1,7,177,2326,875
1,1,7,178,2300,864
1,1,7,179,2342,896
1,1,7,180,2314,887
1,1,7,181,2317,901
1,1,7,182,2348,912
1,1,7,183,2303,897
1,1,7,184,2352,922
1,1,7,185,2323,922
1,1,7,186,2354,943
1,1,7,187,2341,931
1,1,7,188,2337,925
1,1,7,189,2363,951
1,1,7,190,2355,978
1,1,7,191,2388,988
1,1,7,192,2345,981
1,1,7,193,2402,1001
1,1,7,194,2367,1009
1,1,7,195,2385,1017
1,1,7,196,2397,1006
1,1,7,197,2379,1015
1,1,7,198,2418,1022
1,1,7,199,2396,1035
1,1,7,200,2423,1049
1,1,7,201,2383,1041
1,1,7,202,2417,1067
1,1,7,203,2407,1074
1,1,7,204,2425,1097
1,1,7,205,2443,1111
1,1,7,206,2406,1130
1,1,7,207,2453,1127
1,1,7,208,2430,1134
1,1,7,209,2456,1175
1,1,7,210,2442,1184
1,1,7,211,2437,1177
1,1,7,212,2457,1169
1,1,7,213,2443,1199
1,1,7,214,2473,1234
1,1,7,215,2435,1239
1,1,7,216,2489,1259
1,1,7,217,2441,1261
1,1,7,218,2457,1265
1,1,7,219,2468,1301
1,1,7,220,2445,1320
1,1,7,221,2492,1320
1,1,7,222,2451,1331
1,1,7,223,2480,1340
1,1,7,224,2449,1346
1,1,7,225,2480,1372
1,1,7,226,2454,1374
1,1,7,227,2461,1391
1,1,7,228,2480,1402
1,1,7,229,2431,1436
1,1,7,230,2497,1440
1,1,7,231,2441,1416
1,1,7,232,2464,1442
1,1,7,233,2458,1441
1,1,7,234,2459,1478
1,1,7,235,2470,1507
1,1,7,236,2455,1531
1,1,7,237,2487,1547
1,1,7,238,2441,1548
1,1,7,239,2482,1584
1,1,7,240,2420,1582
1,1,7,241,2442,1602
1,1,7,242,2465,1602
1,1,7,243,2428,1619
1,1,7,244,2472,1652
1,1,7,245,2427,1649
1,1,7,246,2462,1683
1,1,7,247,2429,1675
1,1,7,248,2450,1691
1,1,7,249,2436,1688
1,1,7,250,2431,1720
1,1,7,251,2453,1731
1,1,7,252,2404,1716
1,1,7,253,2476,1755
1,1,7,254,2396,1741
1,1,7,255,2434,1774
1,1,7,256,2431,1772
1,1,7,257,2422,1807
1,1,7,258,2439,1829
1,1,7,259,2412,1829
1,1,7,260,2443,1845
1,1,7,261,2391,1847
1,1,7,262,2445,1888
1,1,7,263,2398,1872
1,1,7,264,2422,1891
1,1,7,265,2408,1931
1,1,7,266,2384,1933
1,1,7,267,2429,1957
1,1,7,268,2380,1974
1,1,7,269,2427,2005
1,1,7,270,2377,2026
1,1,7,271,2395,2044
1,1,7,272,2380,2045
1,1,7,273,2374,2056
1,1,7,274,2401,2069
1,1,7,275,2349,2058
1,1,7,276,2412,2094
1,1,7,277,2338,2078
1,1,7,278,2372,2124
1,1,7,279,2362,2125
1,1,7,280,2349,2170
1,1,7,281,2371,2184
1,1,7,282,2348,2182
1,1,7,283,2368,2202
1,1,7,284,2311,2213
1,1,7,285,2357,2266
1,1,7,286,2311,2238
1,1,7,287,2345,2262
1,1,7,288,2323,2264
1,1,7,289,2294,2275
1,1,7,290,2348,2302
1,1,7,291,2287,2313
1,1,7,292,2333,2341
1,1,7,293,2273,2371
1,1,7,294,2281,2396
1,1,7,295,2267,2409
1,1,7,296,2259,2445
1,1,7,297,2284,2429
1,1,7,298,2240,2426
1,1,7,299,2293,2495
1,1,7,300,2199,2476
1,1,7,301,2246,2529
1,1,7,302,2218,2535
1,1,7,303,2204,2532
1,1,7,304,2218,2567
1,1,7,305,2200,2572
1,1,7,306,2224,2602
1,1,7,307,2183,2585
1,1,7,308,2213,2617
1,1,7,309,2157,2616
1,1,7,310,2169,2681
1,1,7,311,2146,2664
1,1,7,312,2119,2680
1,1,7,313,2181,2714
1,1,7,314,2087,2716
1,1,7,315,2119,2760
1,1,7,316,2071,2756
1,1,7,317,2072,2809
1,1,7,318,2077,2778
1,1,7,319,2064,2791
1,1,7,320,2077,2826
1,1,7,321,2032,2817
1,1,7,322,2080,2848
1,1,7,323,2006,2818
1,1,7,324,2058,2870
1,1,7,325,2006,2869
1,1,7,326,1980,2896
1,1,7,327,1988,2934
1,1,7,328,1957,2933
1,1,7,329,1994,2961
1,1,7,330,1942,2950
1,1,7,331,1966,2990
1,1,7,332,1926,2962
1,1,7,333,1946,3001
1,1,7,334,1919,3001
1,1,7,335,1898,2999
1,1,7,336,1954,3041
1,1,7,337,1886,3004
1,1,7,338,1915,3070
1,1,7,339,1868,3064
1,1,7,340,1885,3111
1,1,7,341,1843,3120
1,1,7,342,1844,3149
1,1,7,343,1845,3161
1,1,7,344,1813,3154
1,1,7,345,1842,3214
1,1,7,346,1757,3198
1,1,7,347,1824,3229
1,1,7,348,1790,3194
1,1,7,349,1795,3195
1,1,7,350,1817,3224
1,1,7,351,1755,3253
1,1,7,352,1760,3327
1,1,7,353,1729,3288
1,1,7,354,1758,3321
1,1,7,355,1709,3308
1,1,7,356,1718,3365
1,1,7,357,1683,3368
1,1,7,358,1680,3363
1,1,7,359,1727,3397
1,1,7,360,1641,3379
1,1,7,361,1671,3446
1,1,7,362,1634,3414
1,1,7,363,1640,3446
1,1,7,364,1612,3475
1,1,7,365,1596,3484
1,1,7,366,1596,3542
1,1,7,367,1557,3527
1,1,7,368,1587,3581
1,1,7,369,1528,3531
1,1,7,370,1568,3593
1,1,7,371,1509,3563
1,1,7,372,1494,3617
1,1,7,373,1495,3664
1,1,7,374,1433,3646
1,1,7,375,1497,3674
1,1,7,376,1442,3655
1,1,7,377,1487,3681
1,1,7,378,1458,3644
1,1,7,379,1449,3695
1,1,7,380,1443,3695
1,1,7,381,1427,3698
1,1,7,382,1428,3744
1,1,7,383,1309,3747
1,1,7,384,1400,3806
1,1,7,385,1278,3783
1,1,7,386,1297,3820
1,1,7,387,1305,3820
1,1,7,388,1282,3835
1,1,7,389,1264,3877
1,1,7,390,1235,3847
1,1,7,391,1246,3904
1,1,7,392,1192,3861
1,1,7,393,1215,3939
1,1,7,394,1184,3873
1,1,7,395,1202,3907
1,1,7,396,1175,3959
1,1,7,397,1106,3935
1,1,7,398,1157,4003
1,1,7,399,1118,3950
1,1,7,400,1144,3992
1,1,7,401,1104,3971
1,1,7,402,1087,4010
1,1,7,403,1071,4020
1,1,7,404,1051,4039
1,1,7,405,1038,4087
1,1,7,406,996,4024
1,1,7,407,1012,4126
1,1,7,408,958,4055
1,1,7,409,967,4117
1,1,7,410,971,4113
1,1,7,411,946,4104
1,1,7,412,959,4156
1,1,7,413,923,4129
1,1,7,414,918,4208
1,1,7,415,889,4148
1,1,7,416,918,4207
1,1,7,417,872,4162
1,1,7,418,870,4215
1,1,7,419,843,4226
1,1,7,420,822,4217
1,1,7,421,848,4306
1,1,7,422,797,4230
1,1,7,423,825,4287
1,1,7,424,801,4256
1,1,7,425,811,4287
1,1,7,426,754,4314
1,1,7,427,732,4349
1,1,7,428,748,4368
1,1,7,429,702,4334
1,1,7,430,716,4415
1,1,7,431,672,4336
1,1,7,432,686,4404
1,1,7,433,678,4388
1,1,7,434,616,4426
1,1,7,435,598,4479
1,1,7,436,551,4473
1,1,7,437,583,4516
1,1,7,438,533,4477
1,1,7,439,566,4547
1,1,7,440,519,4502
1,1,7,441,515,4554
1,1,7,442,540,4516
1,1,7,443,500,4506
1,1,7,444,519,4595
1,1,7,445,444,4534
1,1,7,446,438,4640
1,1,7,447,446,4575
1,1,7,448,412,4621
1,1,7,449,371,4639
1,1,7,450,308,4674
1,1,7,451,326,4712
1,1,7,452,276,4681
1,1,7,453,294,4743
1,1,7,454,263,4655
1,1,7,455,292,4744
1,1,7,456,245,4700
1,1,7,457,211,4715
1,1,7,458,245,4762
1,1,7,459,171,4759
1,1,7,460,196,4814
1,1,7,461,167,4764
1,1,7,462,139,4835
1,1,7,463,115,4804
1,1,7,464,101,4827
1,1,7,465,93,4823
1,1,7,466,59,4813
1,1,7,467,96,4898
1,1,7,468,45,4800
1,1,7,469,8,4928
1,1,7,470,-51,4903
1,1,7,471,-29,4912
1,1,7,472,-21,4896
1,1,7,473,-64,4909
1,1,7,474,-83,4951
1,1,7,475,-94,4903
1,1,7,476,-87,4996
1,1,7,477,-119,4909
1,1,7,478,-139,5021
1,1,7,479,-189,4966
1,1,7,480,-218,4983
1,1,7,481,-165,5020
1,1,7,482,-231,4969
1,1,7,483,-248,5072
1,1,7,484,-258,5015
1,1,7,485,-279,5081
1,1,7,486,-298,5035
1,1,7,487,-313,5081
1,1,7,488,-341,5073
1,1,7,489,-378,5080
1,1,7,490,-385,5150
1,1,7,491,-406,5047
1,1,7,492,-396,5157
1,1,7,493,-469,5128
1,1,7,494,-452,5148
1,1,7,495,-455,5148
1,1,7,496,-485,5147
1,1,7,497,-493,5198
1,1,7,498,-523,5166
1,1,7,499,-542,5240
1,1,7,500,-536,5146
1,1,7,501,-518,5237
1,1,7,502,-592,5189
1,1,7,503,-627,5225
1,1,7,504,-631,5290
1,1,7,505,-668,5216
1,1,7,506,-661,5319
1,1,7,507,-699,5262
1,1,7,508,-723,5326
1,1,7,509,-757,5305
1,1,7,510,-784,5338
1,1,7,511,-809,5353
1,1,8,0,2103,-547
1,1,8,1,2080,-535
1,1,8,2,2095,-539
1,1,8,3,2094,-527
1,1,8,4,2105,-507
1,1,8,5,2110,-517
1,1,8,6,2106,-495
1,1,8,7,2147,-497
1,1,8,8,2101,-465
1,1,8,9,2144,-470
1,1,8,10,2127,-455
1,1,8,11,2145,-456
1,1,8,12,2150,-434
1,1,8,13,2162,-429
1,1,8,14,2167,-426
1,1,8,15,2155,-408
1,1,8,16,2189,-413
1,1,8,17,2142,-381
1,1,8,18,2194,-384
1,1,8,19,2179,-358
1,1,8,20,2180,-362
1,1,8,21,2197,-363
1,1,8,22,2192,-328
1,1,8,23,2212,-335
1,1,8,24,2184,-303
1,1,8,25,2226,-301
1,1,8,26,2193,-267
1,1,8,27,2223,-274
1,1,8,28,2212,-265
1,1,8,29,2196,-258
1,1,8,30,2230,-286
1,1,8,31,2190,-249
1,1,8,32,2238,-248
1,1,8,33,2211,-221
1,1,8,34,2233,-204
1,1,8,35,2216,-198
1,1,8,36,2225,-190
1,1,8,37,2230,-189
1,1,8,38,2210,-196
1,1,8,39,2247,-193
1,1,8,40,2204,-157
1,1,8,41,2257,-176
1,1,8,42,2204,-144
1,1,8,43,2230,-152
1,1,8,44,2242,-150
1,1,8,45,2226,-126
1,1,8,46,2252,-122
1,1,8,47,2217,-100
1,1,8,48,2253,-114
1,1,8,49,2218,-105
1,1,8,50,2247,-90
1,1,8,51,2235,-83
1,1,8,52,2238,-71
1,1,8,53,2250,-73
1,1,8,54,2218,-53
1,1,8,55,2274,-58
1,1,8,56,2215,-37
1,1,8,57,2249,-31
1,1,8,58,2246,-30
1,1,8,59,2233,-28
1,1,8,60,2257,-28
1,1,8,61,2238,0
1,1,8,62,2276,-5
1,1,8,63,2230,13
1,1,8,64,2273,17
1,1,8,65,2233,28
1,1,8,66,2257,22
1,1,8,67,2252,28
1,1,8,68,2231,49
1,1,8,69,2290,43
1,1,8,70,2240,67
1,1,8,71,2284,73
1,1,8,72,2254,80
1,1,8,73,2287,90
1,1,8,74,2274,108
1,1,8,75,2275,101
1,1,8,76,2286,107
1,1,8,77,2256,110
1,1,8,78,2303,114
1,1,8,79,2252,130
1,1,8,80,2300,114
1,1,8,81,2267,140
1,1,8,82,2276,140
1,1,8,83,2296,152
1,1,8,84,2294,171
1,1,8,85,2316,182
1,1,8,86,2285,187
1,1,8,87,2323,198
1,1,8,88,2289,206
1,1,8,89,2320,215
1,1,8,90,2307,212
1,1,8,91,2292,232
1,1,8,92,2337,227
1,1,8,93,2285,242
1,1,8,94,2324,254
1,1,8,95,2294,274
1,1,8,96,2315,283
1,1,8,97,2300,299
1,1,8,98,2303,295
1,1,8,99,2323,294
1,1,8,100,2296,322
1,1,8,101,2332,317
1,1,8,102,2271,356
1,1,8,103,2325,343
1,1,8,104,2295,356
1,1,8,105,2290,360
1,1,8,106,2316,369
1,1,8,107,2291,392
1,1,8,108,2320,404
1,1,8,109,2287,420
1,1,8,110,2321,429
1,1,8,111,2272,431
1,1,8,112,2308,441
1,1,8,113,2279,447
1,1,8,114,2274,468
1,1,8,115,2322,455
1,1,8,116,2250,469
1,1,8,117,2301,483
1,1,8,118,2268,484
1,1,8,119,2288,497
1,1,8,120,2273,502
1,1,8,121,2269,510
1,1,8,122,2281,520
1,1,8,123,2270,520
1,1,8,124,2293,524
1,1,8,125,2246,533
1,1,8,126,2304,532
1,1,8,127,2247,541
1,1,8,128,2256,545
1,1,8,129,2272,563
1,1,8,130,2256,573
1,1,8,131,2290,576
1,1,8,132,2257,586
1,1,8,133,2281,603
1,1,8,134,2241,603
1,1,8,135,2273,611
1,1,8,136,2248,612
1,1,8,137,2255,609
1,1,8,138,2278,625
1,1,8,139,2230,619
1,1,8,140,2285,629
1,1,8,141,2249,632
1,1,8,142,2278,648
1,1,8,143,2262,647
1,1,8,144,2274,656
1,1,8,145,2269,659
1,1,8,146,2252,674
1,1,8,147,2285,687
1,1,8,148,2238,686
1,1,8,149,2296,704
1,1,8,150,2244,691
1,1,8,151,2262,697
1,1,8,152,2272,701
1,1,8,153,2258,701
1,1,8,154,2284,732
1,1,8,155,2256,731
1,1,8,156,2286,728
1,1,8,157,2256,729
1,1,8,158,2294,735
1,1,8,159,2274,739
1,1,8,160,2283,752
1,1,8,161,2294,758
1,1,8,162,2258,767
1,1,8,163,2314,774
1,1,8,164,2269,782
1,1,8,165,2304,794
1,1,8,166,2286,781
1,1,8,167,2289,798
1,1,8,168,2307,814
1,1,8,169,2291,820
1,1,8,170,2317,820
1,1,8,171,2283,838
1,1,8,172,2335,856
1,1,8,173,2284,844
1,1,8,174,2318,843
1,1,8,175,2303,837
1,1,8,176,2282,840
1,1,8,177,2327,861
1,1,8,178,2309,862
1,1,8,179,2337,875
1,1,8,180,2314,868
1,1,8,181,2340,885
1,1,8,182,2314,891
1,1,8,183,2335,900
1,1,8,184,2350,915
1,1,8,185,2329,917
1,1,8,186,2370,932
1,1,8,187,2321,925
1,1,8,188,2371,955
1,1,8,189,2355,953
1,1,8,190,2363,962
1,1,8,191,2372,977
1,1,8,192,2377,985
1,1,8,193,2397,1000
1,1,8,194,2364,998
1,1,8,195,2413,1020
1,1,8,196,2372,1004
1,1,8,197,2405,1015
1,1,8,198,2391,1027
1,1,8,199,2386,1047
1,1,8,200,2428,1056
1,1,8,201,2385,1041
1,1,8,202,2433,1075
1,1,8,203,2416,1099
1,1,8,204,2443,1118
1,1,8,205,2422,1119
1,1,8,206,2445,1132
1,1,8,207,2437,1125
1,1,8,208,2423,1144
1,1,8,209,2464,1164
1,1,8,210,2417,1178
1,1,8,211,2473,1197
1,1,8,212,2434,1183
1,1,8,213,2439,1212
1,1,8,214,2448,1211
1,1,8,215,2448,1230
1,1,8,216,2472,1239
1,1,8,217,2445,1262
1,1,8,218,2481,1292
1,1,8,219,2436,1287
1,1,8,220,2480,1295
1,1,8,221,2449,1299
1,1,8,222,2451,1323
1,1,8,223,2485,1327
1,1,8,224,2432,1353
1,1,8,225,2483,1386
1,1,8,226,2456,1383
1,1,8,227,2476,1400
1,1,8,228,2460,1412
1,1,8,229,2470,1416
1,1,8,230,2470,1424
1,1,8,231,2453,1421
1,1,8,232,2489,1470
1,1,8,233,2433,1472
1,1,8,234,2493,1496
1,1,8,235,2445,1515
1,1,8,236,2452,1533
1,1,8,237,2471,1540
1,1,8,238,2452,1551
1,1,8,239,2486,1565
1,1,8,240,2439,1578
1,1,8,241,2475,1596
1,1,8,242,2433,1610
1,1,8,243,2470,1629
1,1,8,244,2442,1622
1,1,8,245,2446,1634
1,1,8,246,2472,1643
1,1,8,247,2416,1655
1,1,8,248,2477,1678
1,1,8,249,2435,1697
1,1,8,250,2438,1723
1,1,8,251,2425,1729
1,1,8,252,2425,1757
1,1,8,253,2442,1739
1,1,8,254,2423,1749
1,1,8,255,2454,1788
1,1,8,256,2407,1786
1,1,8,257,2450,1823
1,1,8,258,2403,1803
1,1,8,259,2421,1846
1,1,8,260,2432,1854
1,1,8,261,2402,1876
1,1,8,262,2440,1874
1,1,8,263,2404,1857
1,1,8,264,2437,1874
1,1,8,265,2397,1904
1,1,8,266,2418,1941
1,1,8,267,2386,1950
1,1,8,268,2400,1961
1,1,8,269,2416,1972
1,1,8,270,2364,1998
1,1,8,271,2422,2024
1,1,8,272,2361,2017
1,1,8,273,2409,2028
1,1,8,274,2377,2060
1,1,8,275,2352,2091
1,1,8,276,2380,2110
1,1,8,277,2355,2105
1,1,8,278,2401,2117
1,1,8,279,2355,2097
1,1,8,280,2384,2138
1,1,8,281,2344,2148
1,1,8,282,2348,2210
1,1,8,283,2340,2199
1,1,8,284,2309,2230
1,1,8,285,2361,2252
1,1,8,286,2291,2219
1,1,8,287,2343,2259
1,1,8,288,2311,2258
1,1,8,289,2316,2299
1,1,8,290,2315,2301
1,1,8,291,2285,2355
1,1,8,292,2303,2404
1,1,8,293,2264,2370
1,1,8,294,2304,2409
1,1,8,295,2245,2413
1,1,8,296,2286,2444
1,1,8,297,2248,2405
1,1,8,298,2249,2459
1,1,8,299,2269,2465
1,1,8,300,2215,2449
1,1,8,301,2272,2499
1,1,8,302,2203,2524
1,1,8,303,2228,2558
1,1,8,304,2211,2535
1,1,8,305,2224,2550
1,1,8,306,2216,2569
1,1,8,307,2193,2575
1,1,8,308,2211,2625
1,1,8,309,2140,2604
1,1,8,310,2199,2648
1,1,8,311,2154,2639
1,1,8,312,2154,2654
1,1,8,313,2145,2684
1,1,8,314,2092,2750
1,1,8,315,2123,2765
1,1,8,316,2080,2748
1,1,8,317,2121,2802
1,1,8,318,2052,2767
1,1,8,319,2096,2812
1,1,8,320,2050,2785
1,1,8,321,2028,2820
1,1,8,322,2067,2849
1,1,8,323,2020,2845
1,1,8,324,2045,2886
1,1,8,325,2007,2870
1,1,8,326,2017,2917
1,1,8,327,1994,2896
1,1,8,328,1994,2928
1,1,8,329,1966,2957
1,1,8,330,1947,2916
1,1,8,331,1997,2977
1,1,8,332,1910,2996
1,1,8,333,1930,3027
1,1,8,334,1911,2991
1,1,8,335,1922,3037
1,1,8,336,1897,3024
1,1,8,337,1911,3031
1,1,8,338,1899,3079
1,1,8,339,1855,3047
1,1,8,340,1901,3119
1,1,8,341,1844,3097
1,1,8,342,1847,3154
1,1,8,343,1848,3105
1,1,8,344,1836,3145
1,1,8,345,1842,3155
1,1,8,346,1816,3150
1,1,8,347,1850,3200
1,1,8,348,1773,3184
1,1,8,349,1837,3221
1,1,8,350,1775,3236
1,1,8,351,1760,3258
1,1,8,352,1781,3267
1,1,8,353,1743,3284
1,1,8,354,1747,3348
1,1,8,355,1728,3296
1,1,8,356,1742,3349
1,1,8,357,1686,3310
1,1,8,358,1724,3372
1,1,8,359,1706,3337
1,1,8,360,1669,3352
1,1,8,361,1693,3429
1,1,8,362,1602,3446
1,1,8,363,1633,3514
1,1,8,364,1594,3478
1,1,8,365,1606,3510
1,1,8,366,1592,3493
1,1,8,367,1594,3514
1,1,8,368,1578,3532
1,1,8,369,1524,3542
1,1,8,370,1567,3623
1,1,8,371,1492,3565
1,1,8,372,1532,3609
1,1,8,373,1509,3596
1,1,8,374,1487,3627
1,1,8,375,1496,3638
1,1,8,376,1450,3659
1,1,8,377,1466,3697
1,1,8,378,1398,3679
1,1,8,379,1425,3769
1,1,8,380,1387,3675
1,1,8,381,1421,3703
1,1,8,382,1404,3729
1,1,8,383,1369,3742
1,1,8,384,1353,3811
1,1,8,385,1325,3773
1,1,8,386,1354,3809
1,1,8,387,1279,3799
1,1,8,388,1295,3876
1,1,8,389,1251,3821
1,1,8,390,1265,3850
1,1,8,391,1259,3880
1,1,8,392,1187,3844
1,1,8,393,1236,3913
1,1,8,394,1201,3879
1,1,8,395,1177,3955
1,1,8,396,1156,3920
1,1,8,397,1143,3954
1,1,8,398,1130,3958
1,1,8,399,1113,3950
1,1,8,400,1121,4030
1,1,8,401,1065,3946
1,1,8,402,1095,4035
1,1,8,403,1098,3972
1,1,8,404,1086,4013
1,1,8,405,1052,4023
1,1,8,406,1005,4054
1,1,8,407,1017,4088
1,1,8,408,983,4053
1,1,8,409,1000,4131
1,1,8,410,930,4070
1,1,8,411,944,4146
1,1,8,412,946,4124
1,1,8,413,907,4150
1,1,8,414,929,4166
1,1,8,415,891,4160
1,1,8,416,917,4203
1,1,8,417,855,4175
1,1,8,418,880,4246
1,1,8,419,852,4166
1,1,8,420,870,4224
1,1,8,421,831,4262
1,1,8,422,799,4223
1,1,8,423,823,4298
1,1,8,424,773,4272
1,1,8,425,790,4331
1,1,8,426,749,4289
1,1,8,427,761,4344
1,1,8,428,750,4317
1,1,8,429,731,4346
1,1,8,430,727,4395
1,1,8,431,659,4351
1,1,8,432,713,4416
1,1,8,433,667,4383
1,1,8,434,668,4438
1,1,8,435,642,4419
1,1,8,436,604,4447
1,1,8,437,614,4458
1,1,8,438,549,4486
1,1,8,439,535,4567
1,1,8,440,504,4484
1,1,8,441,543,4567
1,1,8,442,502,4508
1,1,8,443,462,4557
1,1,8,444,491,4562
1,1,8,445,427,4584
1,1,8,446,429,4655
1,1,8,447,404,4600
1,1,8,448,407,4665
1,1,8,449,369,4607
1,1,8,450,381,4682
1,1,8,451,362,4630
1,1,8,452,308,4652
1,1,8,453,366,4697
1,1,8,454,288,4652
1,1,8,455,304,4731
1,1,8,456,275,4681
1,1,8,457,245,4744
1,1,8,458,243,4723
1,1,8,459,247,4737
1,1,8,460,196,4773
1,1,8,461,151,4756
1,1,8,462,157,4858
1,1,8,463,99,4765
1,1,8,464,90,4864
1,1,8,465,65,4841
1,1,8,466,50,4852
1,1,8,467,58,4870
1,1,8,468,22,4856
1,1,8,469,12,4907
1,1,8,470,-6,4844
1,1,8,471,-10,4956
1,1,8,472,-54,4867
1,1,8,473,-53,4940
1,1,8,474,-92,4944
1,1,8,475,-92,4900
1,1,8,476,-115,4997
1,1,8,477,-169,4965
1,1,8,478,-172,5036
1,1,8,479,-165,4965
1,1,8,480,-187,5036
1,1,8,481,-212,4997
1,1,8,482,-221,5018
1,1,8,483,-218,5040
1,1,8,484,-260,4981
1,1,8,485,-235,5101
1,1,8,486,-320,5008
1,1,8,487,-300,5080
1,1,8,488,-322,5060
1,1,8,489,-373,5099
1,1,8,490,-392,5127
1,1,8,491,-372,5100
1,1,8,492,-371,5148
1,1,8,493,-409,5094
1,1,8,494,-425,5200
1,1,8,495,-470,5109
1,1,8,496,-473,5183
1,1,8,497,-489,5157
1,1,8,498,-555,5159
1,1,8,499,-545,5228
1,1,8,500,-565,5183
1,1,8,501,-558,5260
1,1,8,502,-583,5203
1,1,8,503,-575,5244
1,1,8,504,-611,5236
1,1,8,505,-683,5281
1,1,8,506,-669,5291
1,1,8,507,-691,5265
1,1,8,508,-710,5347
1,1,8,509,-749,5259
1,1,8,510,-783,5402
1,1,8,511,-802,5294
1,1,9,0,2065,-529
1,1,9,1,2094,-543
1,1,9,2,2072,-515
1,1,9,3,2105,-526
1,1,9,4,2085,-503
1,1,9,5,2122,-502
1,1,9,6,2103,-489
1,1,9,7,2122,-486
1,1,9,8,2124,-485
1,1,9,9,2106,-462
1,1,9,10,2155,-476
1,1,9,11,2127,-437
1,1,9,12,2153,-453
1,1,9,13,2145,-431
1,1,9,14,2168,-416
1,1,9,15,2154,-401
1,1,9,16,2158,-399
1,1,9,17,2181,-408
1,1,9,18,2146,-383
1,1,9,19,2204,-376
1,1,9,20,2168,-329
1,1,9,21,2194,-328
1,1,9,22,2193,-334
1,1,9,23,2187,-313
1,1,9,24,2214,-309
1,1,9,25,2186,-304
1,1,9,26,2218,-312
1,1,9,27,2175,-271
1,1,9,28,2232,-299
1,1,9,29,2188,-260
1,1,9,30,2200,-253
1,1,9,31,2216,-251
1,1,9,32,2199,-241
1,1,9,33,2238,-223
1,1,9,34,2207,-212
1,1,9,35,2236,-209
1,1,9,36,2209,-195
1,1,9,37,2242,-199
1,1,9,38,2216,-199
1,1,9,39,2218,-169
1,1,9,40,2257,-163
1,1,9,41,2202,-156
1,1,9,42,2245,-162
1,1,9,43,2219,-149
1,1,9,44,2244,-138
1,1,9,45,2225,-127
1,1,9,46,2231,-119
1,1,9,47,2240,-108
1,1,9,48,2220,-93
1,1,9,49,2262,-86
1,1,9,50,2206,-80
1,1,9,51,2268,-98
1,1,9,52,2221,-85
1,1,9,53,2227,-60
1,1,9,54,2249,-56
1,1,9,55,2227,-41
1,1,9,56,2261,-42
1,1,9,57,2228,-28
1,1,9,58,2261,-36
1,1,9,59,2223,-6
1,1,9,60,2246,-10
1,1,9,61,2227,-4
1,1,9,62,2226,4
1,1,9,63,2263,-8
1,1,9,64,2215,14
1,1,9,65,2272,18
1,1,9,66,2234,39
1,1,9,67,2263,48
1,1,9,68,2241,44
1,1,9,69,2250,62
1,1,9,70,2263,68
1,1,9,71,2239,73
1,1,9,72,2286,72
1,1,9,73,2236,83
1,1,9,74,2288,78
1,1,9,75,2251,92
1,1,9,76,2261,97
1,1,9,77,2271,103
1,1,9,78,2269,112
1,1,9,79,2301,121
1,1,9,80,2276,139
1,1,9,81,2308,134
1,1,9,82,2264,165
1,1,9,83,2311,159
1,1,9,84,2281,165
1,1,9,85,2282,169
1,1,9,86,2324,181
1,1,9,87,2280,208
1,1,9,88,2330,217
1,1,9,89,2290,209
1,1,9,90,2309,204
1,1,9,91,2296,224
1,1,9,92,2314,257
1,1,9,93,2319,265
1,1,9,94,2293,270
1,1,9,95,2333,266
1,1,9,96,2272,296
1,1,9,97,2322,297
1,1,9,98,2304,293
1,1,9,99,2302,326
1,1,9,100,2311,323
1,1,9,101,2293,350
1,1,9,102,2321,352
1,1,9,103,2278,360
1,1,9,104,2322,373
1,1,9,105,2272,397
1,1,9,106,2319,365
1,1,9,107,2290,376
1,1,9,108,2281,392
1,1,9,109,2320,407
1,1,9,110,2276,418
1,1,9,111,2312,427
1,1,9,112,2279,433
1,1,9,113,2296,452
1,1,9,114,2273,456
1,1,9,115,2288,472
1,1,9,116,2280,466
1,1,9,117,2252,490
1,1,9,118,2318,498
1,1,9,119,2243,491
1,1,9,120,2287,510
1,1,9,121,2266,495
1,1,9,122,2269,513
1,1,9,123,2269,522
1,1,9,124,2263,521
1,1,9,125,2284,539
1,1,9,126,2241,548
1,1,9,127,2293,549
1,1,9,128,2229,550
1,1,9,129,2270,557
1,1,9,130,2265,556
1,1,9,131,2241,574
1,1,9,132,2272,586
1,1,9,133,2243,590
1,1,9,134,2278,595
1,1,9,135,2244,592
1,1,9,136,2274,616
1,1,9,137,2243,612
1,1,9,138,2260,612
1,1,9,139,2258,624
1,1,9,140,2231,639
1,1,9,141,2268,642
1,1,9,142,2235,648
1,1,9,143,2268,669
1,1,9,144,2251,650
1,1,9,145,2256,656
1,1,9,146,2248,676
1,1,9,147,2250,676
1,1,9,148,2278,689
1,1,9,149,2232,684
1,1,9,150,2290,700
1,1,9,151,2250,695
1,1,9,152,2268,695
1,1,9,153,2259,700
1,1,9,154,2261,713
1,1,9,155,2289,725
1,1,9,156,2264,737
1,1,9,157,2300,742
1,1,9,158,2251,748
1,1,9,159,2298,747
1,1,9,160,2259,758
1,1,9,161,2265,766
1,1,9,162,2284,767
1,1,9,163,2273,782
1,1,9,164,2303,785
1,1,9,165,2273,786
1,1,9,166,2298,789
1,1,9,167,2269,784
1,1,9,168,2307,799
1,1,9,169,2286,816
1,1,9,170,2279,828
1,1,9,171,2323,834
1,1,9,172,2283,835
1,1,9,173,2322,848
1,1,9,174,2294,831
1,1,9,175,2316,848
1,1,9,176,2305,855
1,1,9,177,2314,873
1,1,9,178,2325,867
1,1,9,179,2311,888
1,1,9,180,2361,900
1,1,9,181,2311,903
1,1,9,182,2341,911
1,1,9,183,2332,907
1,1,9,184,2335,925
1,1,9,185,2347,918
1,1,9,186,2332,930
1,1,9,187,2356,927
1,1,9,188,2331,927
1,1,9,189,2375,953
1,1,9,190,2337,953
1,1,9,191,2364,966
1,1,9,192,2373,974
1,1,9,193,2350,976
1,1,9,194,2389,983
1,1,9,195,2372,1006
1,1,9,196,2409,1028
1,1,9,197,2384,1031
1,1,9,198,2407,1042
1,1,9,199,2393,1050
1,1,9,200,2403,1065
1,1,9,201,2425,1076
1,1,9,202,2403,1079
1,1,9,203,2452,1109
1,1,9,204,2400,1102
1,1,9,205,2430,1116
1,1,9,206,2423,1103
1,1,9,207,2428,1140
1,1,9,208,2445,1142
1,1,9,209,2429,1143
1,1,9,210,2464,1164
1,1,9,211,2418,1176
1,1,9,212,2481,1205
1,1,9,213,2419,1189
1,1,9,214,2445,1214
1,1,9,215,2455,1228
1,1,9,216,2444,1252
1,1,9,217,2487,1253
1,1,9,218,2453,1268
1,1,9,219,2481,1290
1,1,9,220,2444,1299
1,1,9,221,2478,1325
1,1,9,222,2443,1327
1,1,9,223,2451,1353
1,1,9,224,2478,1365
1,1,9,225,2442,1383
1,1,9,226,2483,1402
1,1,9,227,2450,1390
1,1,9,228,2465,1403
1,1,9,229,2451,1411
1,1,9,230,2462,1431
1,1,9,231,2464,1448
1,1,9,232,2438,1453
1,1,9,233,2494,1465
1,1,9,234,2429,1459
1,1,9,235,2485,1515
1,1,9,236,2443,1515
1,1,9,237,2444,1527
1,1,9,238,2457,1538
1,1,9,239,2446,1561
1,1,9,240,2466,1562
1,1,9,241,2428,1571
1,1,9,242,2473,1603
1,1,9,243,2415,1613
1,1,9,244,2449,1641
1,1,9,245,2421,1632
1,1,9,246,2418,1644
1,1,9,247,2459,1667
1,1,9,248,2420,1668
1,1,9,249,2453,1699
1,1,9,250,2406,1707
1,1,9,251,2445,1744
1,1,9,252,2412,1733
1,1,9,253,2432,1745
1,1,9,254,2427,1755
1,1,9,255,2389,1774
1,1,9,256,2453,1807
1,1,9,257,2384,1812
1,1,9,258,2430,1833
1,1,9,259,2397,1855
1,1,9,260,2410,1871
1,1,9,261,2418,1853
1,1,9,262,2402,1888
1,1,9,263,2425,1901
1,1,9,264,2381,1885
1,1,9,265,2439,1913
1,1,9,266,2366,1941
1,1,9,267,2405,1957
1,1,9,268,2395,1971
1,1,9,269,2373,1976
1,1,9,270,2406,2006
1,1,9,271,2375,2015
1,1,9,272,2410,2018
1,1,9,273,2379,2002
1,1,9,274,2407,2041
1,1,9,275,2362,2043
1,1,9,276,2371,2098
1,1,9,277,2371,2115
1,1,9,278,2326,2117
1,1,9,279,2390,2156
1,1,9,280,2346,2142
1,1,9,281,2367,2192
1,1,9,282,2340,2172
1,1,9,283,2349,2194
1,1,9,284,2336,2225
1,1,9,285,2324,2231
1,1,9,286,2350,2277
1,1,9,287,2286,2256
1,1,9,288,2345,2268
1,1,9,289,2293,2308
1,1,9,290,2301,2332
1,1,9,291,2301,2318
1,1,9,292,2283,2343
1,1,9,293,2307,2368
1,1,9,294,2272,2378
1,1,9,295,2302,2421
1,1,9,296,2249,2377
1,1,9,297,2305,2410
1,1,9,298,2252,2419
1,1,9,299,2228,2452
1,1,9,300,2274,2453
1,1,9,301,2223,2492
1,1,9,302,2255,2509
1,1,9,303,2218,2510
1,1,9,304,2235,2564
1,1,9,305,2175,2569
1,1,9,306,2193,2602
1,1,9,307,2190,2590
1,1,9,308,2152,2593
1,1,9,309,2219,2622
1,1,9,310,2125,2653
1,1,9,311,2172,2674
1,1,9,312,2125,2668
1,1,9,313,2132,2701
1,1,9,314,2105,2714
1,1,9,315,2107,2733
1,1,9,316,2124,2755
1,1,9,317,2054,2741
1,1,9,318,2140,2779
1,1,9,319,2060,2759
1,1,9,320,2081,2805
1,1,9,321,2065,2801
1,1,9,322,2048,2834
1,1,9,323,2034,2865
1,1,9,324,2001,2871
1,1,9,325,2016,2917
1,1,9,326,1954,2890
1,1,9,327,2006,2953
1,1,9,328,1954,2890
1,1,9,329,1959,2921
1,1,9,330,1973,2942
1,1,9,331,1937,2962
1,1,9,332,1959,3006
1,1,9,333,1920,2980
1,1,9,334,1933,3025
1,1,9,335,1885,3009
1,1,9,336,1912,3053
1,1,9,337,1871,3042
1,1,9,338,1850,3062
1,1,9,339,1894,3095
1,1,9,340,1852,3075
1,1,9,341,1887,3117
1,1,9,342,1840,3106
1,1,9,343,1842,3160
1,1,9,344,1809,3137
1,1,9,345,1824,3171
1,1,9,346,1807,3199
1,1,9,347,1797,3171
1,1,9,348,1822,3249
1,1,9,349,1763,3176
1,1,9,350,1808,3237
1,1,9,351,1784,3208
1,1,9,352,1773,3268
1,1,9,353,1763,3270
1,1,9,354,1742,3294
1,1,9,355,1731,3332
1,1,9,356,1690,3316
1,1,9,357,1728,3387
1,1,9,358,1643,3367
1,1,9,359,1668,3421
1,1,9,360,1660,3409
1,1,9,361,1632,3424
1,1,9,362,1670,3444
1,1,9,363,1632,3426
1,1,9,364,1649,3477
1,1,9,365,1603,3444
1,1,9,366,1625,3509
1,1,9,367,1590,3466
1,1,9,368,1586,3510
1,1,9,369,1585,3537
1,1,9,370,1522,3522
1,1,9,371,1589,3572
1,1,9,372,1501,3583
1,1,9,373,1497,3646
1,1,9,374,1473,3611
1,1,9,375,1461,3672
1,1,9,376,1458,3643
1,1,9,377,1446,3654
1,1,9,378,1461,3693
1,1,9,379,1378,3667
1,1,9,380,1424,3761
1,1,9,381,1371,3730
1,1,9,382,1377,3752
1,1,9,383,1382,3739
1,1,9,384,1333,3766
1,1,9,385,1340,3802
1,1,9,386,1327,3773
1,1,9,387,1348,3828
1,1,9,388,1271,3798
1,1,9,389,1317,3856
1,1,9,390,1236,3830
1,1,9,391,1222,3843
1,1,9,392,1235,3891
1,1,9,393,1182,3893
1,1,9,394,1195,3956
1,1,9,395,1132,3921
1,1,9,396,1142,3984
1,1,9,397,1104,3935
1,1,9,398,1147,3960
1,1,9,399,1102,3961
1,1,9,400,1070,3946
1,1,9,401,1103,4029
1,1,9,402,1052,3979
1,1,9,403,1070,4057
1,1,9,404,1034,4015
1,1,9,405,1031,4043
1,1,9,406,1030,4016
1,1,9,407,1017,4053
1,1,9,408,1034,4052
1,1,9,409,991,4041
1,1,9,410,991,4144
1,1,9,411,935,4072
1,1,9,412,973,4119
1,1,9,413,956,4103
1,1,9,414,919,4139
1,1,9,415,921,4155
1,1,9,416,886,4174
1,1,9,417,901,4213
1,1,9,418,864,4168
1,1,9,419,905,4227
1,1,9,420,844,4173
1,1,9,421,849,4224
1,1,9,422,844,4241
1,1,9,423,800,4235
1,1,9,424,818,4306
1,1,9,425,748,4296
1,1,9,426,753,4347
1,1,9,427,732,4305
1,1,9,428,725,4386
1,1,9,429,698,4333
1,1,9,430,678,4371
1,1,9,431,704,4411
1,1,9,432,648,4353
1,1,9,433,668,4438
1,1,9,434,624,4404
1,1,9,435,601,4485
1,1,9,436,594,4439
1,1,9,437,572,4480
1,1,9,438,581,4463
1,1,9,439,563,4459
1,1,9,440,584,4534
1,1,9,441,516,4464
1,1,9,442,516,4571
1,1,9,443,489,4536
1,1,9,444,496,4552
1,1,9,445,450,4583
1,1,9,446,428,4587
1,1,9,447,436,4616
1,1,9,448,405,4570
1,1,9,449,421,4662
1,1,9,450,349,4587
1,1,9,451,367,4659
1,1,9,452,314,4680
1,1,9,453,301,4657
1,1,9,454,290,4723
1,1,9,455,258,4696
1,1,9,456,286,4737
1,1,9,457,214,4707
1,1,9,458,211,4788
1,1,9,459,167,4735
1,1,9,460,181,4776
1,1,9,461,175,4786
1,1,9,462,128,4738
1,1,9,463,136,4832
1,1,9,464,113,4787
1,1,9,465,126,4845
1,1,9,466,67,4810
1,1,9,467,61,4851
1,1,9,468,23,4842
1,1,9,469,11,4859
1,1,9,470,25,4902
1,1,9,471,-31,4831
1,1,9,472,-17,4936
1,1,9,473,-83,4900
1,1,9,474,-58,4938
1,1,9,475,-86,4924
1,1,9,476,-159,4952
1,1,9,477,-124,4973
1,1,9,478,-171,4956
1,1,9,479,-162,5033
1,1,9,480,-212,4944
1,1,9,481,-200,5046
1,1,9,482,-228,4969
1,1,9,483,-255,4995
1,1,9,484,-238,5032
1,1,9,485,-260,5010
1,1,9,486,-287,5072
1,1,9,487,-321,5036
1,1,9,488,-300,5103
1,1,9,489,-373,5054
1,1,9,490,-375,5128
1,1,9,491,-390,5098
1,1,9,492,-419,5081
1,1,9,493,-376,5158
1,1,9,494,-463,5096
1,1,9,495,-446,5191
1,1,9,496,-465,5134
1,1,9,497,-479,5176
1,1,9,498,-515,5152
1,1,9,499,-533,5186
1,1,9,500,-539,5201
1,1,9,501,-581,5160
1,1,9,502,-574,5276
1,1,9,503,-606,5159
1,1,9,504,-650,5272
1,1,9,505,-649,5235
1,1,9,506,-666,5253
1,1,9,507,-694,5283
1,1,9,508,-737,5267
1,1,9,509,-759,5344
1,1,9,510,-770,5258
1,1,9,511,-768,5368
1,1,10,0,2089,-538
1,1,10,1,2071,-529
1,1,10,2,2103,-534
1,1,10,3,2077,-512
1,1,10,4,2110,-529
1,1,10,5,2085,-506
1,1,10,6,2095,-500
1,1,10,7,2123,-494
1,1,10,8,2123,-460
1,1,10,9,2163,-468
1,1,10,10,2141,-451
1,1,10,11,2152,-462
1,1,10,12,2145,-437
1,1,10,13,2157,-433
1,1,10,14,2159,-428
1,1,10,15,2156,-407
1,1,10,16,2179,-425
1,1,10,17,2156,-374
1,1,10,18,2209,-379
1,1,10,19,2161,-341
1,1,10,20,2194,-360
1,1,10,21,2188,-343
1,1,10,22,2180,-325
1,1,10,23,2206,-333
1,1,10,24,2189,-320
1,1,10,25,2218,-310
1,1,10,26,2184,-291
1,1,10,27,2225,-282
1,1,10,28,2194,-240
1,1,10,29,2221,-258
1,1,10,30,2221,-265
1,1,10,31,2187,-245
1,1,10,32,2243,-249
1,1,10,33,2208,-210
1,1,10,34,2246,-229
1,1,10,35,2207,-217
1,1,10,36,2229,-201
1,1,10,37,2212,-203
1,1,10,38,2219,-183
1,1,10,39,2241,-192
1,1,10,40,2201,-161
1,1,10,41,2260,-182
1,1,10,42,2210,-133
1,1,10,43,2241,-132
1,1,10,44,2226,-135
1,1,10,45,2230,-108
1,1,10,46,2238,-116
1,1,10,47,2221,-108
1,1,10,48,2263,-123
1,1,10,49,2210,-87
1,1,10,50,2260,-97
1,1,10,51,2212,-82
1,1,10,52,2235,-67
1,1,10,53,2240,-70
1,1,10,54,2218,-54
1,1,10,55,2263,-54
1,1,10,56,2226,-42
1,1,10,57,2253,-47
1,1,10,58,2219,-26
1,1,10,59,2251,-15
1,1,10,60,2242,-9
1,1,10,61,2237,-5
1,1,10,62,2258,1
1,1,10,63,2213,13
1,1,10,64,2274,24
1,1,10,65,2232,26
1,1,10,66,2260,29
1,1,10,67,2251,39
1,1,10,68,2248,53
1,1,10,69,2266,59
1,1,10,70,2243,55
1,1,10,71,2280,61
1,1,10,72,2242,78
1,1,10,73,2293,80
1,1,10,74,2250,96
1,1,10,75,2264,103
1,1,10,76,2279,100
1,1,10,77,2263,116
1,1,10,78,2295,101
1,1,10,79,2259,100
1,1,10,80,2295,109
1,1,10,81,2269,151
1,1,10,82,2308,161
1,1,10,83,2272,175
1,1,10,84,2285,173
1,1,10,85,2324,182
1,1,10,86,2274,192
1,1,10,87,2315,191
1,1,10,88,2284,209
1,1,10,89,2307,218
1,1,10,90,2300,233
1,1,10,91,2302,245
1,1,10,92,2312,249
1,1,10,93,2285,267
1,1,10,94,2335,264
1,1,10,95,2278,279
1,1,10,96,2328,271
1,1,10,97,2290,289
1,1,10,98,2294,297
1,1,10,99,2311,302
1,1,10,100,2303,317
1,1,10,101,2322,317
1,1,10,102,2282,348
1,1,10,103,2329,349
1,1,10,104,2278,364
1,1,10,105,2320,365
1,1,10,106,2288,382
1,1,10,107,2267,406
1,1,10,108,2315,401
1,1,10,109,2273,423
1,1,10,110,2314,418
1,1,10,111,2276,429
1,1,10,112,2302,435
1,1,10,113,2276,448
1,1,10,114,2294,452
1,1,10,115,2293,459
1,1,10,116,2262,467
1,1,10,117,2311,478
1,1,10,118,2237,480
1,1,10,119,2288,484
1,1,10,120,2259,496
1,1,10,121,2275,506
1,1,10,122,2269,517
1,1,10,123,2258,523
1,1,10,124,2293,536
1,1,10,125,2245,539
1,1,10,126,2296,570
1,1,10,127,2222,566
1,1,10,128,2268,562
1,1,10,129,2263,573
1,1,10,130,2239,572
1,1,10,131,2272,577
1,1,10,132,2249,589
1,1,10,133,2271,592
1,1,10,134,2237,589
1,1,10,135,2274,605
1,1,10,136,2232,607
1,1,10,137,2256,612
1,1,10,138,2258,620
1,1,10,139,2220,627
1,1,10,140,2271,632
1,1,10,141,2239,640
1,1,10,142,2269,649
1,1,10,143,2239,652
1,1,10,144,2263,670
1,1,10,145,2257,665
1,1,10,146,2245,665
1,1,10,147,2276,679
1,1,10,148,2235,678
1,1,10,149,2295,696
1,1,10,150,2245,689
1,1,10,151,2257,707
1,1,10,152,2257,702
1,1,10,153,2254,721
1,1,10,154,2280,720
1,1,10,155,2250,711
1,1,10,156,2285,725
1,1,10,157,2245,717
1,1,10,158,2285,736
1,1,10,159,2252,736
1,1,10,160,2260,754
1,1,10,161,2293,763
1,1,10,162,2268,773
1,1,10,163,2301,787
1,1,10,164,2274,790
1,1,10,165,2305,802
1,1,10,166,2268,788
1,1,10,167,2294,802
1,1,10,168,2276,789
1,1,10,169,2275,803
1,1,10,170,2319,820
1,1,10,171,2271,824
1,1,10,172,2311,837
1,1,10,173,2289,828
1,1,10,174,2311,851
1,1,10,175,2303,853
1,1,10,176,2307,856
1,1,10,177,2323,857
1,1,10,178,2294,864
1,1,10,179,2339,889
1,1,10,180,2289,880
1,1,10,181,2330,907
1,1,10,182,2320,892
1,1,10,183,2329,911
1,1,10,184,2338,920
1,1,10,185,2335,924
1,1,10,186,2355,938
1,1,10,187,2321,926
1,1,10,188,2378,955
1,1,10,189,2328,946
1,1,10,190,2367,973
1,1,10,191,2369,976
1,1,10,192,2345,971
1,1,10,193,2379,986
1,1,10,194,2357,985
1,1,10,195,2396,1004
1,1,10,196,2367,1006
1,1,10,197,2413,1022
1,1,10,198,2375,1013
1,1,10,199,2396,1038
1,1,10,200,2417,1052
1,1,10,201,2387,1063
1,1,10,202,2438,1058
1,1,10,203,2412,1086
1,1,10,204,2436,1102
1,1,10,205,2428,1116
1,1,10,206,2424,1111
1,1,10,207,2434,1137
1,1,10,208,2426,1157
1,1,10,209,2460,1162
1,1,10,210,2416,1176
1,1,10,211,2477,1175
1,1,10,212,2430,1193
1,1,10,213,2450,1220
1,1,10,214,2452,1200
1,1,10,215,2445,1240
1,1,10,216,2476,1254
1,1,10,217,2444,1241
1,1,10,218,2479,1275
1,1,10,219,2437,1267
1,1,10,220,2476,1301
1,1,10,221,2446,1295
1,1,10,222,2452,1325
1,1,10,223,2480,1338
1,1,10,224,2442,1341
1,1,10,225,2484,1365
1,1,10,226,2447,1396
1,1,10,227,2477,1399
1,1,10,228,2453,1405
1,1,10,229,2469,1431
1,1,10,230,2472,1430
1,1,10,231,2449,1438
1,1,10,232,2488,1450
1,1,10,233,2430,1456
1,1,10,234,2475,1476
1,1,10,235,2450,1493
1,1,10,236,2468,1517
1,1,10,237,2458,1541
1,1,10,238,2456,1532
1,1,10,239,2466,1550
1,1,10,240,2426,1569
1,1,10,241,2482,1597
1,1,10,242,2420,1594
1,1,10,243,2463,1630
1,1,10,244,2443,1623
1,1,10,245,2438,1638
1,1,10,246,2453,1663
1,1,10,247,2431,1682
1,1,10,248,2454,1689
1,1,10,249,2416,1666
1,1,10,250,2463,1714
1,1,10,251,2407,1702
1,1,10,252,2439,1714
1,1,10,253,2441,1743
1,1,10,254,2403,1753
1,1,10,255,2448,1775
1,1,10,256,2410,1782
1,1,10,257,2442,1803
1,1,10,258,2399,1818
1,1,10,259,2426,1862
1,1,10,260,2407,1862
1,1,10,261,2404,1860
1,1,10,262,2435,1878
1,1,10,263,2377,1872
1,1,10,264,2429,1919
1,1,10,265,2389,1917
1,1,10,266,2419,1917
1,1,10,267,2395,1903
1,1,10,268,2400,1946
1,1,10,269,2408,1953
1,1,10,270,2383,1986
1,1,10,271,2417,2008
1,1,10,272,2352,2019
1,1,10,273,2401,2041
1,1,10,274,2366,2055
1,1,10,275,2367,2099
1,1,10,276,2381,2080
1,1,10,277,2360,2090
1,1,10,278,2394,2104
1,1,10,279,2345,2118
1,1,10,280,2384,2159
1,1,10,281,2313,2172
1,1,10,282,2358,2193
1,1,10,283,2331,2196
1,1,10,284,2309,2222
1,1,10,285,2355,2253
1,1,10,286,2317,2236
1,1,10,287,2342,2295
1,1,10,288,2296,2299
1,1,10,289,2320,2306
1,1,10,290,2294,2294
1,1,10,291,2309,2315
1,1,10,292,2322,2300
1,1,10,293,2262,2322
1,1,10,294,2326,2369
1,1,10,295,2250,2389
1,1,10,296,2283,2426
1,1,10,297,2264,2400
1,1,10,298,2252,2444
1,1,10,299,2254,2463
1,1,10,300,2226,2479
1,1,10,301,2256,2516
1,1,10,302,2202,2502
1,1,10,303,2254,2557
1,1,10,304,2181,2524
1,1,10,305,2191,2580
1,1,10,306,2200,2577
1,1,10,307,2165,2607
1,1,10,308,2199,2647
1,1,10,309,2139,2663
1,1,10,310,2175,2688
1,1,10,311,2129,2664
1,1,10,312,2170,2696
1,1,10,313,2115,2673
1,1,10,314,2113,2704
1,1,10,315,2148,2723
1,1,10,316,2078,2725
1,1,10,317,2107,2795
1,1,10,318,2070,2763
1,1,10,319,2096,2787
1,1,10,320,2046,2782
1,1,10,321,2087,2795
1,1,10,322,2060,2806
1,1,10,323,2015,2829
1,1,10,324,2043,2890
1,1,10,325,1980,2847
1,1,10,326,2032,2903
1,1,10,327,1977,2900
1,1,10,328,1983,2935
1,1,10,329,1984,2922
1,1,10,330,1959,2949
1,1,10,331,1971,2966
1,1,10,332,1918,2962
1,1,10,333,1963,3021
1,1,10,334,1899,2980
1,1,10,335,1943,3040
1,1,10,336,1884,3035
1,1,10,337,1883,3029
1,1,10,338,1911,3053
1,1,10,339,1862,3078
1,1,10,340,1886,3117
1,1,10,341,1847,3087
1,1,10,342,1870,3145
1,1,10,343,1827,3113
1,1,10,344,1835,3163
1,1,10,345,1812,3183
1,1,10,346,1790,3166
1,1,10,347,1846,3200
1,1,10,348,1793,3193
1,1,10,349,1812,3246
1,1,10,350,1774,3224
1,1,10,351,1777,3267
1,1,10,352,1746,3282
1,1,10,353,1750,3292
1,1,10,354,1757,3307
1,1,10,355,1715,3296
1,1,10,356,1753,3371
1,1,10,357,1673,3326
1,1,10,358,1698,3383
1,1,10,359,1695,3360
1,1,10,360,1676,3388
1,1,10,361,1679,3422
1,1,10,362,1656,3398
1,1,10,363,1655,3465
1,1,10,364,1588,3451
1,1,10,365,1627,3540
1,1,10,366,1573,3470
1,1,10,367,1578,3523
1,1,10,368,1589,3534
1,1,10,369,1549,3512
1,1,10,370,1585,3564
1,1,10,371,1526,3563
1,1,10,372,1547,3608
1,1,10,373,1480,3610
1,1,10,374,1494,3655
1,1,10,375,1466,3619
1,1,10,376,1470,3626
1,1,10,377,1491,3679
1,1,10,378,1400,3656
1,1,10,379,1424,3740
1,1,10,380,1362,3733
1,1,10,381,1390,3765
1,1,10,382,1355,3752
1,1,10,383,1329,3781
1,1,10,384,1343,3792
1,1,10,385,1338,3760
1,1,10,386,1349,3832
1,1,10,387,1260,3785
1,1,10,388,1304,3854
1,1,10,389,1237,3849
1,1,10,390,1230,3862
1,1,10,391,1243,3878
1,1,10,392,1203,3877
1,1,10,393,1213,3919
1,1,10,394,1200,3855
1,1,10,395,1195,3960
1,1,10,396,1131,3912
1,1,10,397,1172,3971
1,1,10,398,1114,3966
1,1,10,399,1081,3957
1,1,10,400,1122,4013
1,1,10,401,1076,3972
1,1,10,402,1083,4036
1,1,10,403,1025,4012
1,1,10,404,1058,4051
1,1,10,405,1021,4023
1,1,10,406,1036,4054
1,1,10,407,1033,4057
1,1,10,408,1005,4019
1,1,10,409,1062,4098
1,1,10,410,993,4034
1,1,10,411,988,4115
1,1,10,412,971,4083
1,1,10,413,947,4128
1,1,10,414,915,4156
1,1,10,415,895,4159
1,1,10,416,909,4199
1,1,10,417,867,4153
1,1,10,418,876,4257
1,1,10,419,834,4178
1,1,10,420,840,4233
1,1,10,421,844,4232
1,1,10,422,810,4219
1,1,10,423,825,4282
1,1,10,424,769,4290
1,1,10,425,784,4331
1,1,10,426,764,4272
1,1,10,427,770,4343
1,1,10,428,719,4321
1,1,10,429,701,4348
1,1,10,430,688,4401
1,1,10,431,634,4364
1,1,10,432,656,4457
1,1,10,433,607,4426
1,1,10,434,608,4472
1,1,10,435,588,4437
1,1,10,436,604,4464
1,1,10,437,588,4467
1,1,10,438,573,4465
1,1,10,439,586,4529
1,1,10,440,521,4455
1,1,10,441,586,4540
1,1,10,442,518,4479
1,1,10,443,495,4535
1,1,10,444,488,4556
1,1,10,445,469,4556
1,1,10,446,471,4595
1,1,10,447,447,4575
1,1,10,448,410,4650
1,1,10,449,346,4599
1,1,10,450,376,4680
1,1,10,451,352,4620
1,1,10,452,266,4666
1,1,10,453,314,4709
1,1,10,454,302,4664
1,1,10,455,296,4741
1,1,10,456,246,4698
1,1,10,457,238,4760
1,1,10,458,185,4729
1,1,10,459,201,4774
1,1,10,460,187,4758
1,1,10,461,140,4741
1,1,10,462,137,4844
1,1,10,463,76,4805
1,1,10,464,109,4858
1,1,10,465,72,4817
1,1,10,466,71,4832
1,1,10,467,41,4827
1,1,10,468,46,4840
1,1,10,469,27,4877
1,1,10,470,-15,4830
1,1,10,471,20,4934
1,1,10,472,-48,4862
1,1,10,473,-51,4921
1,1,10,474,-41,4907
1,1,10,475,-86,4925
1,1,10,476,-104,4964
1,1,10,477,-163,4949
1,1,10,478,-123,4982
1,1,10,479,-188,4943
1,1,10,480,-175,5044
1,1,10,481,-214,4961
1,1,10,482,-246,5010
1,1,10,483,-273,5069
1,1,10,484,-310,4995
1,1,10,485,-288,5098
1,1,10,486,-290,5018
1,1,10,487,-334,5115
1,1,10,488,-327,5025
1,1,10,489,-351,5098
1,1,10,490,-380,5080
1,1,10,491,-401,5078
1,1,10,492,-382,5140
1,1,10,493,-415,5047
1,1,10,494,-409,5154
1,1,10,495,-431,5111
1,1,10,496,-445,5149
1,1,10,497,-487,5156
1,1,10,498,-534,5172
1,1,10,499,-540,5216
1,1,10,500,-559,5178
1,1,10,501,-558,5267
1,1,10,502,-601,5161
1,1,10,503,-609,5261
1,1,10,504,-639,5240
1,1,10,505,-650,5233
1,1,10,506,-657,5280
1,1,10,507,-708,5267
1,1,10,508,-703,5321
1,1,10,509,-767,5274
1,1,10,510,-750,5364
1,1,10,511,-790,5272
1,1,11,0,2062,-532
1,1,11,1,2097,-533
1,1,11,2,2081,-524
1,1,11,3,2107,-525
1,1,11,4,2113,-507
1,1,11,5,2111,-506
1,1,11,6,2123,-508
1,1,11,7,2093,-477
1,1,11,8,2149,-489
1,1,11,9,2131,-462
1,1,11,10,2133,-474
1,1,11,11,2133,-476
1,1,11,12,2145,-454
1,1,11,13,2166,-440
1,1,11,14,2151,-424
1,1,11,15,2185,-430
1,1,11,16,2150,-386
1,1,11,17,2194,-398
1,1,11,18,2176,-371
1,1,11,19,2177,-352
1,1,11,20,2204,-343
1,1,11,21,2199,-321
1,1,11,22,2220,-329
1,1,11,23,2186,-311
1,1,11,24,2227,-328
1,1,11,25,2189,-294
1,1,11,26,2224,-306
1,1,11,27,2211,-292
1,1,11,28,2196,-272
1,1,11,29,2228,-291
1,1,11,30,2197,-249
1,1,11,31,2244,-262
1,1,11,32,2206,-246
1,1,11,33,2233,-247
1,1,11,34,2213,-225
1,1,11,35,2227,-218
1,1,11,36,2239,-210
1,1,11,37,2218,-179
1,1,11,38,2265,-186
1,1,11,39,2203,-168
1,1,11,40,2249,-168
1,1,11,41,2231,-154
1,1,11,42,2240,-140
1,1,11,43,2241,-137
1,1,11,44,2231,-124
1,1,11,45,2251,-127
1,1,11,46,2215,-112
1,1,11,47,2264,-109
1,1,11,48,2205,-103
1,1,11,49,2260,-101
1,1,11,50,2232,-78
1,1,11,51,2221,-68
1,1,11,52,2257,-78
1,1,11,53,2227,-59
1,1,11,54,2260,-58
1,1,11,55,2224,-45
1,1,11,56,2252,-33
1,1,11,57,2229,-24
1,1,11,58,2248,-21
1,1,11,59,2241,-25
1,1,11,60,2221,-4
1,1,11,61,2281,-2
1,1,11,62,2225,14
1,1,11,63,2260,19
1,1,11,64,2246,16
1,1,11,65,2247,17
1,1,11,66,2249,5
1,1,11,67,2243,33
1,1,11,68,2267,41
1,1,11,69,2238,56
1,1,11,70,2279,54
1,1,11,71,2242,69
1,1,11,72,2273,59
1,1,11,73,2263,78
1,1,11,74,2256,97
1,1,11,75,2290,103
1,1,11,76,2269,112
1,1,11,77,2292,108
1,1,11,78,2262,110
1,1,11,79,2296,130
1,1,11,80,2268,136
1,1,11,81,2286,145
1,1,11,82,2289,147
1,1,11,83,2272,163
1,1,11,84,2325,163
1,1,11,85,2269,189
1,1,11,86,2299,182
1,1,11,87,2290,187
1,1,11,88,2310,200
1,1,11,89,2305,198
1,1,11,90,2293,214
1,1,11,91,2318,222
1,1,11,92,2275,248
1,1,11,93,2328,261
1,1,11,94,2276,288
1,1,11,95,2309,289
1,1,11,96,2301,287
1,1,11,97,2286,314
1,1,11,98,2320,323
1,1,11,99,2286,324
1,1,11,100,2318,326
1,1,11,101,2288,336
1,1,11,102,2322,334
1,1,11,103,2274,357
1,1,11,104,2302,367
1,1,11,105,2306,382
1,1,11,106,2274,378
1,1,11,107,2322,390
1,1,11,108,2281,410
1,1,11,109,2317,408
1,1,11,110,2275,418
1,1,11,111,2289,425
1,1,11,112,2276,442
1,1,11,113,2274,441
1,1,11,114,2296,448
1,1,11,115,2255,465
1,1,11,116,2316,468
1,1,11,117,2254,479
1,1,11,118,2290,475
1,1,11,119,2278,474
1,1,11,120,2263,499
1,1,11,121,2288,516
1,1,11,122,2266,508
1,1,11,123,2288,515
1,1,11,124,2241,530
1,1,11,125,2289,549
1,1,11,126,2239,541
1,1,11,127,2248,553
1,1,11,128,2268,547
1,1,11,129,2244,563
1,1,11,130,2277,580
1,1,11,131,2248,582
1,1,11,132,2264,587
1,1,11,133,2231,591
1,1,11,134,2277,600
1,1,11,135,2247,600
1,1,11,136,2254,605
1,1,11,137,2278,617
1,1,11,138,2218,620
1,1,11,139,2277,635
1,1,11,140,2241,632
1,1,11,141,2259,649
1,1,11,142,2244,646
1,1,11,143,2254,651
1,1,11,144,2257,660
1,1,11,145,2238,668
1,1,11,146,2284,680
1,1,11,147,2223,681
1,1,11,148,2274,687
1,1,11,149,2253,691
1,1,11,150,2252,696
1,1,11,151,2261,698
1,1,11,152,2254,694
1,1,11,153,2276,713
1,1,11,154,2248,719
1,1,11,155,2283,727
1,1,11,156,2241,732
1,1,11,157,2282,746
1,1,11,158,2260,745
1,1,11,159,2253,733
1,1,11,160,2289,752
1,1,11,161,2259,755
1,1,11,162,2295,776
1,1,11,163,2261,776
1,1,11,164,2287,774
1,1,11,165,2273,791
1,1,11,166,2291,797
1,1,11,167,2293,800
1,1,11,168,2272,808
1,1,11,169,2312,816
1,1,11,170,2268,815
1,1,11,171,2303,820
1,1,11,172,2289,830
1,1,11,173,2302,839
1,1,11,174,2296,843
1,1,11,175,2299,849
1,1,11,176,2327,868
1,1,11,177,2287,860
1,1,11,178,2342,876
1,1,11,179,2294,876
1,1,11,180,2321,893
1,1,11,181,2315,876
1,1,11,182,2310,893
1,1,11,183,2348,915
1,1,11,184,2327,913
1,1,11,185,2355,921
1,1,11,186,2324,928
1,1,11,187,2376,959
1,1,11,188,2346,953
1,1,11,189,2357,958
1,1,11,190,2370,963
1,1,11,191,2329,953
1,1,11,192,2382,983
1,1,11,193,2362,977
1,1,11,194,2393,995
1,1,11,195,2376,1005
1,1,11,196,2412,1029
1,1,11,197,2397,1022
1,1,11,198,2387,1033
1,1,11,199,2414,1041
1,1,11,200,2366,1033
1,1,11,201,2421,1058
1,1,11,202,2397,1064
1,1,11,203,2432,1095
1,1,11,204,2418,1096
1,1,11,205,2425,1115
1,1,11,206,2441,1127
1,1,11,207,2421,1119
1,1,11,208,2456,1126
1,1,11,209,2406,1132
1,1,11,210,2457,1183
1,1,11,211,2438,1186
1,1,11,212,2432,1210
1,1,11,213,2454,1216
1,1,11,214,2441,1228
1,1,11,215,2473,1237
1,1,11,216,2430,1220
1,1,11,217,2475,1253
1,1,11,218,2436,1272
1,1,11,219,2459,1272
1,1,11,220,2448,1279
1,1,11,221,2432,1306
1,1,11,222,2479,1340
1,1,11,223,2453,1335
1,1,11,224,2479,1353
1,1,11,225,2447,1334
1,1,11,226,2472,1378
1,1,11,227,2451,1411
1,1,11,228,2456,1401
1,1,11,229,2469,1437
1,1,11,230,2434,1439
1,1,11,231,2492,1439
1,1,11,232,2444,1427
1,1,11,233,2479,1456
1,1,11,234,2460,1465
1,1,11,235,2451,1490
1,1,11,236,2463,1504
1,1,11,237,2446,1517
1,1,11,238,2478,1551
1,1,11,239,2418,1579
1,1,11,240,2480,1596
1,1,11,241,2429,1596
1,1,11,242,2439,1602
1,1,11,243,2442,1611
1,1,11,244,2425,1631
1,1,11,245,2461,1633
1,1,11,246,2434,1646
1,1,11,247,2461,1677
1,1,11,248,2410,1672
1,1,11,249,2457,1688
1,1,11,250,2417,1687
1,1,11,251,2413,1714
1,1,11,252,2454,1737
1,1,11,253,2410,1740
1,1,11,254,2452,1767
1,1,11,255,2411,1758
1,1,11,256,2437,1792
1,1,11,257,2403,1770
1,1,11,258,2432,1793
1,1,11,259,2420,1808
1,1,11,260,2385,1835
1,1,11,261,2447,1861
1,1,11,262,2383,1869
1,1,11,263,2425,1896
1,1,11,264,2393,1899
1,1,11,265,2410,1929
1,1,11,266,2399,1937
1,1,11,267,2390,1955
1,1,11,268,2414,1968
1,1,11,269,2373,1952
1,1,11,270,2436,1986
1,1,11,271,2366,1989
1,1,11,272,2393,2042
1,1,11,273,2389,2032
1,1,11,274,2369,2056
1,1,11,275,2401,2062
1,1,11,276,2354,2089
1,1,11,277,2394,2089
1,1,11,278,2352,2091
1,1,11,279,2385,2138
1,1,11,280,2337,2135
1,1,11,281,2355,2167
1,1,11,282,2364,2164
1,1,11,283,2320,2185
1,1,11,284,2360,2226
1,1,11,285,2317,2224
1,1,11,286,2357,2248
1,1,11,287,2326,2202
1,1,11,288,2335,2265
1,1,11,289,2315,2293
1,1,11,290,2309,2303
1,1,11,291,2326,2309
1,1,11,292,2277,2303
1,1,11,293,2341,2344
1,1,11,294,2280,2352
1,1,11,295,2288,2395
1,1,11,296,2264,2413
1,1,11,297,2251,2450
1,1,11,298,2269,2463
1,1,11,299,2235,2451
1,1,11,300,2261,2511
1,1,11,301,2200,2489
1,1,11,302,2258,2529
1,1,11,303,2197,2531
1,1,11,304,2181,2565
1,1,11,305,2204,2592
1,1,11,306,2175,2590
1,1,11,307,2209,2611
1,1,11,308,2164,2614
1,1,11,309,2200,2631
1,1,11,310,2121,2661
1,1,11,311,2160,2674
1,1,11,312,2147,2653
1,1,11,313,2131,2649
1,1,11,314,2185,2690
1,1,11,315,2109,2686
1,1,11,316,2129,2759
1,1,11,317,2092,2740
1,1,11,318,2087,2780
1,1,11,319,2066,2784
1,1,11,320,2040,2827
1,1,11,321,2055,2838
1,1,11,322,2012,2830
1,1,11,323,2085,2862
1,1,11,324,1986,2847
1,1,11,325,2031,2882
1,1,11,326,2015,2856
1,1,11,327,2006,2877
1,1,11,328,1996,2912
1,1,11,329,1971,2912
1,1,11,330,1993,2948
1,1,11,331,1941,2932
1,1,11,332,1972,3009
1,1,11,333,1904,2971
1,1,11,334,1916,3034
1,1,11,335,1905,3061
1,1,11,336,1878,3033
1,1,11,337,1930,3069
1,1,11,338,1871,3065
1,1,11,339,1889,3104
1,1,11,340,1847,3087
1,1,11,341,1880,3118
1,1,11,342,1847,3109
1,1,11,343,1844,3128
1,1,11,344,1851,3155
1,1,11,345,1795,3141
1,1,11,346,1856,3194
1,1,11,347,1792,3172
1,1,11,348,1812,3218
1,1,11,349,1784,3226
1,1,11,350,1776,3243
1,1,11,351,1793,3252
1,1,11,352,1763,3256
1,1,11,353,1778,3307
1,1,11,354,1707,3284
1,1,11,355,1751,3365
1,1,11,356,1701,3310
1,1,11,357,1706,3345
1,1,11,358,1711,3358
1,1,11,359,1677,3384
1,1,11,360,1687,3436
1,1,11,361,1643,3429
1,1,11,362,1657,3464
1,1,11,363,1625,3415
1,1,11,364,1618,3506
1,1,11,365,1573,3486
1,1,11,366,1572,3483
1,1,11,367,1599,3525
1,1,11,368,1552,3518
1,1,11,369,1595,3563
1,1,11,370,1549,3525
1,1,11,371,1551,3574
1,1,11,372,1510,3572
1,1,11,373,1516,3613
1,1,11,374,1507,3606
1,1,11,375,1477,3613
1,1,11,376,1510,3684
1,1,11,377,1436,3635
1,1,11,378,1459,3697
1,1,11,379,1437,3663
1,1,11,380,1403,3722
1,1,11,381,1395,3726
1,1,11,382,1380,3720
1,1,11,383,1376,3783
1,1,11,384,1283,3793
1,1,11,385,1343,3848
1,1,11,386,1274,3774
1,1,11,387,1305,3814
1,1,11,388,1308,3812
1,1,11,389,1267,3822
1,1,11,390,1265,3890
1,1,11,391,1223,3870
1,1,11,392,1244,3899
1,1,11,393,1172,3868
1,1,11,394,1200,3948
1,1,11,395,1131,3914
1,1,11,396,1141,3955
1,1,11,397,1144,3956
1,1,11,398,1068,3938
1,1,11,399,1136,3997
1,1,11,400,1091,3958
1,1,11,401,1106,4022
1,1,11,402,1049,3996
1,1,11,403,1050,4043
1,1,11,404,1030,4030
1,1,11,405,1031,4024
1,1,11,406,1023,4079
1,1,11,407,979,4017
1,1,11,408,1012,4114
1,1,11,409,946,4077
1,1,11,410,962,4096
1,1,11,411,966,4081
1,1,11,412,956,4108
1,1,11,413,944,4144
1,1,11,414,927,4120
1,1,11,415,942,4180
1,1,11,416,864,4137
1,1,11,417,908,4215
1,1,11,418,866,4169
1,1,11,419,843,4194
1,1,11,420,858,4236
1,1,11,421,812,4229
1,1,11,422,828,4284
1,1,11,423,809,4227
1,1,11,424,817,4296
1,1,11,425,738,4272
1,1,11,426,760,4330
1,1,11,427,733,4335
1,1,11,428,696,4320
1,1,11,429,756,4367
1,1,11,430,691,4337
1,1,11,431,715,4391
1,1,11,432,642,4394
1,1,11,433,632,4438
1,1,11,434,610,4416
1,1,11,435,601,4441
1,1,11,436,620,4455
1,1,11,437,593,4407
1,1,11,438,608,4516
1,1,11,439,528,4445
1,1,11,440,514,4540
1,1,11,441,505,4523
1,1,11,442,510,4519
1,1,11,443,487,4565
1,1,11,444,440,4554
1,1,11,445,460,4610
1,1,11,446,418,4553
1,1,11,447,424,4647
1,1,11,448,412,4558
1,1,11,449,412,4614
1,1,11,450,390,4630
1,1,11,451,359,4590
1,1,11,452,368,4693
1,1,11,453,316,4656
1,1,11,454,293,4732
1,1,11,455,288,4657
1,1,11,456,248,4740
1,1,11,457,186,4752
1,1,11,458,188,4755
1,1,11,459,214,4777
1,1,11,460,190,4695
1,1,11,461,190,4814
1,1,11,462,141,4772
1,1,11,463,121,4829
1,1,11,464,119,4789
1,1,11,465,81,4815
1,1,11,466,54,4848
1,1,11,467,68,4821
1,1,11,468,41,4908
1,1,11,469,-1,4822
1,1,11,470,26,4930
1,1,11,471,-24,4849
1,1,11,472,-79,4909
1,1,11,473,-86,4931
1,1,11,474,-108,4915
1,1,11,475,-86,4958
1,1,11,476,-130,4929
1,1,11,477,-124,4989
1,1,11,478,-161,4917
1,1,11,479,-173,5011
1,1,11,480,-200,4963
1,1,11,481,-244,5000
1,1,11,482,-244,5068
1,1,11,483,-265,4976
1,1,11,484,-238,5058
1,1,11,485,-259,5006
1,1,11,486,-288,5064
1,1,11,487,-302,5039
1,1,11,488,-327,5061
1,1,11,489,-332,5074
1,1,11,490,-338,5034
1,1,11,491,-340,5148
1,1,11,492,-404,5048
1,1,11,493,-412,5144
1,1,11,494,-461,5119
1,1,11,495,-487,5156
1,1,11,496,-481,5167
1,1,11,497,-513,5153
1,1,11,498,-510,5200
1,1,11,499,-499,5117
1,1,11,500,-525,5231
1,1,11,501,-601,5173
1,1,11,502,-601,5254
1,1,11,503,-641,5229
1,1,11,504,-650,5197
1,1,11,505,-647,5283
1,1,11,506,-673,5236
1,1,11,507,-676,5307
1,1,11,508,-713,5245
1,1,11,509,-706,5309
1,1,11,510,-730,5263
1,1,11,511,-741,5305
1,1,12,0,2081,-533
1,1,12,1,2084,-535
1,1,12,2,2080,-524
1,1,12,3,2107,-531
1,1,12,4,2088,-511
1,1,12,5,2128,-507
1,1,12,6,2087,-490
1,1,12,7,2133,-484
1,1,12,8,2122,-475
1,1,12,9,2117,-457
1,1,12,10,2140,-469
1,1,12,11,2120,-463
1,1,12,12,2158,-454
1,1,12,13,2131,-427
1,1,12,14,2178,-415
1,1,12,15,2141,-403
1,1,12,16,2164,-393
1,1,12,17,2186,-386
1,1,12,18,2160,-358
1,1,12,19,2208,-349
1,1,12,20,2171,-332
1,1,12,21,2207,-337
1,1,12,22,2184,-319
1,1,12,23,2201,-321
1,1,12,24,2180,-311
1,1,12,25,2193,-285
1,1,12,26,2224,-294
1,1,12,27,2184,-257
1,1,12,28,2236,-280
1,1,12,29,2195,-257
1,1,12,30,2211,-254
1,1,12,31,2215,-247
1,1,12,32,2212,-219
1,1,12,33,2229,-226
1,1,12,34,2203,-216
1,1,12,35,2238,-236
1,1,12,36,2193,-211
1,1,12,37,2250,-221
1,1,12,38,2196,-201
1,1,12,39,2215,-176
1,1,12,40,2228,-177
1,1,12,41,2213,-154
1,1,12,42,2247,-163
1,1,12,43,2218,-142
1,1,12,44,2244,-144
1,1,12,45,2211,-110
1,1,12,46,2244,-112
1,1,12,47,2221,-105
1,1,12,48,2213,-105
1,1,12,49,2266,-98
1,1,12,50,2200,-72
1,1,12,51,2257,-76
1,1,12,52,2229,-64
1,1,12,53,2237,-64
1,1,12,54,2239,-48
1,1,12,55,2237,-44
1,1,12,56,2244,-33
1,1,12,57,2221,-22
1,1,12,58,2263,-20
1,1,12,59,2202,-12
1,1,12,60,2254,-22
1,1,12,61,2233,-2
1,1,12,62,2231,7
1,1,12,63,2244,12
1,1,12,64,2234,29
1,1,12,65,2264,30
1,1,12,66,2225,30
1,1,12,67,2264,44
1,1,12,68,2227,49
1,1,12,69,2260,52
1,1,12,70,2240,52
1,1,12,71,2241,74
1,1,12,72,2290,62
1,1,12,73,2235,86
1,1,12,74,2283,85
1,1,12,75,2261,101
1,1,12,76,2273,105
1,1,12,77,2269,104
1,1,12,78,2267,119
1,1,12,79,2284,119
1,1,12,80,2266,146
1,1,12,81,2310,151
1,1,12,82,2256,159
1,1,12,83,2311,159
1,1,12,84,2279,197
1,1,12,85,2284,207
1,1,12,86,2302,193
1,1,12,87,2284,212
1,1,12,88,2313,203
1,1,12,89,2278,220
1,1,12,90,2313,232
1,1,12,91,2279,246
1,1,12,92,2307,265
1,1,12,93,2288,266
1,1,12,94,2279,269
1,1,12,95,2321,261
1,1,12,96,2266,272
1,1,12,97,2314,279
1,1,12,98,2278,281
1,1,12,99,2304,307
1,1,12,100,2292,321
1,1,12,101,2289,332
1,1,12,102,2299,333
1,1,12,103,2276,348
1,1,12,104,2323,353
1,1,12,105,2255,387
1,1,12,106,2308,373
1,1,12,107,2285,393
1,1,12,108,2278,395
1,1,12,109,2291,413
1,1,12,110,2273,427
1,1,12,111,2306,431
1,1,12,112,2265,433
1,1,12,113,2305,440
1,1,12,114,2262,459
1,1,12,115,2290,461
1,1,12,116,2261,476
1,1,12,117,2245,476
1,1,12,118,2297,478
1,1,12,119,2243,485
1,1,12,120,2287,497
1,1,12,121,2252,502
1,1,12,122,2267,513
1,1,12,123,2248,524
1,1,12,124,2256,532
1,1,12,125,2266,531
1,1,12,126,2231,542
1,1,12,127,2289,547
1,1,12,128,2224,548
1,1,12,129,2261,566
1,1,12,130,2247,567
1,1,12,131,2249,584
1,1,12,132,2255,582
1,1,12,133,2249,590
1,1,12,134,2266,607
1,1,12,135,2227,604
1,1,12,136,2272,608
1,1,12,137,2217,617
1,1,12,138,2250,625
1,1,12,139,2255,630
1,1,12,140,2233,624
1,1,12,141,2268,638
1,1,12,142,2240,640
1,1,12,143,2271,644
1,1,12,144,2232,641
1,1,12,145,2265,659
1,1,12,146,2237,659
1,1,12,147,2247,671
1,1,12,148,2263,682
1,1,12,149,2228,682
1,1,12,150,2281,703
1,1,12,151,2241,700
1,1,12,152,2263,713
1,1,12,153,2250,719
1,1,12,154,2255,726
1,1,12,155,2255,730
1,1,12,156,2256,742
1,1,12,157,2281,736
1,1,12,158,2242,732
1,1,12,159,2293,750
1,1,12,160,2241,744
1,1,12,161,2274,768
1,1,12,162,2268,776
1,1,12,163,2261,773
1,1,12,164,2281,775
1,1,12,165,2263,788
1,1,12,166,2296,791
1,1,12,167,2265,791
1,1,12,168,2297,801
1,1,12,169,2270,799
1,1,12,170,2274,809
1,1,12,171,2305,821
1,1,12,172,2273,818
1,1,12,173,2319,836
1,1,12,174,2297,839
1,1,12,175,2319,856
1,1,12,176,2284,848
1,1,12,177,2320,856
1,1,12,178,2309,861
1,1,12,179,2298,871
1,1,12,180,2338,886
1,1,12,181,2295,880
1,1,12,182,2343,902
1,1,12,183,2321,898
1,1,12,184,2330,913
1,1,12,185,2334,919
1,1,12,186,2337,926
1,1,12,187,2355,938
1,1,12,188,2328,936
1,1,12,189,2377,954
1,1,12,190,2330,951
1,1,12,191,2385,971
1,1,12,192,2366,968
1,1,12,193,2367,985
1,1,12,194,2379,986
1,1,12,195,2362,983
1,1,12,196,2401,1000
1,1,12,197,2377,1018
1,1,12,198,2413,1037
1,1,12,199,2384,1039
1,1,12,200,2415,1038
1,1,12,201,2402,1038
1,1,12,202,2388,1064
1,1,12,203,2434,1090
1,1,12,204,2412,1109
1,1,12,205,2452,1115
1,1,12,206,2422,1122
1,1,12,207,2444,1147
1,1,12,208,2426,1152
1,1,12,209,2436,1162
1,1,12,210,2456,1165
1,1,12,211,2426,1174
1,1,12,212,2468,1179
1,1,12,213,2422,1196
1,1,12,214,2462,1240
1,1,12,215,2445,1229
1,1,12,216,2455,1263
1,1,12,217,2465,1287
1,1,12,218,2446,1257
1,1,12,219,2473,1277
1,1,12,220,2428,1272
1,1,12,221,2484,1304
1,1,12,222,2433,1309
1,1,12,223,2456,1329
1,1,12,224,2467,1346
1,1,12,225,2449,1364
1,1,12,226,2484,1386
1,1,12,227,2458,1388
1,1,12,228,2482,1399
1,1,12,229,2439,1402
1,1,12,230,2477,1437
1,1,12,231,2440,1463
1,1,12,232,2449,1476
1,1,12,233,2479,1484
1,1,12,234,2433,1500
1,1,12,235,2480,1513
1,1,12,236,2444,1509
1,1,12,237,2470,1525
1,1,12,238,2450,1537
1,1,12,239,2460,1552
1,1,12,240,2460,1560
1,1,12,241,2444,1571
1,1,12,242,2490,1583
1,1,12,243,2413,1570
1,1,12,244,2470,1626
1,1,12,245,2436,1659
1,1,12,246,2438,1668
1,1,12,247,2436,1660
1,1,12,248,2422,1680
1,1,12,249,2443,1702
1,1,12,250,2420,1689
1,1,12,251,2458,1719
1,1,12,252,2406,1703
1,1,12,253,2459,1736
1,1,12,254,2408,1745
1,1,12,255,2423,1770
1,1,12,256,2436,1784
1,1,12,257,2398,1789
1,1,12,258,2440,1827
1,1,12,259,2400,1863
1,1,12,260,2435,1865
1,1,12,261,2413,1843
1,1,12,262,2410,1865
1,1,12,263,2409,1885
1,1,12,264,2390,1903
1,1,12,265,2427,1919
1,1,12,266,2383,1914
1,1,12,267,2421,1960
1,1,12,268,2374,1970
1,1,12,269,2410,1981
1,1,12,270,2391,1972
1,1,12,271,2366,2008
1,1,12,272,2403,2030
1,1,12,273,2366,2059
1,1,12,274,2405,2056
1,1,12,275,2371,2033
1,1,12,276,2394,2080
1,1,12,277,2354,2092
1,1,12,278,2370,2116
1,1,12,279,2372,2133
1,1,12,280,2352,2125
1,1,12,281,2388,2156
1,1,12,282,2324,2144
1,1,12,283,2385,2177
1,1,12,284,2312,2206
1,1,12,285,2328,2219
1,1,12,286,2332,2241
1,1,12,287,2308,2274
1,1,12,288,2334,2279
1,1,12,289,2301,2273
1,1,12,290,2334,2299
1,1,12,291,2285,2306
1,1,12,292,2311,2349
1,1,12,293,2278,2338
1,1,12,294,2276,2385
1,1,12,295,2284,2396
1,1,12,296,2247,2405
1,1,12,297,2296,2451
1,1,12,298,2223,2416
1,1,12,299,2274,2455
1,1,12,300,2255,2439
1,1,12,301,2244,2450
1,1,12,302,2258,2475
1,1,12,303,2205,2531
1,1,12,304,2235,2575
1,1,12,305,2176,2569
1,1,12,306,2209,2624
1,1,12,307,2157,2597
1,1,12,308,2193,2614
1,1,12,309,2174,2637
1,1,12,310,2137,2631
1,1,12,311,2191,2667
1,1,12,312,2134,2665
1,1,12,313,2168,2680
1,1,12,314,2122,2682
1,1,12,315,2134,2711
1,1,12,316,2096,2744
1,1,12,317,2094,2752
1,1,12,318,2096,2777
1,1,12,319,2027,2777
1,1,12,320,2091,2840
1,1,12,321,2018,2803
1,1,12,322,2047,2839
1,1,12,323,2029,2830
1,1,12,324,2001,2881
1,1,12,325,2011,2897
1,1,12,326,2001,2878
1,1,12,327,2026,2898
1,1,12,328,1958,2880
1,1,12,329,2007,2951
1,1,12,330,1958,2896
1,1,12,331,1951,2938
1,1,12,332,1945,2987
1,1,12,333,1922,2986
1,1,12,334,1952,3017
1,1,12,335,1912,3007
1,1,12,336,1934,3037
1,1,12,337,1869,3019
1,1,12,338,1903,3068
1,1,12,339,1869,3040
1,1,12,340,1855,3065
1,1,12,341,1898,3093
1,1,12,342,1835,3102
1,1,12,343,1854,3166
1,1,12,344,1820,3135
1,1,12,345,1846,3166
1,1,12,346,1807,3162
1,1,12,347,1808,3226
1,1,12,348,1792,3226
1,1,12,349,1765,3216
1,1,12,350,1810,3279
1,1,12,351,1730,3249
1,1,12,352,1771,3286
1,1,12,353,1750,3270
1,1,12,354,1766,3280
1,1,12,355,1754,3278
1,1,12,356,1727,3310
1,1,12,357,1736,3345
1,1,12,358,1693,3318
1,1,12,359,1713,3422
1,1,12,360,1633,3369
1,1,12,361,1663,3418
1,1,12,362,1641,3440
1,1,12,363,1619,3439
1,1,12,364,1649,3474
1,1,12,365,1593,3480
1,1,12,366,1587,3557
1,1,12,367,1534,3534
1,1,12,368,1574,3572
1,1,12,369,1516,3537
1,1,12,370,1544,3564
1,1,12,371,1551,3572
1,1,12,372,1498,3549
1,1,12,373,1517,3635
1,1,12,374,1497,3588
1,1,12,375,1510,3638
1,1,12,376,1454,3635
1,1,12,377,1455,3683
1,1,12,378,1427,3685
1,1,12,379,1436,3671
1,1,12,380,1449,3703
1,1,12,381,1361,3682
1,1,12,382,1375,3777
1,1,12,383,1341,3762
1,1,12,384,1364,3779
1,1,12,385,1346,3773
1,1,12,386,1347,3770
1,1,12,387,1323,3824
1,1,12,388,1256,3817
1,1,12,389,1315,3857
1,1,12,390,1252,3801
1,1,12,391,1278,3884
1,1,12,392,1211,3852
1,1,12,393,1185,3882
1,1,12,394,1196,3924
1,1,12,395,1124,3930
1,1,12,396,1173,3980
1,1,12,397,1131,3928
1,1,12,398,1145,3976
1,1,12,399,1111,3925
1,1,12,400,1129,3978
1,1,12,401,1115,3950
1,1,12,402,1058,3959
1,1,12,403,1112,4034
1,1,12,404,1020,3996
1,1,12,405,1042,4064
1,1,12,406,1010,4020
1,1,12,407,1003,4067
1,1,12,408,1003,4040
1,1,12,409,975,4081
1,1,12,410,966,4118
1,1,12,411,913,4090
1,1,12,412,951,4188
1,1,12,413,895,4104
1,1,12,414,900,4175
1,1,12,415,901,4157
1,1,12,416,901,4148
1,1,12,417,907,4180
1,1,12,418,878,4166
1,1,12,419,884,4212
1,1,12,420,820,4188
1,1,12,421,838,4272
1,1,12,422,789,4223
1,1,12,423,790,4267
1,1,12,424,794,4307
1,1,12,425,762,4261
1,1,12,426,759,4338
1,1,12,427,725,4302
1,1,12,428,761,4325
1,1,12,429,729,4301
1,1,12,430,700,4395
1,1,12,431,674,4361
1,1,12,432,676,4383
1,1,12,433,660,4429
1,1,12,434,632,4341
1,1,12,435,662,4442
1,1,12,436,602,4419
1,1,12,437,580,4492
1,1,12,438,578,4471
1,1,12,439,545,4487
1,1,12,440,544,4504
1,1,12,441,537,4471
1,1,12,442,550,4541
1,1,12,443,494,4468
1,1,12,444,495,4589
1,1,12,445,436,4554
1,1,12,446,409,4583
1,1,12,447,434,4608
1,1,12,448,393,4613
1,1,12,449,377,4674
1,1,12,450,350,4622
1,1,12,451,361,4677
1,1,12,452,302,4636
1,1,12,453,304,4710
1,1,12,454,304,4665
1,1,12,455,263,4662
1,1,12,456,285,4731
1,1,12,457,208,4702
1,1,12,458,212,4783
1,1,12,459,196,4721
1,1,12,460,176,4797
1,1,12,461,153,4742
1,1,12,462,127,4810
1,1,12,463,120,4812
1,1,12,464,100,4757
1,1,12,465,147,4842
1,1,12,466,80,4782
1,1,12,467,80,4851
1,1,12,468,40,4830
1,1,12,469,-7,4863
1,1,12,470,-3,4881
1,1,12,471,-56,4894
1,1,12,472,-43,4935
1,1,12,473,-75,4867
1,1,12,474,-28,4955
1,1,12,475,-96,4869
1,1,12,476,-134,4944
1,1,12,477,-142,4959
1,1,12,478,-176,4942
1,1,12,479,-153,5004
1,1,12,480,-206,4981
1,1,12,481,-202,5037
1,1,12,482,-228,4963
1,1,12,483,-242,5058
1,1,12,484,-244,4976
1,1,12,485,-260,5006
1,1,12,486,-275,5077
1,1,12,487,-349,5015
1,1,12,488,-349,5106
1,1,12,489,-327,5028
1,1,12,490,-347,5100
1,1,12,491,-370,5063
1,1,12,492,-387,5103
1,1,12,493,-404,5101
1,1,12,494,-439,5092
1,1,12,495,-456,5180
1,1,12,496,-486,5076
1,1,12,497,-494,5188
1,1,12,498,-519,5145
1,1,12,499,-532,5176
1,1,12,500,-534,5176
1,1,12,501,-583,5195
1,1,12,502,-584,5227
1,1,12,503,-605,5168
1,1,12,504,-622,5292
1,1,12,505,-665,5191
1,1,12,506,-700,5296
1,1,12,507,-687,5271
1,1,12,508,-735,5281
1,1,12,509,-751,5333
1,1,12,510,-794,5307
1,1,12,511,-768,5358
1,1,13,0,2069,-536
1,1,13,1,2072,-524
1,1,13,2,2087,-541
1,1,13,3,2093,-518
1,1,13,4,2118,-519
1,1,13,5,2093,-505
1,1,13,6,2130,-511
1,1,13,7,2095,-484
1,1,13,8,2117,-476
1,1,13,9,2128,-484
1,1,13,10,2128,-454
1,1,13,11,2167,-448
1,1,13,12,2152,-423
1,1,13,13,2179,-422
1,1,13,14,2150,-393
1,1,13,15,2182,-412
1,1,13,16,2159,-387
1,1,13,17,2157,-374
1,1,13,18,2195,-390
1,1,13,19,2166,-350
1,1,13,20,2208,-359
1,1,13,21,2189,-317
1,1,13,22,2209,-331
1,1,13,23,2184,-306
1,1,13,24,2211,-307
1,1,13,25,2199,-303
1,1,13,26,2189,-291
1,1,13,27,2230,-295
1,1,13,28,2179,-258
1,1,13,29,2236,-273
1,1,13,30,2203,-258
1,1,13,31,2213,-243
1,1,13,32,2221,-239
1,1,13,33,2215,-220
1,1,13,34,2237,-225
1,1,13,35,2205,-211
1,1,13,36,2255,-205
1,1,13,37,2200,-176
1,1,13,38,2242,-184
1,1,13,39,2220,-169
1,1,13,40,2210,-151
1,1,13,41,2243,-163
1,1,13,42,2214,-144
1,1,13,43,2247,-149
1,1,13,44,2211,-139
1,1,13,45,2247,-135
1,1,13,46,2216,-114
1,1,13,47,2249,-116
1,1,13,48,2228,-95
1,1,13,49,2213,-79
1,1,13,50,2266,-69
1,1,13,51,2207,-61
1,1,13,52,2252,-55
1,1,13,53,2225,-65
1,1,13,54,2248,-44
1,1,13,55,2233,-47
1,1,13,56,2236,-33
1,1,13,57,2252,-22
1,1,13,58,2225,-20
1,1,13,59,2266,-27
1,1,13,60,2206,-3
1,1,13,61,2251,12
1,1,13,62,2245,8
1,1,13,63,2238,21
1,1,13,64,2252,25
1,1,13,65,2235,36
1,1,13,66,2266,34
1,1,13,67,2228,41
1,1,13,68,2269,45
1,1,13,69,2235,66
1,1,13,70,2259,66
1,1,13,71,2249,79
1,1,13,72,2235,94
1,1,13,73,2280,87
1,1,13,74,2244,98
1,1,13,75,2286,109
1,1,13,76,2259,117
1,1,13,77,2275,120
1,1,13,78,2259,106
1,1,13,79,2279,129
1,1,13,80,2296,129
1,1,13,81,2261,154
1,1,13,82,2313,160
1,1,13,83,2252,178
1,1,13,84,2307,187
1,1,13,85,2278,180
1,1,13,86,2286,188
1,1,13,87,2307,191
1,1,13,88,2282,218
1,1,13,89,2319,216
1,1,13,90,2283,228
1,1,13,91,2329,227
1,1,13,92,2279,255
1,1,13,93,2315,263
1,1,13,94,2292,265
1,1,13,95,2277,279
1,1,13,96,2317,270
1,1,13,97,2287,298
1,1,13,98,2321,312
1,1,13,99,2282,319
1,1,13,100,2300,337
1,1,13,101,2283,350
1,1,13,102,2296,350
1,1,13,103,2309,356
1,1,13,104,2275,368
1,1,13,105,2326,370
1,1,13,106,2254,387
1,1,13,107,2293,393
1,1,13,108,2282,394
1,1,13,109,2286,396
1,1,13,110,2296,391
1,1,13,111,2272,419
1,1,13,112,2299,437
1,1,13,113,2261,436
1,1,13,114,2299,463
1,1,13,115,2244,462
1,1,13,116,2278,475
1,1,13,117,2275,482
1,1,13,118,2250,486
1,1,13,119,2289,504
1,1,13,120,2252,502
1,1,13,121,2292,503
1,1,13,122,2245,521
1,1,13,123,2271,532
1,1,13,124,2237,521
1,1,13,125,2255,533
1,1,13,126,2267,541
1,1,13,127,2225,539
1,1,13,128,2276,542
1,1,13,129,2240,557
1,1,13,130,2275,571
1,1,13,131,2245,572
1,1,13,132,2254,571
1,1,13,133,2253,584
1,1,13,134,2245,588
1,1,13,135,2275,611
1,1,13,136,2224,595
1,1,13,137,2285,603
1,1,13,138,2227,607
1,1,13,139,2246,621
1,1,13,140,2250,630
1,1,13,141,2234,642
1,1,13,142,2269,635
1,1,13,143,2238,645
1,1,13,144,2267,660
1,1,13,145,2225,662
1,1,13,146,2271,679
1,1,13,147,2235,671
1,1,13,148,2243,677
1,1,13,149,2272,683
1,1,13,150,2234,689
1,1,13,151,2283,701
1,1,13,152,2250,699
1,1,13,153,2269,718
1,1,13,154,2244,717
1,1,13,155,2275,729
1,1,13,156,2265,725
1,1,13,157,2250,722
1,1,13,158,2285,732
1,1,13,159,2239,736
1,1,13,160,2289,755
1,1,13,161,2258,756
1,1,13,162,2278,763
1,1,13,163,2275,764
1,1,13,164,2278,774
1,1,13,165,2295,783
1,1,13,166,2268,788
1,1,13,167,2307,799
1,1,13,168,2253,795
1,1,13,169,2296,805
1,1,13,170,2290,811
1,1,13,171,2300,827
1,1,13,172,2303,831
1,1,13,173,2299,841
1,1,13,174,2313,845
1,1,13,175,2289,844
1,1,13,176,2323,856
1,1,13,177,2278,844
1,1,13,178,2318,856
1,1,13,179,2316,877
1,1,13,180,2289,886
1,1,13,181,2354,912
1,1,13,182,2326,914
1,1,13,183,2350,925
1,1,13,184,2325,911
1,1,13,185,2353,921
1,1,13,186,2326,927
1,1,13,187,2342,933
1,1,13,188,2357,940
1,1,13,189,2330,948
1,1,13,190,2391,955
1,1,13,191,2341,960
1,1,13,192,2376,979
1,1,13,193,2363,977
1,1,13,194,2377,986
1,1,13,195,2381,1001
1,1,13,196,2375,1013
1,1,13,197,2407,1024
1,1,13,198,2370,1025
1,1,13,199,2424,1051
1,1,13,200,2369,1027
1,1,13,201,2393,1040
1,1,13,202,2401,1042
1,1,13,203,2401,1072
1,1,13,204,2442,1099
1,1,13,205,2404,1094
1,1,13,206,2441,1103
1,1,13,207,2409,1127
1,1,13,208,2447,1151
1,1,13,209,2426,1148
1,1,13,210,2427,1166
1,1,13,211,2462,1162
1,1,13,212,2424,1182
1,1,13,213,2469,1213
1,1,13,214,2434,1223
1,1,13,215,2464,1233
1,1,13,216,2439,1259
1,1,13,217,2458,1302
1,1,13,218,2458,1281
1,1,13,219,2443,1278
1,1,13,220,2492,1304
1,1,13,221,2428,1314
1,1,13,222,2465,1330
1,1,13,223,2449,1331
1,1,13,224,2458,1358
1,1,13,225,2464,1369
1,1,13,226,2452,1389
1,1,13,227,2478,1401
1,1,13,228,2434,1414
1,1,13,229,2495,1446
1,1,13,230,2425,1436
1,1,13,231,2469,1455
1,1,13,232,2467,1454
1,1,13,233,2442,1470
1,1,13,234,2486,1481
1,1,13,235,2447,1510
1,1,13,236,2481,1511
1,1,13,237,2433,1528
1,1,13,238,2475,1553
1,1,13,239,2438,1555
1,1,13,240,2454,1572
1,1,13,241,2453,1581
1,1,13,242,2418,1592
1,1,13,243,2475,1631
1,1,13,244,2429,1625
1,1,13,245,2464,1641
1,1,13,246,2432,1642
1,1,13,247,2438,1676
1,1,13,248,2431,1666
1,1,13,249,2430,1665
1,1,13,250,2462,1678
1,1,13,251,2405,1712
1,1,13,252,2470,1738
1,1,13,253,2402,1741
1,1,13,254,2431,1753
1,1,13,255,2424,1758
1,1,13,256,2421,1790
1,1,13,257,2439,1802
1,1,13,258,2415,1807
1,1,13,259,2440,1853
1,1,13,260,2387,1832
1,1,13,261,2431,1872
1,1,13,262,2388,1859
1,1,13,263,2389,1881
1,1,13,264,2415,1872
1,1,13,265,2385,1924
1,1,13,266,2422,1944
1,1,13,267,2390,1954
1,1,13,268,2411,1984
1,1,13,269,2369,1974
1,1,13,270,2398,2007
1,1,13,271,2382,1998
1,1,13,272,2360,2020
1,1,13,273,2417,2027
1,1,13,274,2359,2017
1,1,13,275,2394,2065
1,1,13,276,2357,2068
1,1,13,277,2368,2112
1,1,13,278,2354,2105
1,1,13,279,2351,2163
1,1,13,280,2355,2166
1,1,13,281,2325,2154
1,1,13,282,2385,2184
1,1,13,283,2308,2171
1,1,13,284,2355,2190
1,1,13,285,2325,2204
1,1,13,286,2325,2238
1,1,13,287,2335,2237
1,1,13,288,2307,2260
1,1,13,289,2331,2294
1,1,13,290,2269,2335
1,1,13,291,2327,2372
1,1,13,292,2267,2345
1,1,13,293,2301,2361
1,1,13,294,2279,2399
1,1,13,295,2248,2394
1,1,13,296,2295,2401
1,1,13,297,2247,2401
1,1,13,298,2275,2455
1,1,13,299,2237,2416
1,1,13,300,2255,2477
1,1,13,301,2223,2476
1,1,13,302,2232,2486
1,1,13,303,2228,2524
1,1,13,304,2182,2515
1,1,13,305,2228,2576
1,1,13,306,2186,2569
1,1,13,307,2194,2612
1,1,13,308,2170,2590
1,1,13,309,2178,2611
1,1,13,310,2153,2628
1,1,13,311,2121,2672
1,1,13,312,2156,2711
1,1,13,313,2078,2698
1,1,13,314,2152,2736
1,1,13,315,2098,2717
1,1,13,316,2107,2737
1,1,13,317,2086,2756
1,1,13,318,2086,2747
1,1,13,319,2094,2790
1,1,13,320,2054,2772
1,1,13,321,2079,2842
1,1,13,322,2012,2799
1,1,13,323,2052,2843
1,1,13,324,2006,2842
1,1,13,325,1998,2854
1,1,13,326,2038,2886
1,1,13,327,1973,2887
1,1,13,328,2001,2945
1,1,13,329,1949,2927
1,1,13,330,1963,2975
1,1,13,331,1916,2941
1,1,13,332,1942,2989
1,1,13,333,1945,2971
1,1,13,334,1911,2964
1,1,13,335,1955,3035
1,1,13,336,1869,3002
1,1,13,337,1902,3064
1,1,13,338,1885,3026
1,1,13,339,1884,3051
1,1,13,340,1873,3066
1,1,13,341,1858,3092
1,1,13,342,1869,3125
1,1,13,343,1814,3113
1,1,13,344,1847,3205
1,1,13,345,1775,3172
1,1,13,346,1808,3205
1,1,13,347,1797,3215
1,1,13,348,1777,3203
1,1,13,349,1797,3231
1,1,13,350,1775,3218
1,1,13,351,1803,3257
1,1,13,352,1744,3230
1,1,13,353,1778,3301
1,1,13,354,1719,3252
1,1,13,355,1750,3283
1,1,13,356,1726,3340
1,1,13,357,1665,3344
1,1,13,358,1698,3409
1,1,13,359,1660,3388
1,1,13,360,1692,3418
1,1,13,361,1661,3374
1,1,13,362,1649,3439
1,1,13,363,1619,3447
1,1,13,364,1616,3444
1,1,13,365,1631,3491
1,1,13,366,1566,3457
1,1,13,367,1618,3531
1,1,13,368,1542,3528
1,1,13,369,1538,3577
1,1,13,370,1546,3554
1,1,13,371,1536,3551
1,1,13,372,1550,3579
1,1,13,373,1515,3565
1,1,13,374,1523,3626
1,1,13,375,1444,3604
1,1,13,376,1491,3678
1,1,13,377,1417,3646
1,1,13,378,1419,3665
1,1,13,379,1444,3699
1,1,13,380,1393,3697
1,1,13,381,1410,3746
1,1,13,382,1368,3708
1,1,13,383,1386,3759
1,1,13,384,1333,3736
1,1,13,385,1334,3807
1,1,13,386,1321,3784
1,1,13,387,1264,3801
1,1,13,388,1316,3852
1,1,13,389,1257,3793
1,1,13,390,1273,3874
1,1,13,391,1225,3843
1,1,13,392,1210,3897
1,1,13,393,1195,3875
1,1,13,394,1189,3900
1,1,13,395,1186,3924
1,1,13,396,1128,3916
1,1,13,397,1161,3992
1,1,13,398,1085,3913
1,1,13,399,1105,3993
1,1,13,400,1098,3966
1,1,13,401,1098,3972
1,1,13,402,1110,3990
1,1,13,403,1049,4015
1,1,13,404,1063,4051
1,1,13,405,1035,4009
1,1,13,406,1049,4083
1,1,13,407,1010,4000
1,1,13,408,1031,4041
1,1,13,409,1004,4087
1,1,13,410,950,4077
1,1,13,411,977,4125
1,1,13,412,934,4107
1,1,13,413,944,4163
1,1,13,414,886,4132
1,1,13,415,900,4196
1,1,13,416,879,4144
1,1,13,417,898,4155
1,1,13,418,926,4177
1,1,13,419,865,4144
1,1,13,420,881,4232
1,1,13,421,842,4197
1,1,13,422,800,4288
1,1,13,423,769,4280
1,1,13,424,742,4316
1,1,13,425,761,4302
1,1,13,426,740,4300
1,1,13,427,774,4342
1,1,13,428,696,4297
1,1,13,429,736,4392
1,1,13,430,671,4351
1,1,13,431,661,4383
1,1,13,432,681,4394
1,1,13,433,638,4394
1,1,13,434,627,4466
1,1,13,435,584,4436
1,1,13,436,610,4488
1,1,13,437,569,4446
1,1,13,438,585,4508
1,1,13,439,546,4477
1,1,13,440,526,4481
1,1,13,441,554,4534
1,1,13,442,469,4521
1,1,13,443,485,4593
1,1,13,444,467,4526
1,1,13,445,473,4584
1,1,13,446,449,4539
1,1,13,447,408,4622
1,1,13,448,412,4606
1,1,13,449,391,4579
1,1,13,450,381,4696
1,1,13,451,344,4584
1,1,13,452,356,4664
1,1,13,453,320,4641
1,1,13,454,292,4700
1,1,13,455,252,4715
1,1,13,456,231,4720
1,1,13,457,241,4760
1,1,13,458,193,4720
1,1,13,459,217,4794
1,1,13,460,161,4706
1,1,13,461,166,4773
1,1,13,462,154,4781
1,1,13,463,127,4768
1,1,13,464,131,4826
1,1,13,465,103,4793
1,1,13,466,97,4861
1,1,13,467,51,4798
1,1,13,468,51,4903
1,1,13,469,10,4827
1,1,13,470,-14,4879
1,1,13,471,-15,4914
1,1,13,472,-76,4863
1,1,13,473,-74,4962
1,1,13,474,-100,4892
1,1,13,475,-87,4955
1,1,13,476,-119,4925
1,1,13,477,-160,4980
1,1,13,478,-141,4966
1,1,13,479,-173,4961
1,1,13,480,-191,5026
1,1,13,481,-231,4935
1,1,13,482,-212,5040
1,1,13,483,-238,4982
1,1,13,484,-265,5040
1,1,13,485,-287,5030
1,1,13,486,-308,5032
1,1,13,487,-300,5073
1,1,13,488,-328,5030
1,1,13,489,-326,5117
1,1,13,490,-367,5032
1,1,13,491,-378,5141
1,1,13,492,-439,5080
1,1,13,493,-460,5113
1,1,13,494,-437,5145
1,1,13,495,-476,5093
1,1,13,496,-447,5181
1,1,13,497,-508,5138
1,1,13,498,-528,5211
1,1,13,499,-527,5159
1,1,13,500,-565,5202
1,1,13,501,-592,5210
1,1,13,502,-595,5196
1,1,13,503,-602,5258
1,1,13,504,-641,5185
1,1,13,505,-637,5309
1,1,13,506,-675,5202
1,1,13,507,-660,5264
1,1,13,508,-701,5274
1,1,13,509,-722,5269
1,1,13,510,-745,5332
1,1,13,511,-770,5302
1,1,14,0,2099,-537
1,1,14,1,2078,-533
1,1,14,2,2073,-524
1,1,14,3,2124,-537
1,1,14,4,2092,-509
1,1,14,5,2122,-518
1,1,14,6,2100,-496
1,1,14,7,2131,-485
1,1,14,8,2116,-477
1,1,14,9,2134,-466
1,1,14,10,2144,-457
1,1,14,11,2121,-441
1,1,14,12,2171,-447
1,1,14,13,2154,-418
1,1,14,14,2182,-424
1,1,14,15,2167,-400
1,1,14,16,2173,-412
1,1,14,17,2171,-382
1,1,14,18,2176,-366
1,1,14,19,2202,-367
1,1,14,20,2172,-322
1,1,14,21,2220,-344
1,1,14,22,2185,-323
1,1,14,23,2195,-305
1,1,14,24,2195,-301
1,1,14,25,2204,-270
1,1,14,26,2213,-282
1,1,14,27,2190,-282
1,1,14,28,2228,-294
1,1,14,29,2192,-253
1,1,14,30,2241,-259
1,1,14,31,2193,-233
1,1,14,32,2207,-243
1,1,14,33,2226,-240
1,1,14,34,2209,-218
1,1,14,35,2240,-221
1,1,14,36,2214,-199
1,1,14,37,2250,-198
1,1,14,38,2216,-163
1,1,14,39,2242,-174
1,1,14,40,2214,-154
1,1,14,41,2212,-137
1,1,14,42,2254,-156
1,1,14,43,2216,-144
1,1,14,44,2259,-160
1,1,14,45,2224,-132
1,1,14,46,2243,-126
1,1,14,47,2227,-116
1,1,14,48,2234,-102
1,1,14,49,2240,-98
1,1,14,50,2224,-82
1,1,14,51,2266,-89
1,1,14,52,2202,-62
1,1,14,53,2261,-61
1,1,14,54,2231,-47
1,1,14,55,2236,-33
1,1,14,56,2245,-38
1,1,14,57,2231,-12
1,1,14,58,2256,-11
1,1,14,59,2229,5
1,1,14,60,2273,-1
1,1,14,61,2230,25
1,1,14,62,2258,12
1,1,14,63,2237,9
1,1,14,64,2232,18
1,1,14,65,2268,7
1,1,14,66,2226,27
1,1,14,67,2266,27
1,1,14,68,2239,41
1,1,14,69,2261,42
1,1,14,70,2252,61
1,1,14,71,2262,74
1,1,14,72,2262,69
1,1,14,73,2257,83
1,1,14,74,2291,79
1,1,14,75,2240,100
1,1,14,76,2296,112
1,1,14,77,2279,123
1,1,14,78,2271,127
1,1,14,79,2291,138
1,1,14,80,2275,143
1,1,14,81,2299,139
1,1,14,82,2274,147
1,1,14,83,2321,156
1,1,14,84,2261,183
1,1,14,85,2306,178
1,1,14,86,2288,200
1,1,14,87,2277,197
1,1,14,88,2312,209
1,1,14,89,2279,221
1,1,14,90,2318,222
1,1,14,91,2282,224
1,1,14,92,2307,231
1,1,14,93,2288,236
1,1,14,94,2307,255
1,1,14,95,2302,269
1,1,14,96,2285,279
1,1,14,97,2337,288
1,1,14,98,2273,308
1,1,14,99,2321,325
1,1,14,100,2295,325
1,1,14,101,2302,333
1,1,14,102,2300,336
1,1,14,103,2297,350
1,1,14,104,2317,361
1,1,14,105,2286,359
1,1,14,106,2329,369
1,1,14,107,2268,385
1,1,14,108,2305,398
1,1,14,109,2288,420
1,1,14,110,2272,425
1,1,14,111,2306,433
1,1,14,112,2271,451
1,1,14,113,2299,456
1,1,14,114,2269,460
1,1,14,115,2297,477
1,1,14,116,2255,474
1,1,14,117,2277,486
1,1,14,118,2265,497
1,1,14,119,2231,496
1,1,14,120,2295,504
1,1,14,121,2245,507
1,1,14,122,2278,527
1,1,14,123,2259,525
1,1,14,124,2270,535
1,1,14,125,2257,544
1,1,14,126,2257,538
1,1,14,127,2273,555
1,1,14,128,2231,555
1,1,14,129,2291,569
1,1,14,130,2226,564
1,1,14,131,2266,575
1,1,14,132,2257,569
1,1,14,133,2249,574
1,1,14,134,2263,596
1,1,14,135,2248,595
1,1,14,136,2271,606
1,1,14,137,2222,616
1,1,14,138,2282,626
1,1,14,139,2226,623
1,1,14,140,2249,633
1,1,14,141,2264,642
1,1,14,142,2234,632
1,1,14,143,2268,657
1,1,14,144,2243,662
1,1,14,145,2264,659
1,1,14,146,2234,661
1,1,14,147,2259,675
1,1,14,148,2244,672
1,1,14,149,2250,678
1,1,14,150,2277,690
1,1,14,151,2221,694
1,1,14,152,2280,708
1,1,14,153,2247,706
1,1,14,154,2273,725
1,1,14,155,2258,709
1,1,14,156,2268,735
1,1,14,157,2267,730
1,1,14,158,2242,728
1,1,14,159,2290,747
1,1,14,160,2239,739
1,1,14,161,2296,756
1,1,14,162,2261,769
1,1,14,163,2267,772
1,1,14,164,2283,776
1,1,14,165,2275,783
1,1,14,166,2304,801
1,1,14,167,2269,784
1,1,14,168,2307,806
1,1,14,169,2272,817
1,1,14,170,2307,825
1,1,14,171,2285,825
1,1,14,172,2275,829
1,1,14,173,2312,847
1,1,14,174,2294,852
1,1,14,175,2327,858
1,1,14,176,2298,852
1,1,14,177,2328,871
1,1,14,178,2298,862
1,1,14,179,2315,866
1,1,14,180,2319,880
1,1,14,181,2298,878
1,1,14,182,2346,891
1,1,14,183,2303,891
1,1,14,184,2339,915
1,1,14,185,2325,925
1,1,14,186,2336,931
1,1,14,187,2342,937
1,1,14,188,2344,947
1,1,14,189,2362,949
1,1,14,190,2338,958
1,1,14,191,2392,976
1,1,14,192,2346,973
1,1,14,193,2374,986
1,1,14,194,2362,981
1,1,14,195,2370,995
1,1,14,196,2409,1021
1,1,14,197,2388,1032
1,1,14,198,2408,1033
1,1,14,199,2387,1043
1,1,14,200,2423,1075
1,1,14,201,2394,1062
1,1,14,202,2403,1068
1,1,14,203,2418,1076
1,1,14,204,2391,1081
1,1,14,205,2438,1100
1,1,14,206,2421,1120
1,1,14,207,2445,1144
1,1,14,208,2422,1117
1,1,14,209,2436,1137
1,1,14,210,2433,1157
1,1,14,211,2424,1155
1,1,14,212,2466,1184
1,1,14,213,2419,1211
1,1,14,214,2473,1234
1,1,14,215,2441,1269
1,1,14,216,2456,1272
1,1,14,217,2456,1255
1,1,14,218,2446,1261
1,1,14,219,2467,1285
1,1,14,220,2444,1282
1,1,14,221,2489,1317
1,1,14,222,2439,1327
1,1,14,223,2481,1348
1,1,14,224,2434,1347
1,1,14,225,2445,1381
1,1,14,226,2474,1385
1,1,14,227,2447,1377
1,1,14,228,2479,1400
1,1,14,229,2439,1400
1,1,14,230,2470,1434
1,1,14,231,2437,1442
1,1,14,232,2470,1464
1,1,14,233,2448,1471
1,1,14,234,2443,1482
1,1,14,235,2486,1517
1,1,14,236,2426,1517
1,1,14,237,2468,1551
1,1,14,238,2435,1549
1,1,14,239,2466,1566
1,1,14,240,2440,1585
1,1,14,241,2446,1597
1,1,14,242,2455,1607
1,1,14,243,2426,1604
1,1,14,244,2474,1627
1,1,14,245,2409,1630
1,1,14,246,2451,1651
1,1,14,247,2428,1661
1,1,14,248,2425,1688
1,1,14,249,2437,1681
1,1,14,250,2426,1681
1,1,14,251,2445,1703
1,1,14,252,2415,1697
1,1,14,253,2453,1769
1,1,14,254,2389,1764
1,1,14,255,2429,1769
1,1,14,256,2415,1776
1,1,14,257,2393,1776
1,1,14,258,2435,1800
1,1,14,259,2400,1842
1,1,14,260,2435,1854
1,1,14,261,2400,1809
1,1,14,262,2423,1851
1,1,14,263,2389,1888
1,1,14,264,2404,1914
1,1,14,265,2413,1927
1,1,14,266,2360,1935
1,1,14,267,2427,1973
1,1,14,268,2382,1937
1,1,14,269,2414,1974
1,1,14,270,2386,1952
1,1,14,271,2391,1991
1,1,14,272,2383,2003
1,1,14,273,2378,2018
1,1,14,274,2403,2049
1,1,14,275,2329,2082
1,1,14,276,2406,2091
1,1,14,277,2350,2080
1,1,14,278,2352,2121
1,1,14,279,2350,2145
1,1,14,280,2346,2152
1,1,14,281,2362,2170
1,1,14,282,2323,2174
1,1,14,283,2365,2186
1,1,14,284,2308,2183
1,1,14,285,2364,2231
1,1,14,286,2305,2238
1,1,14,287,2299,2282
1,1,14,288,2329,2303
1,1,14,289,2291,2308
1,1,14,290,2319,2336
1,1,14,291,2288,2297
1,1,14,292,2310,2348
1,1,14,293,2281,2321
1,1,14,294,2301,2327
1,1,14,295,2282,2358
1,1,14,296,2232,2397
1,1,14,297,2287,2432
1,1,14,298,2230,2440
1,1,14,299,2269,2459
1,1,14,300,2238,2432
1,1,14,301,2245,2468
1,1,14,302,2231,2479
1,1,14,303,2203,2530
1,1,14,304,2223,2555
1,1,14,305,2185,2544
1,1,14,306,2244,2563
1,1,14,307,2155,2559
1,1,14,308,2177,2625
1,1,14,309,2161,2620
1,1,14,310,2156,2650
1,1,14,311,2152,2687
1,1,14,312,2130,2673
1,1,14,313,2172,2675
1,1,14,314,2118,2662
1,1,14,315,2152,2736
1,1,14,316,2077,2707
1,1,14,317,2082,2784
1,1,14,318,2063,2808
1,1,14,319,2038,2771
1,1,14,320,2091,2805
1,1,14,321,2043,2801
1,1,14,322,2046,2859
1,1,14,323,2006,2840
1,1,14,324,2027,2889
1,1,14,325,2005,2852
1,1,14,326,2008,2872
1,1,14,327,2016,2890
1,1,14,328,1953,2879
1,1,14,329,2002,2944
1,1,14,330,1943,2947
1,1,14,331,1952,2991
1,1,14,332,1932,2950
1,1,14,333,1912,3002
1,1,14,334,1923,2995
1,1,14,335,1908,2997
1,1,14,336,1928,3050
1,1,14,337,1880,2993
1,1,14,338,1922,3067
1,1,14,339,1873,3047
1,1,14,340,1870,3082
1,1,14,341,1875,3096
1,1,14,342,1845,3122
1,1,14,343,1867,3133
1,1,14,344,1825,3128
1,1,14,345,1856,3189
1,1,14,346,1791,3138
1,1,14,347,1832,3191
1,1,14,348,1784,3194
1,1,14,349,1757,3205
1,1,14,350,1797,3252
1,1,14,351,1740,3257
1,1,14,352,1781,3294
1,1,14,353,1729,3277
1,1,14,354,1736,3333
1,1,14,355,1709,3295
1,1,14,356,1743,3310
1,1,14,357,1726,3313
1,1,14,358,1685,3328
1,1,14,359,1736,3390
1,1,14,360,1653,3331
1,1,14,361,1675,3405
1,1,14,362,1643,3401
1,1,14,363,1635,3442
1,1,14,364,1630,3429
1,1,14,365,1606,3471
1,1,14,366,1608,3511
1,1,14,367,1557,3484
1,1,14,368,1615,3550
1,1,14,369,1530,3508
1,1,14,370,1555,3556
1,1,14,371,1536,3560
1,1,14,372,1508,3593
1,1,14,373,1516,3619
1,1,14,374,1481,3606
1,1,14,375,1523,3615
1,1,14,376,1463,3596
1,1,14,377,1495,3684
1,1,14,378,1422,3646
1,1,14,379,1424,3697
1,1,14,380,1420,3731
1,1,14,381,1350,3719
1,1,14,382,1388,3778
1,1,14,383,1358,3726
1,1,14,384,1370,3777
1,1,14,385,1314,3754
1,1,14,386,1303,3832
1,1,14,387,1276,3804
1,1,14,388,1278,3799
1,1,14,389,1315,3844
1,1,14,390,1201,3820
1,1,14,391,1253,3885
1,1,14,392,1197,3866
1,1,14,393,1204,3896
1,1,14,394,1201,3870
1,1,14,395,1190,3897
1,1,14,396,1192,3922
1,1,14,397,1137,3909
1,1,14,398,1126,4006
1,1,14,399,1075,3925
1,1,14,400,1155,3979
1,1,14,401,1083,3959
1,1,14,402,1077,3972
1,1,14,403,1078,4011
1,1,14,404,1038,4011
1,1,14,405,1058,4057
1,1,14,406,1015,4017
1,1,14,407,1017,4084
1,1,14,408,966,4044
1,1,14,409,982,4099
1,1,14,410,973,4079
1,1,14,411,946,4070
1,1,14,412,966,4140
1,1,14,413,920,4107
1,1,14,414,929,4181
1,1,14,415,911,4124
1,1,14,416,907,4179
1,1,14,417,874,4164
1,1,14,418,852,4217
1,1,14,419,844,4243
1,1,14,420,788,4213
1,1,14,421,835,4300
1,1,14,422,804,4196
1,1,14,423,836,4254
1,1,14,424,822,4232
1,1,14,425,816,4258
1,1,14,426,793,4284
1,1,14,427,759,4282
1,1,14,428,754,4347
1,1,14,429,698,4313
1,1,14,430,714,4410
1,1,14,431,676,4321
1,1,14,432,651,4401
1,1,14,433,679,4390
1,1,14,434,639,4397
1,1,14,435,628,4473
1,1,14,436,596,4432
1,1,14,437,601,4488
1,1,14,438,527,4463
1,1,14,439,536,4538
1,1,14,440,514,4480
1,1,14,441,481,4517
1,1,14,442,532,4561
1,1,14,443,459,4513
1,1,14,444,462,4605
1,1,14,445,409,4571
1,1,14,446,452,4585
1,1,14,447,441,4563
1,1,14,448,394,4612
1,1,14,449,381,4635
1,1,14,450,366,4603
1,1,14,451,355,4697
1,1,14,452,317,4598
1,1,14,453,344,4692
1,1,14,454,309,4663
1,1,14,455,276,4704
1,1,14,456,271,4706
1,1,14,457,252,4695
1,1,14,458,222,4772
1,1,14,459,210,4717
1,1,14,460,175,4806
1,1,14,461,109,4745
1,1,14,462,123,4814
1,1,14,463,103,4803
1,1,14,464,88,4778
1,1,14,465,87,4841
1,1,14,466,46,4815
1,1,14,467,79,4874
1,1,14,468,46,4814
1,1,14,469,44,4874
1,1,14,470,12,4819
1,1,14,471,28,4862
1,1,14,472,-2,4869
1,1,14,473,-51,4846
1,1,14,474,-36,4949
1,1,14,475,-98,4894
1,1,14,476,-85,4952
1,1,14,477,-117,4918
1,1,14,478,-166,4953
1,1,14,479,-212,4982
1,1,14,480,-230,4991
1,1,14,481,-199,5024
1,1,14,482,-240,4956
1,1,14,483,-224,5082
1,1,14,484,-267,4978
1,1,14,485,-287,5040
1,1,14,486,-265,5046
1,1,14,487,-340,5052
1,1,14,488,-344,5114
1,1,14,489,-382,5069
1,1,14,490,-381,5147
1,1,14,491,-401,5059
1,1,14,492,-380,5135
1,1,14,493,-443,5083
1,1,14,494,-449,5118
1,1,14,495,-450,5178
1,1,14,496,-463,5082
1,1,14,497,-453,5178
1,1,14,498,-482,5127
1,1,14,499,-509,5195
1,1,14,500,-534,5150
1,1,14,501,-553,5201
1,1,14,502,-584,5199
1,1,14,503,-607,5202
1,1,14,504,-638,5307
1,1,14,505,-663,5210
1,1,14,506,-610,5282
1,1,14,507,-637,5214
1,1,14,508,-697,5269
1,1,14,509,-715,5281
1,1,14,510,-717,5277
1,1,14,511,-729,5318
1,1,15,0,2079,-553
1,1,15,1,2058,-526
1,1,15,2,2101,-529
1,1,15,3,2088,-520
1,1,15,4,2114,-523
1,1,15,5,2100,-511
1,1,15,6,2124,-511
1,1,15,7,2104,-486
1,1,15,8,2116,-480
1,1,15,9,2142,-484
1,1,15,10,2113,-468
1,1,15,11,2159,-480
1,1,15,12,2132,-450
1,1,15,13,2165,-432
1,1,15,14,2155,-410
1,1,15,15,2166,-399
1,1,15,16,2178,-409
1,1,15,17,2164,-386
1,1,15,18,2199,-384
1,1,15,19,2161,-355
1,1,15,20,2223,-346
1,1,15,21,2175,-311
1,1,15,22,2203,-329
1,1,15,23,2197,-317
1,1,15,24,2182,-295
1,1,15,25,2225,-321
1,1,15,26,2190,-298
1,1,15,27,2225,-275
1,1,15,28,2193,-269
1,1,15,29,2218,-276
1,1,15,30,2202,-254
1,1,15,31,2217,-258
1,1,15,32,2215,-259
1,1,15,33,2193,-241
1,1,15,34,2249,-252
1,1,15,35,2191,-209
1,1,15,36,2234,-218
1,1,15,37,2212,-202
1,1,15,38,2218,-185
1,1,15,39,2233,-184
1,1,15,40,2214,-161
1,1,15,41,2246,-159
1,1,15,42,2209,-137
1,1,15,43,2259,-144
1,1,15,44,2204,-127
1,1,15,45,2230,-109
1,1,15,46,2241,-120
1,1,15,47,2221,-109
1,1,15,48,2255,-106
1,1,15,49,2228,-97
1,1,15,50,2254,-96
1,1,15,51,2213,-93
1,1,15,52,2249,-79
1,1,15,53,2218,-60
1,1,15,54,2240,-55
1,1,15,55,2247,-44
1,1,15,56,2219,-35
1,1,15,57,2267,-44
1,1,15,58,2232,-23
1,1,15,59,2255,-31
1,1,15,60,2240,-17
1,1,15,61,2242,5
1,1,15,62,2248,13
1,1,15,63,2242,14
1,1,15,64,2268,14
1,1,15,65,2223,29
1,1,15,66,2287,14
1,1,15,67,2226,29
1,1,15,68,2253,37
1,1,15,69,2249,27
1,1,15,70,2255,50
1,1,15,71,2277,56
1,1,15,72,2251,69
1,1,15,73,2284,73
1,1,15,74,2241,89
1,1,15,75,2294,89
1,1,15,76,2261,115
1,1,15,77,2264,111
1,1,15,78,2286,113
1,1,15,79,2265,122
1,1,15,80,2303,127
1,1,15,81,2280,155
1,1,15,82,2312,172
1,1,15,83,2276,165
1,1,15,84,2291,175
1,1,15,85,2282,179
1,1,15,86,2281,196
1,1,15,87,2318,199
1,1,15,88,2271,227
1,1,15,89,2326,218
1,1,15,90,2293,227
1,1,15,91,2309,243
1,1,15,92,2304,232
1,1,15,93,2295,247
1,1,15,94,2312,259
1,1,15,95,2280,280
1,1,15,96,2339,287
1,1,15,97,2284,309
1,1,15,98,2332,312
1,1,15,99,2288,320
1,1,15,100,2284,321
1,1,15,101,2320,321
1,1,15,102,2281,339
1,1,15,103,2322,338
1,1,15,104,2282,360
1,1,15,105,2321,367
1,1,15,106,2282,377
1,1,15,107,2311,389
1,1,15,108,2285,410
1,1,15,109,2259,427
1,1,15,110,2318,414
1,1,15,111,2270,424
1,1,15,112,2306,430
1,1,15,113,2262,445
1,1,15,114,2284,451
1,1,15,115,2272,469
1,1,15,116,2276,464
1,1,15,117,2286,468
1,1,15,118,2254,476
1,1,15,119,2303,499
1,1,15,120,2236,505
1,1,15,121,2283,516
1,1,15,122,2258,510
1,1,15,123,2257,528
1,1,15,124,2271,531
1,1,15,125,2254,531
1,1,15,126,2276,540
1,1,15,127,2239,546
1,1,15,128,2288,558
1,1,15,129,2232,555
1,1,15,130,2265,560
1,1,15,131,2261,566
1,1,15,132,2234,577
1,1,15,133,2267,591
1,1,15,134,2237,588
1,1,15,135,2277,597
1,1,15,136,2235,601
1,1,15,137,2270,615
1,1,15,138,2242,619
1,1,15,139,2257,625
1,1,15,140,2263,639
1,1,15,141,2212,642
1,1,15,142,2271,652
1,1,15,143,2245,662
1,1,15,144,2274,669
1,1,15,145,2247,667
1,1,15,146,2259,674
1,1,15,147,2255,662
1,1,15,148,2240,668
1,1,15,149,2276,682
1,1,15,150,2224,685
1,1,15,151,2283,692
1,1,15,152,2239,705
1,1,15,153,2254,706
1,1,15,154,2258,707
1,1,15,155,2255,720
1,1,15,156,2277,735
1,1,15,157,2246,727
1,1,15,158,2280,739
1,1,15,159,2243,739
1,1,15,160,2288,755
1,1,15,161,2259,754
1,1,15,162,2256,761
1,1,15,163,2297,776
1,1,15,164,2266,784
1,1,15,165,2303,801
1,1,15,166,2275,785
1,1,15,167,2298,811
1,1,15,168,2282,814
1,1,15,169,2289,817
1,1,15,170,2292,813
1,1,15,171,2284,824
1,1,15,172,2322,842
1,1,15,173,2271,833
1,1,15,174,2309,844
1,1,15,175,2286,845
1,1,15,176,2309,856
1,1,15,177,2308,867
1,1,15,178,2307,866
1,1,15,179,2320,870
1,1,15,180,2291,869
1,1,15,181,2354,899
1,1,15,182,2299,895
1,1,15,183,2339,907
1,1,15,184,2331,918
1,1,15,185,2321,917
1,1,15,186,2353,922
1,1,15,187,2337,925
1,1,15,188,2363,940
1,1,15,189,2339,953
1,1,15,190,2380,970
1,1,15,191,2344,963
1,1,15,192,2371,972
1,1,15,193,2374,984
1,1,15,194,2351,982
1,1,15,195,2388,993
1,1,15,196,2372,1011
1,1,15,197,2415,1024
1,1,15,198,2382,1023
1,1,15,199,2405,1039
1,1,15,200,2399,1037
1,1,15,201,2400,1050
1,1,15,202,2421,1079
1,1,15,203,2402,1090
1,1,15,204,2456,1094
1,1,15,205,2400,1105
1,1,15,206,2434,1130
1,1,15,207,2430,1142
1,1,15,208,2429,1158
1,1,15,209,2448,1157
1,1,15,210,2431,1176
1,1,15,211,2471,1213
1,1,15,212,2429,1196
1,1,15,213,2480,1216
1,1,15,214,2426,1206
1,1,15,215,2449,1233
1,1,15,216,2467,1244
1,1,15,217,2435,1246
1,1,15,218,2476,1261
1,1,15,219,2452,1285
1,1,15,220,2478,1315
1,1,15,221,2445,1305
1,1,15,222,2471,1321
1,1,15,223,2446,1319
1,1,15,224,2450,1335
1,1,15,225,2481,1368
1,1,15,226,2429,1375
1,1,15,227,2494,1415
1,1,15,228,2447,1411
1,1,15,229,2468,1424
1,1,15,230,2451,1410
1,1,15,231,2450,1446
1,1,15,232,2464,1439
1,1,15,233,2437,1449
1,1,15,234,2481,1479
1,1,15,235,2419,1483
1,1,15,236,2480,1500
1,1,15,237,2445,1507
1,1,15,238,2440,1541
1,1,15,239,2464,1546
1,1,15,240,2437,1572
1,1,15,241,2463,1613
1,1,15,242,2424,1622
1,1,15,243,2460,1648
1,1,15,244,2416,1637
1,1,15,245,2454,1650
1,1,15,246,2432,1645
1,1,15,247,2412,1657
1,1,15,248,2460,1685
1,1,15,249,2419,1688
1,1,15,250,2455,1721
1,1,15,251,2419,1713
1,1,15,252,2442,1703
1,1,15,253,2416,1705
1,1,15,254,2425,1754
1,1,15,255,2432,1773
1,1,15,256,2395,1775
1,1,15,257,2455,1788
1,1,15,258,2389,1773
1,1,15,259,2420,1830
1,1,15,260,2408,1846
1,1,15,261,2412,1851
1,1,15,262,2415,1867
1,1,15,263,2387,1900
1,1,15,264,2417,1918
1,1,15,265,2368,1921
1,1,15,266,2416,1957
1,1,15,267,2364,1942
1,1,15,268,2394,1964
1,1,15,269,2397,1978
1,1,15,270,2367,1990
1,1,15,271,2399,2034
1,1,15,272,2363,2034
1,1,15,273,2402,2058
1,1,15,274,2362,2049
1,1,15,275,2388,2040
1,1,15,276,2364,2057
1,1,15,277,2364,2077
1,1,15,278,2377,2136
1,1,15,279,2316,2152
1,1,15,280,2382,2168
1,1,15,281,2338,2162
1,1,15,282,2362,2186
1,1,15,283,2334,2185
1,1,15,284,2332,2216
1,1,15,285,2337,2221
1,1,15,286,2319,2224
1,1,15,287,2361,2255
1,1,15,288,2284,2247
1,1,15,289,2347,2287
1,1,15,290,2284,2276
1,1,15,291,2298,2291
1,1,15,292,2294,2334
1,1,15,293,2263,2374
1,1,15,294,2303,2386
1,1,15,295,2256,2385
1,1,15,296,2284,2427
1,1,15,297,2229,2416
1,1,15,298,2288,2429
1,1,15,299,2236,2443
1,1,15,300,2231,2460
1,1,15,301,2267,2481
1,1,15,302,2212,2485
1,1,15,303,2247,2535
1,1,15,304,2205,2520
1,1,15,305,2234,2541
1,1,15,306,2181,2545
1,1,15,307,2194,2597
1,1,15,308,2167,2610
1,1,15,309,2127,2619
1,1,15,310,2193,2667
1,1,15,311,2100,2660
1,1,15,312,2151,2699
1,1,15,313,2113,2692
1,1,15,314,2117,2729
1,1,15,315,2116,2722
1,1,15,316,2095,2739
1,1,15,317,2109,2761
1,1,15,318,2061,2749
1,1,15,319,2106,2805
1,1,15,320,2021,2790
1,1,15,321,2040,2830
1,1,15,322,2054,2812
1,1,15,323,2042,2816
1,1,15,324,2050,2846
1,1,15,325,1995,2868
1,1,15,326,2024,2889
1,1,15,327,1979,2868
1,1,15,328,2015,2932
1,1,15,329,1950,2904
1,1,15,330,1965,2942
1,1,15,331,1966,2955
1,1,15,332,1899,2940
1,1,15,333,1950,2995
1,1,15,334,1888,3003
1,1,15,335,1920,3051
1,1,15,336,1861,3036
1,1,15,337,1884,3060
1,1,15,338,1875,3042
1,1,15,339,1882,3046
1,1,15,340,1902,3081
1,1,15,341,1825,3074
1,1,15,342,1883,3133
1,1,15,343,1822,3113
1,1,15,344,1830,3152
1,1,15,345,1841,3130
1,1,15,346,1813,3176
1,1,15,347,1823,3199
1,1,15,348,1789,3188
1,1,15,349,1817,3238
1,1,15,350,1742,3223
1,1,15,351,1799,3272
1,1,15,352,1733,3254
1,1,15,353,1734,3270
1,1,15,354,1745,3299
1,1,15,355,1698,3322
1,1,15,356,1717,3380
1,1,15,357,1688,3334
1,1,15,358,1718,3385
1,1,15,359,1663,3364
1,1,15,360,1690,3406
1,1,15,361,1675,3389
1,1,15,362,1631,3397
1,1,15,363,1672,3445
1,1,15,364,1606,3452
1,1,15,365,1630,3501
1,1,15,366,1596,3471
1,1,15,367,1592,3507
1,1,15,368,1566,3495
1,1,15,369,1566,3519
1,1,15,370,1571,3546
1,1,15,371,1505,3544
1,1,15,372,1571,3613
1,1,15,373,1492,3548
1,1,15,374,1487,3643
1,1,15,375,1475,3620
1,1,15,376,1446,3643
1,1,15,377,1459,3655
1,1,15,378,1424,3671
1,1,15,379,1437,3730
1,1,15,380,1385,3674
1,1,15,381,1428,3747
1,1,15,382,1362,3702
1,1,15,383,1341,3759
1,1,15,384,1356,3773
1,1,15,385,1294,3774
1,1,15,386,1327,3820
1,1,15,387,1286,3794
1,1,15,388,1301,3846
1,1,15,389,1272,3793
1,1,15,390,1264,3866
1,1,15,391,1233,3843
1,1,15,392,1229,3858
1,1,15,393,1234,3904
1,1,15,394,1166,3857
1,1,15,395,1206,3932
1,1,15,396,1160,3900
1,1,15,397,1158,3958
1,1,15,398,1130,3926
1,1,15,399,1131,3957
1,1,15,400,1119,3971
1,1,15,401,1088,3959
1,1,15,402,1110,4034
1,1,15,403,1036,3973
1,1,15,404,1069,4039
1,1,15,405,1059,3991
1,1,15,406,1016,4034
1,1,15,407,1002,4070
1,1,15,408,980,4058
1,1,15,409,981,4117
1,1,15,410,973,4045
1,1,15,411,986,4126
1,1,15,412,941,4064
1,1,15,413,950,4150
1,1,15,414,921,4122
1,1,15,415,872,4133
1,1,15,416,898,4194
1,1,15,417,875,4165
1,1,15,418,877,4240
1,1,15,419,860,4178
1,1,15,420,861,4232
1,1,15,421,824,4208
1,1,15,422,817,4250
1,1,15,423,793,4287
1,1,15,424,742,4269
1,1,15,425,806,4322
1,1,15,426,748,4264
1,1,15,427,773,4313
1,1,15,428,745,4296
1,1,15,429,689,4365
1,1,15,430,682,4381
1,1,15,431,662,4374
1,1,15,432,689,4408
1,1,15,433,676,4342
1,1,15,434,691,4431
1,1,15,435,619,4375
1,1,15,436,601,4446
1,1,15,437,607,4450
1,1,15,438,559,4455
1,1,15,439,587,4490
1,1,15,440,555,4475
1,1,15,441,540,4525
1,1,15,442,496,4478
1,1,15,443,496,4576
1,1,15,444,442,4532
1,1,15,445,447,4562
1,1,15,446,459,4594
1,1,15,447,425,4530
1,1,15,448,427,4630
1,1,15,449,380,4602
1,1,15,450,398,4650
1,1,15,451,365,4608
1,1,15,452,325,4673
1,1,15,453,329,4650
1,1,15,454,316,4641
1,1,15,455,292,4737
1,1,15,456,210,4675
1,1,15,457,253,4751
1,1,15,458,219,4726
1,1,15,459,219,4745
1,1,15,460,197,4735
1,1,15,461,145,4781
1,1,15,462,123,4816
1,1,15,463,106,4764
1,1,15,464,108,4868
1,1,15,465,56,4774
1,1,15,466,73,4858
1,1,15,467,21,4864
1,1,15,468,-8,4852
1,1,15,469,23,4880
1,1,15,470,-31,4861
1,1,15,471,-6,4910
1,1,15,472,-34,4842
1,1,15,473,-31,4936
1,1,15,474,-47,4852
1,1,15,475,-77,4934
1,1,15,476,-130,4951
1,1,15,477,-147,4894
1,1,15,478,-112,4985
1,1,15,479,-163,4940
1,1,15,480,-143,5002
1,1,15,481,-188,4963
1,1,15,482,-234,5018
1,1,15,483,-253,5004
1,1,15,484,-288,5028
1,1,15,485,-281,5054
1,1,15,486,-320,4980
1,1,15,487,-285,5085
1,1,15,488,-333,5013
1,1,15,489,-342,5069
1,1,15,490,-366,5056
1,1,15,491,-388,5084
1,1,15,492,-392,5115
1,1,15,493,-416,5098
1,1,15,494,-445,5173
1,1,15,495,-478,5098
1,1,15,496,-455,5191
1,1,15,497,-506,5120
1,1,15,498,-510,5135
1,1,15,499,-502,5183
1,1,15,500,-562,5178
1,1,15,501,-579,5242
1,1,15,502,-615,5205
1,1,15,503,-637,5280
1,1,15,504,-644,5191
1,1,15,505,-643,5285
1,1,15,506,-644,5219
1,1,15,507,-676,5229
1,1,15,508,-686,5316
1,1,15,509,-687,5212
1,1,15,510,-729,5331
1,1,15,511,-797,5307
